id,source,ooredoo_id,name,type,type_label_fr,type_label_ar,address,wilaya,wilaya_ar,wilaya_code,commune,commune_code,operator_wilaya,lat,lng,geo_precision
01-001,ooredoo.dz,1422838,ESO001016,ESO,Espace Services Ooredoo,فضاء خدمات أوريدو,ANGEL RUE DU COLONNEL HAMRI N°122 BIS ET EXE RUE SALAH EDDINE EL AYOUBI N°30 JEUNE MASNI LOCAL 04,Adrar,أدرار,01,Adrar,101,Adrar,27.8698,-0.307875,exact
01-002,ooredoo.dz,1467511,EO ADRAR,EO,Espace Ooredoo,فضاء أوريدو,37 R Mohamed Ben Maamer - Adrar,Adrar,أدرار,01,Adrar,101,Adrar,27.8722,-0.284418,exact
02-001,ooredoo.dz,1422842,EO CHETTIA,EO,Espace Ooredoo,فضاء أوريدو,CHETTIA,Chlef,الشلف,02,Ouled Fares,210,Chlef,36.1966,1.26022,exact
02-002,ooredoo.dz,1422844,ESO000326,ESO,Espace Services Ooredoo,فضاء خدمات أوريدو,CTE. BEN SOUNA N113,Chlef,الشلف,02,Chlef,201,Chlef,36.1611,1.31972,exact
02-003,ooredoo.dz,1422846,ESO000379,ESO,Espace Services Ooredoo,فضاء خدمات أوريدو,CTE. CHERIFI KADOUR,Chlef,الشلف,02,Chlef,201,Chlef,36.1625,1.3326,exact
02-004,ooredoo.dz,1422848,ESO000410,ESO,Espace Services Ooredoo,فضاء خدمات أوريدو,CTE. BEN SOUNA 306 LOGTS BAT F N25,Chlef,الشلف,02,Chlef,201,Chlef,36.1625,1.31848,exact
02-005,ooredoo.dz,1422850,ESO000549,ESO,Espace Services Ooredoo,فضاء خدمات أوريدو,LOCAL 2 CITE CHORFA LETTRE H,Chlef,الشلف,02,Chlef,201,Chlef,36.1658,1.33306,exact
02-006,ooredoo.dz,1422852,ESO000566,ESO,Espace Services Ooredoo,فضاء خدمات أوريدو,CTE. ABBES EL HADJ,Chlef,الشلف,02,Bouzeghaia,231,Chlef,36.3256,1.13789,exact
02-007,ooredoo.dz,1422854,ESO000690,ESO,Espace Services Ooredoo,فضاء خدمات أوريدو,CTE.DU MARTYRE HADJ HENNI  N°1 Bis,Chlef,الشلف,02,Taougrit,206,Chlef,36.2475,0.923056,exact
02-008,ooredoo.dz,1422856,ESO000339,ESO,Espace Services Ooredoo,فضاء خدمات أوريدو,COOP IMMOB MARTYRE BOUAISSA,Chlef,الشلف,02,Ouled Fares,210,Chlef,36.2328,1.23389,exact
02-009,ooredoo.dz,1422858,ESO000560,ESO,Espace Services Ooredoo,فضاء خدمات أوريدو,R. AMIR ABDELKADER,Chlef,الشلف,02,Sidi Akkacha,211,Chlef,36.4628,1.30306,exact
02-010,ooredoo.dz,1422860,ESO000338,ESO,Espace Services Ooredoo,فضاء خدمات أوريدو,RTE. NAT N4 BOUKADIR CTRE,Chlef,الشلف,02,Boukadir,212,Chlef,36.0647,1.12556,exact
02-011,ooredoo.dz,1422862,ESO000540,ESO,Espace Services Ooredoo,فضاء خدمات أوريدو,CTE. El Mahata N°01B,Chlef,الشلف,02,Oued Sly,221,Chlef,36.1003,1.20306,exact
02-012,ooredoo.dz,1422864,ESO000807,ESO,Espace Services Ooredoo,فضاء خدمات أوريدو,LOTISSEMENT SOCIAL N°96 L,Chlef,الشلف,02,Abou El Hassane,222,Chlef,36.4173,1.19677,exact
02-013,ooredoo.dz,1425533,ESO000124,ESO,Espace Services Ooredoo,فضاء خدمات أوريدو,RTE. NAT N04 N10,Chlef,الشلف,02,Oued Fodda,229,Chlef,36.1886,1.53361,exact
02-014,ooredoo.dz,1425535,ESO000553,ESO,Espace Services Ooredoo,فضاء خدمات أوريدو,ZONE N°05 LOCAL N°557,Chlef,الشلف,02,Ouled Fares,210,Chlef,36.1975,1.25583,exact
02-015,ooredoo.dz,1425537,ESO000758,ESO,Espace Services Ooredoo,فضاء خدمات أوريدو,CTE. Abdelhamid Ben Badis n 61,Chlef,الشلف,02,Ouled Ben Abdelkader,230,Chlef,36.0261,1.27529,exact
02-016,ooredoo.dz,1467348,CSO TENES,CSO,City Shop Ooredoo,متجر أوريدو,A coté du CEM Mohamed Mahfoud Ben Mouna Tenes,Chlef,الشلف,02,Tenes,202,Chlef,36.5078,1.30806,exact
02-017,ooredoo.dz,1467365,ESO000372,ESO,Espace Services Ooredoo,فضاء خدمات أوريدو,LOT COMMUNAL N178 CENTRE,Chlef,الشلف,02,Ain Merane,232,Chlef,36.1619,0.972197,exact
02-018,ooredoo.dz,1467416,ESO000068,ESO,Espace Services Ooredoo,فضاء خدمات أوريدو,26 R. DE LA REVOLUTION,Chlef,الشلف,02,Tenes,202,Chlef,36.5108,1.30694,exact
02-019,ooredoo.dz,1467421,ESO000629,ESO,Espace Services Ooredoo,فضاء خدمات أوريدو,R. DE L'IDEPENDANCE N°02,Chlef,الشلف,02,Tenes,202,Chlef,36.5125,1.30786,exact
02-020,ooredoo.dz,1467514,EO CHLEF,EO,Espace Ooredoo,فضاء أوريدو,"21, Bd Emir Abdel Kader - Ctre - CHLEF",Chlef,الشلف,02,Chlef,201,Chlef,36.1664,1.33679,exact
03-001,ooredoo.dz,1422870,ESO000724,ESO,Espace Services Ooredoo,فضاء خدمات أوريدو,Coop N°81 Lot N°152 cité Maamourah Bat N°11,Laghouat,الأغواط,03,Laghouat,301,Laghouat,33.7896,2.86073,exact
03-002,ooredoo.dz,1467517,EO LAGHOUAT 2 AL MAAMOURA,EO,Espace Ooredoo,فضاء أوريدو,Rue Bouamer El Maamoura – Laghouat,Laghouat,الأغواط,03,Laghouat,301,Laghouat,33.8058,2.85472,exact
04-001,ooredoo.dz,1422872,EO OUM EL BOUAGHI,EO,Espace Ooredoo,فضاء أوريدو,OUM EL BOUAGHI,Oum El Bouaghi,أم البواقي,04,Oum El Bouaghi,401,Oum Bouaghi,35.8752,7.1191,exact
04-002,ooredoo.dz,1422874,EO AIN BEIDA,EO,Espace Ooredoo,فضاء أوريدو,AIN BEIDA,Oum El Bouaghi,أم البواقي,04,Ain Beida,402,Oum Bouaghi,35.7977,7.38831,exact
04-003,ooredoo.dz,1422876,EO AIN MLILA,EO,Espace Ooredoo,فضاء أوريدو,AIN MLILA,Oum El Bouaghi,أم البواقي,04,Ain M'lila,403,Oum Bouaghi,36.0381,6.57056,exact
04-004,ooredoo.dz,1422878,ESO000752,ESO,Espace Services Ooredoo,فضاء خدمات أوريدو,RUE BOUAZIZ SAADI COOP 63 LOT 67,Oum El Bouaghi,أم البواقي,04,Oum El Bouaghi,401,Oum Bouaghi,35.8753,7.11917,exact
04-005,ooredoo.dz,1425538,ESO000543,ESO,Espace Services Ooredoo,فضاء خدمات أوريدو,CTE. El Amel,Oum El Bouaghi,أم البواقي,04,Berriche,409,Oum Bouaghi,35.7972,7.38083,exact
04-006,ooredoo.dz,1467367,ESO000471,ESO,Espace Services Ooredoo,فضاء خدمات أوريدو,CTE. 30 LOGTS,Oum El Bouaghi,أم البواقي,04,Ain Fekroun,425,Oum Bouaghi,35.9714,6.87639,exact
04-007,ooredoo.dz,1467423,ESO000587,ESO,Espace Services Ooredoo,فضاء خدمات أوريدو,48 logts Social Participatif et 28 local commercial RDC BAT 02,Oum El Bouaghi,أم البواقي,04,Ain Fekroun,425,Oum Bouaghi,35.9779,6.87353,exact
04-008,ooredoo.dz,1467827,ESO001009,ESO,Espace Services Ooredoo,فضاء خدمات أوريدو,a cote du CEM BELAABED MOHAMED EL DJILALI  centre urbain,Oum El Bouaghi,أم البواقي,04,Ain M'lila,403,Oum Bouaghi,36.0533,6.57406,exact
05-001,ooredoo.dz,1422884,EO BATNA BOUAKAL,EO,Espace Ooredoo,فضاء أوريدو,BATNA,Batna,باتنة,05,Batna,501,Batna,35.5379,6.17183,exact
05-002,ooredoo.dz,1422886,ESO000642,ESO,Espace Services Ooredoo,فضاء خدمات أوريدو,R. ALI NEMR,Batna,باتنة,05,Batna,501,Batna,35.5565,6.17646,exact
05-003,ooredoo.dz,1422888,ESO000691,ESO,Espace Services Ooredoo,فضاء خدمات أوريدو,BOUZOURANE CITE 1000 LOGTS  BAT 13,Batna,باتنة,05,Batna,501,Batna,35.5516,6.17586,exact
05-004,ooredoo.dz,1422890,ESO000786,ESO,Espace Services Ooredoo,فضاء خدمات أوريدو,126 Logts Esaada station el RASD ZONE d'habitation urbaine nouvelle N°2 Bat A N°2,Batna,باتنة,05,Batna,501,Batna,35.543,6.15956,exact
05-005,ooredoo.dz,1422894,ESO000621,ESO,Espace Services Ooredoo,فضاء خدمات أوريدو,RUE EL CHAHID DJEZAR HAMMOU,Batna,باتنة,05,Oued El Ma,533,Batna,35.645,5.99427,exact
05-006,ooredoo.dz,1425541,ESO000785,ESO,Espace Services Ooredoo,فضاء خدمات أوريدو,R. PRINCIPALE CENTRE VILLE,Batna,باتنة,05,Ras El Aioun,551,Batna,35.6749,5.65339,exact
05-007,ooredoo.dz,1467350,CSO AIN TOUTA,CSO,City Shop Ooredoo,متجر أوريدو,Centre Ville,Batna,باتنة,05,Ain Touta,545,Batna,35.3775,5.89278,exact
05-008,ooredoo.dz,1467425,ESO000643,ESO,Espace Services Ooredoo,فضاء خدمات أوريدو,11 R. EL HACHEMI ABDELHAK CITE 250 LOGTS,Batna,باتنة,05,Ain Touta,545,Batna,35.3748,5.90788,exact
05-009,ooredoo.dz,1467518,EO BATNA,EO,Espace Ooredoo,فضاء أوريدو,"Cité Chikhi , en face route de Biskra N 90 - Batna.",Batna,باتنة,05,Batna,501,Batna,35.5486,6.17213,exact
05-010,ooredoo.dz,1467831,ESO000189,ESO,Espace Services Ooredoo,فضاء خدمات أوريدو,RTE. SETIF,Batna,باتنة,05,N Gaous,509,Batna,35.5561,5.61083,exact
06-001,ooredoo.dz,1422898,ESO000181,ESO,Espace Services Ooredoo,فضاء خدمات أوريدو,CTE. 80 LOGTS BT H N03,Béjaïa,بجاية,06,Aokas,622,Bejaia,36.6392,5.24194,exact
06-002,ooredoo.dz,1422900,ESO000792,ESO,Espace Services Ooredoo,فضاء خدمات أوريدو,Bat ADEKAR,Béjaïa,بجاية,06,Adekar,624,Bejaia,36.6941,4.67164,exact
06-003,ooredoo.dz,1422904,CSO TAZMALT,CSO,City Shop Ooredoo,متجر أوريدو,Place ex cinema Tazmelt,Béjaïa,بجاية,06,Tazmalt,627,Bejaia,36.3856,4.40056,exact
06-004,ooredoo.dz,1422906,ESO000504,ESO,Espace Services Ooredoo,فضاء خدمات أوريدو,BARBACHA CENTRE,Béjaïa,بجاية,06,Barbacha,634,Bejaia,36.5744,4.96611,exact
06-005,ooredoo.dz,1422908,ESO000815,ESO,Espace Services Ooredoo,فضاء خدمات أوريدو,"IGHZER AMOKRANE ,OUZELLAGUEN CENTRE",Béjaïa,بجاية,06,Ouzellaguen,636,Bejaia,36.5396,4.6108,exact
06-006,ooredoo.dz,1422910,CSO EL KSEUR,CSO,City Shop Ooredoo,متجر أوريدو,A Côté de la salle de soins à Berchiche,Béjaïa,بجاية,06,El Kseur,640,Bejaia,36.6886,4.85528,exact
06-007,ooredoo.dz,1422912,ESO000046,ESO,Espace Services Ooredoo,فضاء خدمات أوريدو,10 R. BOUNEDJDAMEN LAABI,Béjaïa,بجاية,06,El Kseur,640,Bejaia,36.6781,4.85194,exact
06-008,ooredoo.dz,1425507,EO KHERRATA,EO,Espace Ooredoo,فضاء أوريدو,Rte Nationale N 9 - KHERRATA,Béjaïa,بجاية,06,Kherrata,644,Bejaia,36.4914,5.27861,exact
06-009,ooredoo.dz,1425543,ESO000194,ESO,Espace Services Ooredoo,فضاء خدمات أوريدو,MELBOU CENTRE LOCAL N°1,Béjaïa,بجاية,06,Darguina,620,Bejaia,36.6408,5.36444,exact
06-010,ooredoo.dz,1425545,ESO000814,ESO,Espace Services Ooredoo,فضاء خدمات أوريدو,185 Logts LPA logts 27 centre Kherrata,Béjaïa,بجاية,06,Kherrata,644,Bejaia,36.4879,5.27999,exact
06-011,ooredoo.dz,1467335,EO BEJAIA 2,EO,Espace Ooredoo,فضاء أوريدو,"Route Ahmed BOUMEDA, Bejaia",Béjaïa,بجاية,06,Bejaia,601,Bejaia,36.7525,5.07361,exact
06-012,ooredoo.dz,1467353,CSO SIDI AICH,CSO,City Shop Ooredoo,متجر أوريدو,Avenue du 1 novembre 1954,Béjaïa,بجاية,06,Sidi-Aich,639,Bejaia,36.6121,4.68604,exact
06-013,ooredoo.dz,1467373,ESO000155,ESO,Espace Services Ooredoo,فضاء خدمات أوريدو,CTE. BEN SAID,Béjaïa,بجاية,06,Tizi-N'berber,649,Bejaia,36.6536,5.19056,exact
06-014,ooredoo.dz,1467375,ESO000415,ESO,Espace Services Ooredoo,فضاء خدمات أوريدو,SAMAOUN CENTRE,Béjaïa,بجاية,06,Smaoun,612,Bejaia,36.6078,4.82128,exact
06-015,ooredoo.dz,1467427,ESO000099,ESO,Espace Services Ooredoo,فضاء خدمات أوريدو,CITE TIMEZGHERLI,Béjaïa,بجاية,06,Sidi-Aich,639,Bejaia,36.6103,4.69083,exact
06-016,ooredoo.dz,1467430,ESO000184,ESO,Espace Services Ooredoo,فضاء خدمات أوريدو,14 RTE. DES AURES,Béjaïa,بجاية,06,Bejaia,601,Bejaia,36.75,5.06333,exact
06-017,ooredoo.dz,1467432,ESO000249,ESO,Espace Services Ooredoo,فضاء خدمات أوريدو,58 LOT ZERARA,Béjaïa,بجاية,06,Bejaia,601,Bejaia,36.7497,5.05556,exact
06-018,ooredoo.dz,1467435,ESO000277,ESO,Espace Services Ooredoo,فضاء خدمات أوريدو,AV. 1ER NOVEMBRE,Béjaïa,بجاية,06,Sidi-Aich,639,Bejaia,36.6122,4.68889,exact
06-019,ooredoo.dz,1467437,ESO000305,ESO,Espace Services Ooredoo,فضاء خدمات أوريدو,TICHY CTRE.,Béjaïa,بجاية,06,Tichy,611,Bejaia,36.6683,5.15806,exact
06-020,ooredoo.dz,1467438,ESO000426,ESO,Espace Services Ooredoo,فضاء خدمات أوريدو,CTE. 200 LOGTS IHADDADEN LOCAL N°B 286 BAT B 6,Béjaïa,بجاية,06,Bejaia,601,Bejaia,36.7408,5.045,exact
06-021,ooredoo.dz,1467441,ESO000496,ESO,Espace Services Ooredoo,فضاء خدمات أوريدو,CTE. SEGHIR 96 LOGT BAT D5 N°03,Béjaïa,بجاية,06,Bejaia,601,Bejaia,36.7494,5.05879,exact
06-022,ooredoo.dz,1467443,ESO000781,ESO,Espace Services Ooredoo,فضاء خدمات أوريدو,R. DES DOCKS copropriete N°2 LOT 12,Béjaïa,بجاية,06,Sidi-Aich,639,Bejaia,36.6136,4.68891,exact
06-023,ooredoo.dz,1467444,ESO000612,ESO,Espace Services Ooredoo,فضاء خدمات أوريدو,R. HASSIBA NEBOUALI RTE. DE L'UNIVERSITE,Béjaïa,بجاية,06,Bejaia,601,Bejaia,36.7472,5.04806,exact
06-024,ooredoo.dz,1467451,ESO000820,ESO,Espace Services Ooredoo,فضاء خدمات أوريدو,COMMUNE DE SEDRAIA,Béjaïa,بجاية,06,Bejaia,601,Bejaia,36.7478,5.04591,exact
06-025,ooredoo.dz,1467524,EO AKBOU,EO,Espace Ooredoo,فضاء أوريدو,R Aissat Idir Ghendouza - AKBOU,Béjaïa,بجاية,06,Akbou,625,Bejaia,36.4559,4.53574,exact
06-026,ooredoo.dz,1467608,CSO SEDDOUK,CSO,City Shop Ooredoo,متجر أوريدو,Rue Principale à coté de l’APC seddouk,Béjaïa,بجاية,06,Seddouk,626,Bejaia,36.5451,4.68683,exact
06-027,ooredoo.dz,1467611,CSO OUZELLAGUEN 2,CSO,City Shop Ooredoo,متجر أوريدو,Ouzelaguen Bejaia,Béjaïa,بجاية,06,Ouzellaguen,636,Bejaia,36.5405,4.6121,exact
06-028,ooredoo.dz,1467613,CSO BEJAIA,CSO,City Shop Ooredoo,متجر أوريدو,A côté du Centre Culturel,Béjaïa,بجاية,06,Amizour,602,Bejaia,36.6432,4.90374,exact
07-001,ooredoo.dz,1422920,ESO000191,ESO,Espace Services Ooredoo,فضاء خدمات أوريدو,06 CTE. 30 LOGTS BT02,Biskra,بسكرة,07,Tolga,721,Biskra,34.7314,5.38139,exact
07-002,ooredoo.dz,1422922,ESO000506,ESO,Espace Services Ooredoo,فضاء خدمات أوريدو,R. SI EL HAOUAS,Biskra,بسكرة,07,Tolga,721,Biskra,34.7292,5.38444,exact
07-003,ooredoo.dz,1422924,ESO000454,ESO,Espace Services Ooredoo,فضاء خدمات أوريدو,PLACE KHELLAL MOHAMED,Biskra,بسكرة,07,El Ghrous,731,Biskra,34.7056,5.28444,exact
07-004,ooredoo.dz,1467837,EO BISKRA,EO,Espace Ooredoo,فضاء أوريدو,N 11 ZAATCHA RDC COMMUNE Biskra,Biskra,بسكرة,07,Biskra,701,Biskra,34.8534,5.72476,exact
07-005,ooredoo.dz,1467847,ESO000507,ESO,Espace Services Ooredoo,فضاء خدمات أوريدو,R. HAKIM SADANE CITE EL MOUSSALA,Biskra,بسكرة,07,Biskra,701,Biskra,34.8417,5.73111,exact
07-006,ooredoo.dz,1467849,ESO000558,ESO,Espace Services Ooredoo,فضاء خدمات أوريدو,157 AVE. ZAATCHA,Biskra,بسكرة,07,Biskra,701,Biskra,34.8417,5.71444,exact
08-001,ooredoo.dz,1467377,ESO001018,ESO,Espace Services Ooredoo,فضاء خدمات أوريدو,Lotissement  52 coopropriete N°134 Lot N°2 local N°3,Béchar,بشار,08,Bechar,801,Bechar,31.597283,-2.227482,exact
09-001,ooredoo.dz,1422932,ESO000515,ESO,Espace Services Ooredoo,فضاء خدمات أوريدو,AVE AMMARA YOUCEF N°02,Blida,البليدة,09,Blida,901,Blida,36.4731,2.82417,exact
09-002,ooredoo.dz,1422934,ESO000613,ESO,Espace Services Ooredoo,فضاء خدمات أوريدو,R. YOUSFI ABDELKADER N°89,Blida,البليدة,09,Blida,901,Blida,36.4806,2.83917,exact
09-003,ooredoo.dz,1422936,ESO000614,ESO,Espace Services Ooredoo,فضاء خدمات أوريدو,CTE. TAKHTIT ZAABANA,Blida,البليدة,09,Bouarfa,920,Blida,36.4786,2.80389,exact
09-004,ooredoo.dz,1422938,ESO000706,ESO,Espace Services Ooredoo,فضاء خدمات أوريدو,"CTE Zabana N°3, Commune de Zabana , Wilaya de Blida",Blida,البليدة,09,Bouarfa,920,Blida,36.4783,2.80334,exact
09-005,ooredoo.dz,1422940,ESO000763,ESO,Espace Services Ooredoo,فضاء خدمات أوريدو,CENTRE AMROUSSA LOT 54 coopropriete 68,Blida,البليدة,09,Bouinan,903,Blida,36.5324,2.99505,exact
09-006,ooredoo.dz,1422942,ESO000114,ESO,Espace Services Ooredoo,فضاء خدمات أوريدو,R.31 NOVEMBRE,Blida,البليدة,09,Mouzaia,912,Blida,36.4667,2.68917,exact
09-007,ooredoo.dz,1422944,ESO000653,ESO,Espace Services Ooredoo,فضاء خدمات أوريدو,R. KOURIFA RABAH,Blida,البليدة,09,Meftah,914,Blida,36.6206,3.22222,exact
09-008,ooredoo.dz,1422946,ESO000632,ESO,Espace Services Ooredoo,فضاء خدمات أوريدو,RTE. DE BLIDA N°116,Blida,البليدة,09,Boufarik,916,Blida,36.5696,2.90219,exact
09-009,ooredoo.dz,1422948,ESO000726,ESO,Espace Services Ooredoo,فضاء خدمات أوريدو,R. Kebir Mohamed N°59 local N°1,Blida,البليدة,09,Larbaa,917,Blida,36.5669,3.15235,exact
09-010,ooredoo.dz,1422950,ESO000764,ESO,Espace Services Ooredoo,فضاء خدمات أوريدو,12 CTE .BELOUADI LOCAL N°3,Blida,البليدة,09,Larbaa,917,Blida,36.5976,3.13745,exact
09-011,ooredoo.dz,1422952,ESO001011,ESO,Espace Services Ooredoo,فضاء خدمات أوريدو,Local est située à cite frère Sahraoui N° 49 N° 01,Blida,البليدة,09,Larbaa,917,Blida,36.5958,3.18081,exact
09-012,ooredoo.dz,1422954,CSO BENI TAMOU,CSO,City Shop Ooredoo,متجر أوريدو,en face le centre culturel,Blida,البليدة,09,Beni-Tamou,919,Blida,36.5381,2.82306,exact
09-013,ooredoo.dz,1422956,CSO BENI MERED,CSO,City Shop Ooredoo,متجر أوريدو,A côté de la Biobliothèque en face le commissariat,Blida,البليدة,09,Beni Mered,921,Blida,36.5253,2.85927,exact
09-014,ooredoo.dz,1422958,ESO000350,ESO,Espace Services Ooredoo,فضاء خدمات أوريدو,06 RTE. OUED EL ALLEUIG,Blida,البليدة,09,Beni Mered,921,Blida,36.5264,2.85786,exact
09-015,ooredoo.dz,1422960,ESO000230,ESO,Espace Services Ooredoo,فضاء خدمات أوريدو,9 R. OUSSRIR MOHAMED,Blida,البليدة,09,Bougara,922,Blida,36.5422,3.08361,exact
09-016,ooredoo.dz,1422962,ESO000770,ESO,Espace Services Ooredoo,فضاء خدمات أوريدو,R.ABADE MOHAMED BOUGARA,Blida,البليدة,09,Bougara,922,Blida,36.5434,3.08619,exact
09-017,ooredoo.dz,1467355,CSO OULED YAICH,CSO,City Shop Ooredoo,متجر أوريدو,Place Rue Emir Abdelkader Ouled Aich - Blida,Blida,البليدة,09,Ouled Yaich,905,Blida,36.4967,2.86415,exact
09-018,ooredoo.dz,1467379,ESO000705,ESO,Espace Services Ooredoo,فضاء خدمات أوريدو,"Centre Ben Chabane local A , Commune de Ben Khellil , Wilaya de Blida",Blida,البليدة,09,Benkhelil,910,Blida,36.6222,2.8775,exact
09-019,ooredoo.dz,1467458,ESO000714,ESO,Espace Services Ooredoo,فضاء خدمات أوريدو,CTE 90 Logts bat 4 n° 12,Blida,البليدة,09,Guerrouaou,923,Blida,36.5194,2.87569,exact
09-020,ooredoo.dz,1467529,EO BOUFARIK,EO,Espace Ooredoo,فضاء أوريدو,R SOUIDANI Boudjemaa N° 12 Boufarik - Blida,Blida,البليدة,09,Boufarik,916,Blida,36.5738,2.91136,exact
09-021,ooredoo.dz,1467531,EO BLIDA,EO,Espace Ooredoo,فضاء أوريدو,124 Av Kritli Mokhtar - BLIDA,Blida,البليدة,09,Blida,901,Blida,36.4894,2.84121,exact
09-022,ooredoo.dz,1467535,EO LARBAA,EO,Espace Ooredoo,فضاء أوريدو,1 R des frères Sahraoui Larabaa - Blida,Blida,البليدة,09,Larbaa,917,Blida,36.5655,3.15445,exact
10-001,ooredoo.dz,1422966,ESO000024,ESO,Espace Services Ooredoo,فضاء خدمات أوريدو,CTE. SAYHA R. FATMA NSOUMER PROPRIETE N11 DIV N64,Bouira,البويرة,10,Bouira,1001,Bouira,36.3731,3.89833,exact
10-002,ooredoo.dz,1422968,ESO000162,ESO,Espace Services Ooredoo,فضاء خدمات أوريدو,CTE. 11 LOT N°4 LOCAL N°05,Bouira,البويرة,10,Bouira,1001,Bouira,36.3775,3.88833,exact
10-003,ooredoo.dz,1422970,ESO000637,ESO,Espace Services Ooredoo,فضاء خدمات أوريدو,NOUVELLE GARE ROUTIERE AIGOUN MOHAMED N° A 44,Bouira,البويرة,10,Bouira,1001,Bouira,36.3679,3.87134,exact
10-004,ooredoo.dz,1422972,ESO000636,ESO,Espace Services Ooredoo,فضاء خدمات أوريدو,R. NATIONALE N°05 COPROPRIÉTÉ N°01 LOT 22 LOCALE N°04 RDC,Bouira,البويرة,10,Lakhdaria,1013,Bouira,36.565,3.58986,exact
10-005,ooredoo.dz,1422974,ESO000716,ESO,Espace Services Ooredoo,فضاء خدمات أوريدو,LOCAL N°4 BECHLOUL CENTRE,Bouira,البويرة,10,Bechloul,1033,Bouira,36.3121,4.07441,exact
10-006,ooredoo.dz,1422976,ESO000355,ESO,Espace Services Ooredoo,فضاء خدمات أوريدو,R. COLONEL SI LAKHEDAR,Bouira,البويرة,10,Ain-Bessem,1035,Bouira,36.2952,3.67527,exact
10-007,ooredoo.dz,1467381,ESO000702,ESO,Espace Services Ooredoo,فضاء خدمات أوريدو,R. MAZANI MOKHTAR N°95,Bouira,البويرة,10,Sour El Ghozlane,1038,Bouira,36.1489,3.69067,exact
10-008,ooredoo.dz,1467533,EO BOUIRA,EO,Espace Ooredoo,فضاء أوريدو,"Ain Graouech, Div 86 Grp 25 - BOUIRA",Bouira,البويرة,10,Bouira,1001,Bouira,36.3713,3.89958,exact
11-001,ooredoo.dz,1467839,ESO000357,ESO,Espace Services Ooredoo,فضاء خدمات أوريدو,R. GUET EL OUED,Tamanrasset,تمنراست,11,Tamanrasset,1101,Tamanrasset,22.7856,5.51658,exact
11-002,ooredoo.dz,1467841,EO TAMANRASSET,EO,Espace Ooredoo,فضاء أوريدو,Legssar Elfougani - TAMANRASSET,Tamanrasset,تمنراست,11,Tamanrasset,1101,Tamanrasset,22.7878,5.52806,exact
12-001,ooredoo.dz,1422980,ESO000521,ESO,Espace Services Ooredoo,فضاء خدمات أوريدو,CTE. 04 MARS 1956,Tébessa,تبسة,12,Tebessa,1201,Tebessa,35.4011,8.10528,exact
12-002,ooredoo.dz,1422984,ESO000531,ESO,Espace Services Ooredoo,فضاء خدمات أوريدو,LOT COMMUNAL LE PLEIN AIR N°99,Tébessa,تبسة,12,Cheria,1203,Tebessa,35.2667,7.75,exact
12-003,ooredoo.dz,1422986,ESO000573,ESO,Espace Services Ooredoo,فضاء خدمات أوريدو,CTE. ZEGHLAMI  MOUSSI LOT 71 COPROPRIETE 97,Tébessa,تبسة,12,Bir Mokkadem,1210,Tebessa,35.4499,7.9511,exact
12-004,ooredoo.dz,1467384,ESO000470,ESO,Espace Services Ooredoo,فضاء خدمات أوريدو,CTE. EL BIADA NOUVELLE LOCAL N°2,Tébessa,تبسة,12,Ouenza,1219,Tebessa,35.9467,8.13389,exact
12-005,ooredoo.dz,1467537,EO TEBESSA,EO,Espace Ooredoo,فضاء أوريدو,"Cte APC 130/31, Local 4 - TEBESSA",Tébessa,تبسة,12,Tebessa,1201,Tebessa,35.4003,8.11639,exact
13-001,ooredoo.dz,1422988,EO TLEMCEN LMAMA,EO,Espace Ooredoo,فضاء أوريدو,MANSOURA,Tlemcen,تلمسان,13,Mansourah,1351,Tlemcen,34.8865,-1.33971,exact
13-002,ooredoo.dz,1422994,ESO000017,ESO,Espace Services Ooredoo,فضاء خدمات أوريدو,07 BD.  DOCTEUR DEMERDJI,Tlemcen,تلمسان,13,Tlemcen,1301,Tlemcen,34.8794,-1.31139,exact
13-003,ooredoo.dz,1422996,ESO000354,ESO,Espace Services Ooredoo,فضاء خدمات أوريدو,LOT N8 PROJET 144 LOGTS PARTICIP LOCAL 8 OUJLIDA,Tlemcen,تلمسان,13,Chetouane,1350,Tlemcen,34.9184,-1.32499,exact
13-004,ooredoo.dz,1422998,ESO000373,ESO,Espace Services Ooredoo,فضاء خدمات أوريدو,N 282 CTE. LES DAHLIAS KIFFANE LOCAL C,Tlemcen,تلمسان,13,Tlemcen,1301,Tlemcen,34.8938,-1.32866,exact
13-005,ooredoo.dz,1423000,ESO000421,ESO,Espace Services Ooredoo,فضاء خدمات أوريدو,R.SIDI BOUMEDIENE ARSET EL KEDI LOT 202 coop 26,Tlemcen,تلمسان,13,Tlemcen,1301,Tlemcen,34.8801,-1.30111,exact
13-006,ooredoo.dz,1423002,ESO000428,ESO,Espace Services Ooredoo,فضاء خدمات أوريدو,LOTS 03 RUE GAOUAR HOCINE CITE EL RAHIBA BAB EL DJIAD,Tlemcen,تلمسان,13,Tlemcen,1301,Tlemcen,34.8814,-1.30528,exact
13-007,ooredoo.dz,1423004,ESO000654,ESO,Espace Services Ooredoo,فضاء خدمات أوريدو,CTE. Sidi Chaker ave les freres Zerrouki N°12 lot 219 copropriete 55 lot 06,Tlemcen,تلمسان,13,Tlemcen,1301,Tlemcen,34.8752,-1.31203,exact
13-008,ooredoo.dz,1423006,ESO000778,ESO,Espace Services Ooredoo,فضاء خدمات أوريدو,EL KALAA SUPÉRIEURE LOCAL N°02,Tlemcen,تلمسان,13,Tlemcen,1301,Tlemcen,34.8704,-1.30807,exact
13-009,ooredoo.dz,1423008,ESO000514,ESO,Espace Services Ooredoo,فضاء خدمات أوريدو,ZELBOUN CENTRE,Tlemcen,تلمسان,13,Beni Mester,1302,Tlemcen,34.8506,-1.43528,exact
13-010,ooredoo.dz,1423010,CSO GHAZAOUET,CSO,City Shop Ooredoo,متجر أوريدو,Boulevard Sayeh Missoum en face la mosqué,Tlemcen,تلمسان,13,Ghazaouet,1307,Tlemcen,35.0994,-1.86056,exact
13-011,ooredoo.dz,1423012,ESO000491,ESO,Espace Services Ooredoo,فضاء خدمات أوريدو,LOCAL N°1 ROUTE DE TLEMCEN N°238,Tlemcen,تلمسان,13,Ouled Mimoun,1313,Tlemcen,34.9035,-1.03507,exact
13-012,ooredoo.dz,1423014,ESO000694,ESO,Espace Services Ooredoo,فضاء خدمات أوريدو,LOCAL N°2 CITE 5 JUILLET BAB ASSA TLEMCEN,Tlemcen,تلمسان,13,Bab El Assa,1318,Tlemcen,34.9664,-2.03116,exact
13-013,ooredoo.dz,1423016,ESO000610,ESO,Espace Services Ooredoo,فضاء خدمات أوريدو,LOCAL N01 TAFFESSERA AZAIL,Tlemcen,تلمسان,13,Azail,1321,Tlemcen,34.6806,-1.44472,exact
13-014,ooredoo.dz,1423018,ESO000611,ESO,Espace Services Ooredoo,فضاء خدمات أوريدو,CTE. DARI OUASSINE LOCAL N°01 LOT 193 COOPROPRIETE 89,Tlemcen,تلمسان,13,Maghnia,1327,Tlemcen,34.8511,-1.72889,exact
13-015,ooredoo.dz,1423020,ESO000689,ESO,Espace Services Ooredoo,فضاء خدمات أوريدو,LOCAL N°2 CITE DARI OUASSINI RDC LOT 141 COOP 73,Tlemcen,تلمسان,13,Maghnia,1327,Tlemcen,34.8541,-1.73468,exact
13-016,ooredoo.dz,1423022,ESO000456,ESO,Espace Services Ooredoo,فضاء خدمات أوريدو,SOUK FELLAH TOUNANE,Tlemcen,تلمسان,13,Souahlia,1329,Tlemcen,35.0417,-1.88944,exact
13-017,ooredoo.dz,1423024,ESO000667,ESO,Espace Services Ooredoo,فضاء خدمات أوريدو,R.N°25  CHAREF AHEMD ZITOUNI LOCAL N°01 TOUNANE,Tlemcen,تلمسان,13,Souahlia,1329,Tlemcen,35.0422,-1.88861,exact
13-018,ooredoo.dz,1423026,ESO000392,ESO,Espace Services Ooredoo,فضاء خدمات أوريدو,06 CTE BOUMEDDANE  MOHAMED RUE 08 MAI 1945,Tlemcen,تلمسان,13,Sebdou,1335,Tlemcen,34.6333,-1.33111,exact
13-019,ooredoo.dz,1423028,ESO000659,ESO,Espace Services Ooredoo,فضاء خدمات أوريدو,LOCAL N 2 Cite Chahid Hadj Lati Ahmed,Tlemcen,تلمسان,13,Sebdou,1335,Tlemcen,34.6483,-1.32333,exact
13-020,ooredoo.dz,1423030,ESO000364,ESO,Espace Services Ooredoo,فضاء خدمات أوريدو,SUD EST LOT HJIRETE MOUSAAD OU DAKIOUSSE,Tlemcen,تلمسان,13,Nedroma,1340,Tlemcen,35.0131,-1.74656,exact
13-021,ooredoo.dz,1423034,ESO000662,ESO,Espace Services Ooredoo,فضاء خدمات أوريدو,AIN DEFLA LOCAL N°01,Tlemcen,تلمسان,13,Chetouane,1350,Tlemcen,34.9128,-1.29175,exact
13-022,ooredoo.dz,1423036,ESO000315,ESO,Espace Services Ooredoo,فضاء خدمات أوريدو,CTE.1060 logts IMAMA bat 0 N°1,Tlemcen,تلمسان,13,Mansourah,1351,Tlemcen,34.8806,-1.34639,exact
13-023,ooredoo.dz,1467388,ESO000252,ESO,Espace Services Ooredoo,فضاء خدمات أوريدو,7 BD.  LA LIBERTE ET DES MARTYRES,Tlemcen,تلمسان,13,Hennaya,1326,Tlemcen,34.9522,-1.36639,exact
13-024,ooredoo.dz,1467539,EO TLEMCEN 2,EO,Espace Ooredoo,فضاء أوريدو,7 R Med Abdellaoui - Les Amandiers - TLEMCEN,Tlemcen,تلمسان,13,Tlemcen,1301,Tlemcen,34.8865,-1.32331,exact
13-025,ooredoo.dz,1467543,EO MAGHNIA,EO,Espace Ooredoo,فضاء أوريدو,Cité TAFNA N°4 Partie  208 Lotissement  N°36  MEGHNIA,Tlemcen,تلمسان,13,Maghnia,1327,Tlemcen,34.8503,-1.735,exact
13-026,ooredoo.dz,1467619,CSO CHETOUANE,CSO,City Shop Ooredoo,متجر أوريدو,Hay Chetouane a coté de l APC- Chettouane,Tlemcen,تلمسان,13,Chetouane,1350,Tlemcen,34.9208,-1.29222,exact
14-001,ooredoo.dz,1423040,ESO000393,ESO,Espace Services Ooredoo,فضاء خدمات أوريدو,105 BD BOUABDELLI BOUABDELLAH,Tiaret,تيارت,14,Tiaret,1401,Tiaret,35.3729,1.32075,exact
14-002,ooredoo.dz,1423042,ESO000607,ESO,Espace Services Ooredoo,فضاء خدمات أوريدو,464 LOT D/140 COOP FRERES BESSAGHIR CITE BELLE VUE,Tiaret,تيارت,14,Tiaret,1401,Tiaret,35.3754,1.31724,exact
14-003,ooredoo.dz,1423044,ESO000609,ESO,Espace Services Ooredoo,فضاء خدمات أوريدو,CTE. 500 LOG N°03 ROUTE SOUGHER LOT 37 LOGTS CITE MASSRI EL DJILALI,Tiaret,تيارت,14,Tiaret,1401,Tiaret,35.3649,1.31237,exact
14-004,ooredoo.dz,1423047,ESO000800,ESO,Espace Services Ooredoo,فضاء خدمات أوريدو,CTE. 630 Logts D151 lot 132 Coop 87,Tiaret,تيارت,14,Tiaret,1401,Tiaret,35.3603,1.3228,exact
14-005,ooredoo.dz,1423051,ESO000801,ESO,Espace Services Ooredoo,فضاء خدمات أوريدو,EL BESBES CENTRE,Tiaret,تيارت,14,Tiaret,1401,Tiaret,35.3603,1.3228,exact
14-006,ooredoo.dz,1423053,ESO000806,ESO,Espace Services Ooredoo,فضاء خدمات أوريدو,N°16 RUE CHERIF EDDINE,Tiaret,تيارت,14,Ain Deheb,1406,Tiaret,34.845,1.54688,exact
14-007,ooredoo.dz,1425529,CSO TIARET,CSO,City Shop Ooredoo,متجر أوريدو,Rue Larbi Tebessi,Tiaret,تيارت,14,Frenda,1427,Tiaret,35.0281,1.06242,exact
14-008,ooredoo.dz,1425549,ESO000368,ESO,Espace Services Ooredoo,فضاء خدمات أوريدو,45 R. ABDELKRIM LOCAL N1,Tiaret,تيارت,14,Mahdia,1415,Tiaret,35.4294,1.75781,exact
14-009,ooredoo.dz,1425551,ESO000734,ESO,Espace Services Ooredoo,فضاء خدمات أوريدو,CTE Sonatrac tounan local 01 Ghazaouet,Tiaret,تيارت,14,Nadorah,1431,Tiaret,35.0433,1.88917,exact
14-010,ooredoo.dz,1425557,ESO000676,ESO,Espace Services Ooredoo,فضاء خدمات أوريدو,AVE.HASSANI ABDELAH N° 58,Tiaret,تيارت,14,Sougueur,1416,Tiaret,35.1798,1.49856,exact
14-011,ooredoo.dz,1467545,EO TIARET,EO,Espace Ooredoo,فضاء أوريدو,R AMIR Abdelkader N° A67 - TIARET,Tiaret,تيارت,14,Tiaret,1401,Tiaret,35.3772,1.314,exact
14-012,ooredoo.dz,1467615,CSO SOUGUEUR,CSO,City Shop Ooredoo,متجر أوريدو,a coté de la poste,Tiaret,تيارت,14,Sougueur,1416,Tiaret,35.1811,1.48917,exact
15-001,ooredoo.dz,1423056,EO TIZI OUZOU 1,EO,Espace Ooredoo,فضاء أوريدو,TIZI OUZOU,Tizi Ouzou,تيزي وزو,15,Tizi-Ouzou,1501,Tizi Ouzou,36.7024,4.05266,exact
15-002,ooredoo.dz,1423061,EO AZAZGA,EO,Espace Ooredoo,فضاء أوريدو,Azzazga,Tizi Ouzou,تيزي وزو,15,Azazga,1518,Tizi Ouzou,36.7467,4.36252,exact
15-003,ooredoo.dz,1423064,ESO000462,ESO,Espace Services Ooredoo,فضاء خدمات أوريدو,R.BEN SLAMA RAMDANE,Tizi Ouzou,تيزي وزو,15,Tizi-Ouzou,1501,Tizi Ouzou,36.6977,4.04766,exact
15-004,ooredoo.dz,1423066,ESO000737,ESO,Espace Services Ooredoo,فضاء خدمات أوريدو,Local N°9 RDC porte N9 cite 300 logts Bat L,Tizi Ouzou,تيزي وزو,15,Freha,1504,Tizi Ouzou,36.7631,4.31758,exact
15-005,ooredoo.dz,1423068,ESO000382,ESO,Espace Services Ooredoo,فضاء خدمات أوريدو,LOT. A TARHA IZAICHENE,Tizi Ouzou,تيزي وزو,15,Makouda,1509,Tizi Ouzou,36.7906,4.06306,exact
15-006,ooredoo.dz,1423070,ESO000475,ESO,Espace Services Ooredoo,فضاء خدمات أوريدو,BD. Amir Abdelkader D02 EX rue Djurdjura,Tizi Ouzou,تيزي وزو,15,Azazga,1518,Tizi Ouzou,36.7447,4.36694,exact
15-007,ooredoo.dz,1423072,ESO000769,ESO,Espace Services Ooredoo,فضاء خدمات أوريدو,LOCAL N° 07 LIEU DIT VILLAGE SOUK LAKHMISS,Tizi Ouzou,تيزي وزو,15,Imsouhal,1563,Tizi Ouzou,36.5786,4.43063,exact
15-008,ooredoo.dz,1423074,ESO000603,ESO,Espace Services Ooredoo,فضاء خدمات أوريدو,R.ABANE RAMDANE,Tizi Ouzou,تيزي وزو,15,Larbaa Nath Irathen,1521,Tizi Ouzou,36.6362,4.20511,exact
15-009,ooredoo.dz,1423076,ESO000606,ESO,Espace Services Ooredoo,فضاء خدمات أوريدو,LOCAL N°04 REZ DE CHAUSSEE,Tizi Ouzou,تيزي وزو,15,Beni-Douala,1532,Tizi Ouzou,36.6207,4.081,exact
15-010,ooredoo.dz,1423078,ESO000749,ESO,Espace Services Ooredoo,فضاء خدمات أوريدو,LOCAL N°2 S RDC RUE COLONEL MOHAND OULHADJ ALI SUR LA ROUTE BOUZGUENE CENTRE,Tizi Ouzou,تيزي وزو,15,Bouzeguene,1534,Tizi Ouzou,36.6175,4.47684,exact
15-011,ooredoo.dz,1423080,ESO000497,ESO,Espace Services Ooredoo,فضاء خدمات أوريدو,LOCAL C ET B BD COLONEL AMIROUCHE,Tizi Ouzou,تيزي وزو,15,Ouadhias,1536,Tizi Ouzou,36.5556,4.085,exact
15-012,ooredoo.dz,1423082,ESO000722,ESO,Espace Services Ooredoo,فضاء خدمات أوريدو,"local N°5 , Commune de Ouacif , Wilaya de Tizi Ouzou",Tizi Ouzou,تيزي وزو,15,Ouacif,1548,Tizi Ouzou,36.5235,4.205,exact
15-013,ooredoo.dz,1423084,ESO000751,ESO,Espace Services Ooredoo,فضاء خدمات أوريدو,LOCAL N°02 MEKLA CENTRE,Tizi Ouzou,تيزي وزو,15,Mekla,1550,Tizi Ouzou,36.686,4.26731,exact
15-014,ooredoo.dz,1467391,ESO001010,ESO,Espace Services Ooredoo,فضاء خدمات أوريدو,LOCAL N°68 BT11B CITE 140 LOGTS TAMDA,Tizi Ouzou,تيزي وزو,15,Ouaguenoun,1524,Tizi Ouzou,36.7704,4.17676,exact
16-001,ooredoo.dz,1423058,EO TIZI OUZOU 2,EO,Espace Ooredoo,فضاء أوريدو,TIZI OUZOU,Alger,الجزائر,16,El Magharia,1631,Tizi Ouzou,36.7426,3.11966,exact
16-002,ooredoo.dz,1423086,ESO000795,ESO,Espace Services Ooredoo,فضاء خدمات أوريدو,R. MOHAMED AIT AMAR ENTREE 07 RUE MOHAMED OURIF,Alger,الجزائر,16,Bab El Oued,1605,Alger,36.7912,3.05707,exact
16-003,ooredoo.dz,1423088,ESO000721,ESO,Espace Services Ooredoo,فضاء خدمات أوريدو,01 Rue Maaoun a cote de bat N°1,Alger,الجزائر,16,Casbah,1607,Alger,36.7853,3.06139,exact
16-004,ooredoo.dz,1423090,ESO000684,ESO,Espace Services Ooredoo,فضاء خدمات أوريدو,R. des trois frères Bouadou local N°01 N 12,Alger,الجزائر,16,Bir Mourad Rais,1609,Alger,36.7395,3.05161,exact
16-005,ooredoo.dz,1423092,ESO000630,ESO,Espace Services Ooredoo,فضاء خدمات أوريدو,CTE. LES TROIS CAVES 2 LOCAL N°1,Alger,الجزائر,16,Bourouba,1616,Alger,36.7044,3.12333,exact
16-006,ooredoo.dz,1423094,ESO000723,ESO,Espace Services Ooredoo,فضاء خدمات أوريدو,Place 02 EL TIRAK lot A,Alger,الجزائر,16,Mohammadia,1629,Alger,36.7208,3.1378,exact
16-007,ooredoo.dz,1423096,ESO000121,ESO,Espace Services Ooredoo,فضاء خدمات أوريدو,LOT N 46 LOCAL N02,Alger,الجزائر,16,Baraki,1614,Alger,36.6638,3.09956,exact
16-008,ooredoo.dz,1423098,ESO000131,ESO,Espace Services Ooredoo,فضاء خدمات أوريدو,CTE. TOUILEB R. A N02,Alger,الجزائر,16,Baraki,1614,Alger,36.6667,3.11306,exact
16-009,ooredoo.dz,1423100,ESO000309,ESO,Espace Services Ooredoo,فضاء خدمات أوريدو,CTE.RECAZIN LOT  N450 LOCAL N03,Alger,الجزائر,16,Baraki,1614,Alger,36.6653,3.09158,exact
16-010,ooredoo.dz,1423102,ESO000571,ESO,Espace Services Ooredoo,فضاء خدمات أوريدو,CTE. EL HAMMA LOCAL N°6  LOT N°06 BENTALHA,Alger,الجزائر,16,Baraki,1614,Alger,36.6503,3.08556,exact
16-011,ooredoo.dz,1423104,ESO000582,ESO,Espace Services Ooredoo,فضاء خدمات أوريدو,Groupe Résidentiel N°25 Cité Logis N°25,Alger,الجزائر,16,Kouba,1618,Alger,36.7258,3.08917,exact
16-012,ooredoo.dz,1423106,ESO000346,ESO,Espace Services Ooredoo,فضاء خدمات أوريدو,CTE. BASE EQUIPE LOT N1 GROUPE A,Alger,الجزائر,16,Dar El Beida,1620,Alger,36.711,3.21501,exact
16-013,ooredoo.dz,1423108,ESO000818,ESO,Espace Services Ooredoo,فضاء خدمات أوريدو,CITE LES FRERES ACHOURI N°13 local A,Alger,الجزائر,16,Dar El Beida,1620,Alger,36.7224,3.21095,exact
16-014,ooredoo.dz,1423110,ESO000402,ESO,Espace Services Ooredoo,فضاء خدمات أوريدو,39 R. MUSTAPHA KHALEF,Alger,الجزائر,16,Ben Aknoun,1622,Alger,36.7581,3.01086,exact
16-015,ooredoo.dz,1423112,ESO000395,ESO,Espace Services Ooredoo,فضاء خدمات أوريدو,CHEMIN ABDELKADER N92 A COPROPRIETE 16 LOT 22,Alger,الجزائر,16,El Madania,1603,Alger,36.7444,3.05847,exact
16-016,ooredoo.dz,1423114,ESO000674,ESO,Espace Services Ooredoo,فضاء خدمات أوريدو,R. MOHAMED KACEM N°07,Alger,الجزائر,16,El Mouradia,1627,Alger,36.7478,3.05278,exact
16-017,ooredoo.dz,1423116,ESO000353,ESO,Espace Services Ooredoo,فضاء خدمات أوريدو,CTE. DIPLOMATQUE CTE. 552 LOGTS BT 21 B N2,Alger,الجزائر,16,Herraoua,1639,Alger,36.7745,3.26442,exact
16-018,ooredoo.dz,1423118,ESO000414,ESO,Espace Services Ooredoo,فضاء خدمات أوريدو,CTE. ALI KHOUDJA N°36,Alger,الجزائر,16,Bordj El Kiffan,1630,Alger,36.7475,3.19205,exact
16-019,ooredoo.dz,1423120,ESO000725,ESO,Espace Services Ooredoo,فضاء خدمات أوريدو,CTE Ben Zargua Doume,Alger,الجزائر,16,Herraoua,1639,Alger,36.7641,3.24844,exact
16-020,ooredoo.dz,1423122,ESO000798,ESO,Espace Services Ooredoo,فضاء خدمات أوريدو,CTE. FAIZI  N°26 LOT 03 COOP 1074,Alger,الجزائر,16,Herraoua,1639,Alger,36.7672,3.23983,exact
16-021,ooredoo.dz,1423124,ESO001008,ESO,Espace Services Ooredoo,فضاء خدمات أوريدو,LOCAL N°03 C RUE LARBI,Alger,الجزائر,16,Cheraga,1652,Alger,36.7813,2.97478,exact
16-022,ooredoo.dz,1423126,ESO000223,ESO,Espace Services Ooredoo,فضاء خدمات أوريدو,137 RTE. DE BIRTOUTA,Alger,الجزائر,16,Bir Touta,1636,Alger,36.6492,2.99806,exact
16-023,ooredoo.dz,1423128,ESO000039,ESO,Espace Services Ooredoo,فضاء خدمات أوريدو,80 R. BOUZIDI MOHAMED,Alger,الجزائر,16,Reghaia,1640,Alger,36.7381,3.34194,exact
16-024,ooredoo.dz,1423130,ESO000711,ESO,Espace Services Ooredoo,فضاء خدمات أوريدو,"R. 1 novembre N°22,  Commune de Reghaia , Wilaya d’ Alger",Alger,الجزائر,16,Reghaia,1640,Alger,36.7387,3.3416,exact
16-025,ooredoo.dz,1423132,ESO000042,ESO,Espace Services Ooredoo,فضاء خدمات أوريدو,R. AISSAT IDIR N04,Alger,الجزائر,16,Ain Benian,1657,Alger,36.801,2.90395,exact
16-026,ooredoo.dz,1423134,ESO000265,ESO,Espace Services Ooredoo,فضاء خدمات أوريدو,"LOT C N105/106, EL DJAMILA",Alger,الجزائر,16,Ain Benian,1657,Alger,36.8011,2.90571,exact
16-027,ooredoo.dz,1423136,ESO000741,ESO,Espace Services Ooredoo,فضاء خدمات أوريدو,R.08 MAI 1945,Alger,الجزائر,16,Ain Benian,1657,Alger,36.8032,2.91333,exact
16-028,ooredoo.dz,1423138,ESO000742,ESO,Espace Services Ooredoo,فضاء خدمات أوريدو,78 /A-0 RUE COLONEL SI AHMED,Alger,الجزائر,16,Ain Benian,1657,Alger,36.8033,2.91516,exact
16-029,ooredoo.dz,1423140,ESO000322,ESO,Espace Services Ooredoo,فضاء خدمات أوريدو,9 RUE LES FRERES CHIKIRO,Alger,الجزائر,16,Staoueli,1645,Alger,36.7553,2.88634,exact
16-030,ooredoo.dz,1423142,ESO000767,ESO,Espace Services Ooredoo,فضاء خدمات أوريدو,R. les freres chkirou N°12 actuellement N8,Alger,الجزائر,16,Staoueli,1645,Alger,36.7553,2.88641,exact
16-031,ooredoo.dz,1423144,ESO000498,ESO,Espace Services Ooredoo,فضاء خدمات أوريدو,LOT AZZOUZ ABDELAH N°01,Alger,الجزائر,16,Zeralda,1646,Alger,36.7167,2.85,exact
16-032,ooredoo.dz,1423146,ESO001014,ESO,Espace Services Ooredoo,فضاء خدمات أوريدو,Rue Merzoug Mustapha Benali N° 24 LOCAL N° 5,Alger,الجزائر,16,Rahmania,1648,Alger,36.6865,2.876,exact
16-033,ooredoo.dz,1423148,ESO000148,ESO,Espace Services Ooredoo,فضاء خدمات أوريدو,CTE. 204 LOGT BT N03 EX 11,Alger,الجزائر,16,Staoueli,1645,Alger,36.7431,2.91132,exact
16-034,ooredoo.dz,1423150,ESO000436,ESO,Espace Services Ooredoo,فضاء خدمات أوريدو,21 R. MOULAHOM,Alger,الجزائر,16,Ouled Fayet,1651,Alger,36.7347,2.9525,exact
16-035,ooredoo.dz,1423152,ESO000120,ESO,Espace Services Ooredoo,فضاء خدمات أوريدو,20 R. DRIOUECHE MOHAMED,Alger,الجزائر,16,Draria,1649,Alger,36.7118,2.99641,exact
16-036,ooredoo.dz,1423154,ESO000349,ESO,Espace Services Ooredoo,فضاء خدمات أوريدو,LOCAL A N 5 CTRE. COMMERCIAL,Alger,الجزائر,16,El Achour,1654,Alger,36.733,2.99258,exact
16-037,ooredoo.dz,1423156,ESO000385,ESO,Espace Services Ooredoo,فضاء خدمات أوريدو,LOT SI MADANI N  01 LOCAL 01,Alger,الجزائر,16,Douira,1648,Alger,36.6681,2.94861,exact
16-038,ooredoo.dz,1423158,ESO000554,ESO,Espace Services Ooredoo,فضاء خدمات أوريدو,R. DES FRERES NADIR,Alger,الجزائر,16,Baba Hassen,1647,Alger,36.7,2.97084,exact
16-039,ooredoo.dz,1423586,ESO000433,ESO,Espace Services Ooredoo,فضاء خدمات أوريدو,CTE. CHEBACHEB LOCAL 03,Alger,الجزائر,16,Rouiba,1638,Boumerdes,36.7008,3.30222,exact
16-040,ooredoo.dz,1425509,EO KOUBA,EO,Espace Ooredoo,فضاء أوريدو,22 R Mohamed Fellah -KOUBA,Alger,الجزائر,16,Kouba,1618,Alger,36.732,3.08784,exact
16-041,ooredoo.dz,1425510,EO EL BIAR,EO,Espace Ooredoo,فضاء أوريدو,"105, Av Ali Khoudja -El Biar",Alger,الجزائر,16,El Biar,1610,Alger,36.7695,3.02762,exact
16-042,ooredoo.dz,1425513,EO AEROPORT INTERNATIONAL,EO,Espace Ooredoo,فضاء أوريدو,Aeroport International - DAR EL BEIDA,Alger,الجزائر,16,Dar El Beida,1620,Alger,36.6976,3.20809,exact
16-043,ooredoo.dz,1425515,EO ROUIBA,EO,Espace Ooredoo,فضاء أوريدو,02 Rue Adel Noureddine -Rouïba - Alger,Alger,الجزائر,16,Rouiba,1638,Alger,36.7393,3.2822,exact
16-044,ooredoo.dz,1425517,EO BAB EL OUED,EO,Espace Ooredoo,فضاء أوريدو,31 R Med El Seghir Saadaoui - BAB EL OUED,Alger,الجزائر,16,Bab El Oued,1605,Alger,36.7916,3.05858,exact
16-045,ooredoo.dz,1425519,EO BAB EZZOUAR,EO,Espace Ooredoo,فضاء أوريدو,"Cité des Affaires d'Algérie, Centre Commercial et de loisirs Magasin N° 215 A",Alger,الجزائر,16,Bab Ezzouar,1621,Alger,36.7248,3.17584,exact
16-046,ooredoo.dz,1425553,EO AEROPORT INTERNATIONAL ALGER OUEST,EO,Espace Ooredoo,فضاء أوريدو,Aeroport International - DAR EL BEIDA,Alger,الجزائر,16,Dar El Beida,1620,Alger,36.6995,3.19856,exact
16-047,ooredoo.dz,1425555,EO BAB EZZOUAR 2,EO,Espace Ooredoo,فضاء أوريدو,"Cité des Affaires d'Algérie, Centre Commercial et de loisirs Magasin N° 215 A",Alger,الجزائر,16,Bab Ezzouar,1621,Alger,36.7122,3.19635,exact
16-048,ooredoo.dz,1467337,EO BIR KHADEM,EO,Espace Ooredoo,فضاء أوريدو,"08 & 10, R Arab Si Ahmed - Bir Khadem- Alger",Alger,الجزائر,16,Birkhadem,1612,Alger,36.7155,3.05075,exact
16-049,ooredoo.dz,1467342,EO DELY-BRAHIM,EO,Espace Ooredoo,فضاء أوريدو,"Parcelle N03, Bois des Cars - DELY BRAHIM",Alger,الجزائر,16,Dely Ibrahim,1623,Alger,36.7539,2.9788,exact
16-050,ooredoo.dz,1467345,EO AUDIN,EO,Espace Ooredoo,فضاء أوريدو,02 Rue Didouche Mourad-Alger,Alger,الجزائر,16,Sidi M'hamed,1602,Alger,36.7704,3.05579,exact
16-051,ooredoo.dz,1467383,EO OULED FAYET,EO,Espace Ooredoo,فضاء أوريدو,"66, R de Ouled Fayet - Chéraga",Alger,الجزائر,16,Ouled Fayet,1651,Alger,36.7443,2.94969,exact
16-052,ooredoo.dz,1467386,EO BEJAIA,EO,Espace Ooredoo,فضاء أوريدو,"24, Ch des Cretes - BEJAIA",Alger,الجزائر,16,Dar El Beida,1620,Bejaia,36.6999,3.21164,exact
16-053,ooredoo.dz,1467389,EO GARDEN CITY,EO,Espace Ooredoo,فضاء أوريدو,"Parcelle N03, Bois des Cars - DELY BRAHIM",Alger,الجزائر,16,Ouled Fayet,1651,Alger,36.75,2.95215,exact
16-054,ooredoo.dz,1467390,EO DIDOUCHE MOURAD,EO,Espace Ooredoo,فضاء أوريدو,02 Rue Didouche Mourad-Alger,Alger,الجزائر,16,Sidi M'hamed,1602,Alger,36.768521,3.054275,exact
16-055,ooredoo.dz,1467392,ESO000091,ESO,Espace Services Ooredoo,فضاء خدمات أوريدو,COOP IMMOB EL OUSSRA CTE.E SONELGAZ LOT1,Alger,الجزائر,16,Bourouba,1616,Alger,36.7047,3.0975,exact
16-056,ooredoo.dz,1467399,ESO000134,ESO,Espace Services Ooredoo,فضاء خدمات أوريدو,310 AVE HAMID GUEBLAJ,Alger,الجزائر,16,Hammamet,1624,Alger,36.8136,2.97361,exact
16-057,ooredoo.dz,1467400,ESO000584,ESO,Espace Services Ooredoo,فضاء خدمات أوريدو,Lot A N°34 Local N°2 Commune Tessala El-Merdja,Alger,الجزائر,16,Tessala El Merdja,1634,Alger,36.6314,2.94607,exact
16-058,ooredoo.dz,1467401,ESO000649,ESO,Espace Services Ooredoo,فضاء خدمات أوريدو,CTE. 08 mai 1945 Copropriété N°364 LOT 01 Local M 10 Bab Ezzouar,Alger,الجزائر,16,Bordj El Kiffan,1630,Alger,36.7358,3.19075,exact
16-059,ooredoo.dz,1467405,ESO000634,ESO,Espace Services Ooredoo,فضاء خدمات أوريدو,RTE. DE DOUERA,Alger,الجزائر,16,Khraissia,1656,Alger,36.6833,2.98333,exact
16-060,ooredoo.dz,1467406,ESO000757,ESO,Espace Services Ooredoo,فضاء خدمات أوريدو,CTE. 600 LOG N° 74 LOCAL N°3,Alger,الجزائر,16,Les Eucalyptus,1633,Alger,36.665,3.14453,exact
16-061,ooredoo.dz,1467407,ESO001007,ESO,Espace Services Ooredoo,فضاء خدمات أوريدو,130 RUE HANINE cite bel air,Alger,الجزائر,16,El Magharia,1631,Alger,36.7265,3.11913,exact
16-062,ooredoo.dz,1467415,CSO MOHAMADIA 2,CSO,City Shop Ooredoo,متجر أوريدو,SIS Ardis,Alger,الجزائر,16,Mohammadia,1629,Alger,36.739,3.14359,exact
16-063,ooredoo.dz,1467479,ESO000583,ESO,Espace Services Ooredoo,فضاء خدمات أوريدو,Coop EL moustakbal N°24,Alger,الجزائر,16,Birkhadem,1612,Alger,36.7181,3.04556,exact
16-064,ooredoo.dz,1467480,ESO000617,ESO,Espace Services Ooredoo,فضاء خدمات أوريدو,CTE. 1074 LOGTS BAT 34 LOCAL N°05 AIN NAADJA,Alger,الجزائر,16,Bachedjerah,1619,Alger,36.7133,3.08516,exact
16-065,ooredoo.dz,1467481,ESO000618,ESO,Espace Services Ooredoo,فضاء خدمات أوريدو,CTE. NOUR N°28 GUE DE CONSTANTINE,Alger,الجزائر,16,Bourouba,1616,Alger,36.7104,3.09182,exact
16-066,ooredoo.dz,1467486,ESO000760,ESO,Espace Services Ooredoo,فضاء خدمات أوريدو,CTE. FRERES KELOUAZ N°64 CHERAABA,Alger,الجزائر,16,Les Eucalyptus,1633,Alger,36.6533,3.17138,exact
16-067,ooredoo.dz,1467549,EO STAOUELI,EO,Espace Ooredoo,فضاء أوريدو,"46, R Kaci Ammar, Staoueli – Alger",Alger,الجزائر,16,Staoueli,1645,Alger,36.7535,2.88714,exact
16-068,ooredoo.dz,1467623,CSO MOHAMADIA,CSO,City Shop Ooredoo,متجر أوريدو,SIS City Center MOHAMADIA,Alger,الجزائر,16,Bab Ezzouar,1621,Alger,36.7295,3.17904,exact
16-069,ooredoo.dz,1467851,ESO000138,ESO,Espace Services Ooredoo,فضاء خدمات أوريدو,CTE. LA MONTAGNE LOT 02 N°09,Alger,الجزائر,16,Bourouba,1616,Alger,36.7131,3.115,exact
16-070,ooredoo.dz,1467866,ESO000432,ESO,Espace Services Ooredoo,فضاء خدمات أوريدو,CTE. DJENANE MEBROUK LOCAL 01,Alger,الجزائر,16,Bourouba,1616,Alger,36.7236,3.12722,exact
17-001,ooredoo.dz,1423164,ESO000159,ESO,Espace Services Ooredoo,فضاء خدمات أوريدو,CTE. BENAZIZ BT114 N55A,Djelfa,الجلفة,17,Djelfa,1701,Djelfa,34.6794,3.24639,exact
17-002,ooredoo.dz,1423166,ESO000788,ESO,Espace Services Ooredoo,فضاء خدمات أوريدو,El ALIA n°1 El M'Ghair,Djelfa,الجلفة,17,Djelfa,1701,Djelfa,34.6697,3.2545,exact
17-003,ooredoo.dz,1423168,ESO000789,ESO,Espace Services Ooredoo,فضاء خدمات أوريدو,CTE ain el chikh bat 42/387 lot 148 copropriete 363,Djelfa,الجلفة,17,Djelfa,1701,Djelfa,34.6744,3.25254,exact
17-004,ooredoo.dz,1423170,ESO000688,ESO,Espace Services Ooredoo,فضاء خدمات أوريدو,LOCAL N°01 CITE CENTRE N°01 Bat 95 N°07,Djelfa,الجلفة,17,Hassi Bahbah,1704,Djelfa,35.0736,3.02778,exact
17-005,ooredoo.dz,1423174,ESO000733,ESO,Espace Services Ooredoo,فضاء خدمات أوريدو,R. SIDI naas bat 102 n 2,Djelfa,الجلفة,17,Dar Chioukh,1725,Djelfa,34.8882,3.49405,exact
17-006,ooredoo.dz,1467565,EO DJELFA,EO,Espace Ooredoo,فضاء أوريدو,130 R Sidi Nayel Grp Propriete 68 - DJELFA,Djelfa,الجلفة,17,Djelfa,1701,Djelfa,34.6755,3.24845,exact
18-001,ooredoo.dz,1423178,EO MILIA,EO,Espace Ooredoo,فضاء أوريدو,ELMILIA,Jijel,جيجل,18,El Milia,1809,Jijel,36.7497,6.27306,exact
18-002,ooredoo.dz,1423180,ESO000538,ESO,Espace Services Ooredoo,فضاء خدمات أوريدو,R. Amir Abdelkader N°26 C,Jijel,جيجل,18,Jijel,1801,Jijel,36.8222,5.76472,exact
18-003,ooredoo.dz,1423182,ESO000310,ESO,Espace Services Ooredoo,فضاء خدمات أوريدو,18 R. DEKHLI ELMOKHTAR,Jijel,جيجل,18,Taher,1805,Jijel,36.7717,5.89833,exact
18-004,ooredoo.dz,1423186,ESO000670,ESO,Espace Services Ooredoo,فضاء خدمات أوريدو,N°2 LOT GRANDE RUE LOCAL N°01,Jijel,جيجل,18,El Milia,1809,Jijel,36.7478,6.27139,exact
18-005,ooredoo.dz,1423188,ESO000300,ESO,Espace Services Ooredoo,فضاء خدمات أوريدو,05 R. OMAR GUERFI,Jijel,جيجل,18,El Ancer,1812,Jijel,36.8,6.15556,exact
18-006,ooredoo.dz,1467412,ESO000728,ESO,Espace Services Ooredoo,فضاء خدمات أوريدو,R. 1 Novembre N°44,Jijel,جيجل,18,Texenna,1824,Jijel,36.6597,5.78918,exact
18-007,ooredoo.dz,1467557,EO JIJEL,EO,Espace Ooredoo,فضاء أوريدو,"30 A, Bd 1er Novembre - Jijel",Jijel,جيجل,18,Jijel,1801,Jijel,36.8218,5.76896,exact
18-008,ooredoo.dz,1467625,CSO CHEKFA,CSO,City Shop Ooredoo,متجر أوريدو,En face l'ancien bureau de poste,Jijel,جيجل,18,Chekfa,1807,Jijel,36.7722,5.96222,exact
19-001,ooredoo.dz,1423190,EO EL EULMA,EO,Espace Ooredoo,فضاء أوريدو,EL EULMA,Sétif,سطيف,19,El Eulma,1920,Setif,36.1514,5.69289,exact
19-002,ooredoo.dz,1423192,EO SETIF,EO,Espace Ooredoo,فضاء أوريدو,SETIF,Sétif,سطيف,19,Setif,1901,Setif,36.1955,5.43762,exact
19-003,ooredoo.dz,1423194,ESO000016,ESO,Espace Services Ooredoo,فضاء خدمات أوريدو,BD 02 PROMOTION MEROUANI N32,Sétif,سطيف,19,Setif,1901,Setif,36.2019,5.42167,exact
19-004,ooredoo.dz,1423196,ESO000486,ESO,Espace Services Ooredoo,فضاء خدمات أوريدو,R.08 MAI 45 N°31 RDC,Sétif,سطيف,19,Setif,1901,Setif,36.1895,5.40636,exact
19-005,ooredoo.dz,1423198,ESO000490,ESO,Espace Services Ooredoo,فضاء خدمات أوريدو,SIDI HAIDER 150 COPROPRIETE  BAT A2 ENTREE 27 RDC LOT 06 GROUPEMENT 27 LOT N°03,Sétif,سطيف,19,Setif,1901,Setif,36.2134,5.44428,exact
19-006,ooredoo.dz,1423200,ESO000530,ESO,Espace Services Ooredoo,فضاء خدمات أوريدو,CTE DE  LA GARE AVE 1 NOVEMBRE 54 BEN BADIS,Sétif,سطيف,19,Setif,1901,Setif,36.1897,5.41361,exact
19-007,ooredoo.dz,1423202,ESO000533,ESO,Espace Services Ooredoo,فضاء خدمات أوريدو,LOTS MAKAM EL CHAHID PARTIE 02 N°21,Sétif,سطيف,19,Setif,1901,Setif,36.18,5.39889,exact
19-008,ooredoo.dz,1423204,ESO001005,ESO,Espace Services Ooredoo,فضاء خدمات أوريدو,au ZAOUIT AVENUE RUE FERIA KOUIDER ET LES FRERES HABACHE,Sétif,سطيف,19,Setif,1901,Setif,36.1836,5.41083,exact
19-009,ooredoo.dz,1423206,CSO AIN EL KEBIRA,CSO,City Shop Ooredoo,متجر أوريدو,Rue 1er Novembre 1945,Sétif,سطيف,19,Ain El Kebira,1902,Setif,36.3657,5.50468,exact
19-010,ooredoo.dz,1423208,ESO000151,ESO,Espace Services Ooredoo,فضاء خدمات أوريدو,R. SMARA AHMED,Sétif,سطيف,19,Ain El Kebira,1902,Setif,36.3694,5.5075,exact
19-011,ooredoo.dz,1423210,ESO000762,ESO,Espace Services Ooredoo,فضاء خدمات أوريدو,BENI AZIZ LOTISSEMENT RUE 01 NOVEMBRE,Sétif,سطيف,19,Beni-Aziz,1903,Setif,36.4646,5.64766,exact
19-012,ooredoo.dz,1423212,ESO000247,ESO,Espace Services Ooredoo,فضاء خدمات أوريدو,R. El SAID BOUKHALFA,Sétif,سطيف,19,Bir-El-Arch,1908,Setif,36.1292,5.83528,exact
19-013,ooredoo.dz,1423214,ESO000772,ESO,Espace Services Ooredoo,فضاء خدمات أوريدو,CTE. BEN daoud Lot 713 N°  669,Sétif,سطيف,19,Hamma,1911,Setif,35.7249,5.35522,exact
19-014,ooredoo.dz,1423216,ESO000467,ESO,Espace Services Ooredoo,فضاء خدمات أوريدو,RUE BACHIR KASSAB N°5,Sétif,سطيف,19,El Eulma,1920,Setif,36.1502,5.69551,exact
19-015,ooredoo.dz,1423218,ESO000568,ESO,Espace Services Ooredoo,فضاء خدمات أوريدو,CTE. 48 LOGTS N°12,Sétif,سطيف,19,El Eulma,1920,Setif,36.1547,5.68972,exact
19-016,ooredoo.dz,1423220,ESO001006,ESO,Espace Services Ooredoo,فضاء خدمات أوريدو,au angle rues Bachir KESSAB et NACER et Aissat Idir et Nacer,Sétif,سطيف,19,El Eulma,1920,Setif,36.1515,5.69241,exact
19-017,ooredoo.dz,1423222,ESO000446,ESO,Espace Services Ooredoo,فضاء خدمات أوريدو,CTE 40 LOGTS,Sétif,سطيف,19,Djemila,1921,Setif,36.3147,5.73611,exact
19-018,ooredoo.dz,1423224,CSO AIN ARNAT,CSO,City Shop Ooredoo,متجر أوريدو,RN05,Sétif,سطيف,19,Ain Arnat,1926,Setif,36.1858,5.31528,exact
19-019,ooredoo.dz,1423226,ESO000270,ESO,Espace Services Ooredoo,فضاء خدمات أوريدو,R. HAFASSA ALI,Sétif,سطيف,19,Ain Oulmene,1928,Setif,35.9172,5.29528,exact
19-020,ooredoo.dz,1423228,ESO000248,ESO,Espace Services Ooredoo,فضاء خدمات أوريدو,R. LES FRERES LOUILECHE,Sétif,سطيف,19,Bouandas,1930,Setif,36.495,5.1025,exact
19-021,ooredoo.dz,1423230,ESO000565,ESO,Espace Services Ooredoo,فضاء خدمات أوريدو,BIR HADDADA CENTRE LOCAL N°01 RDC,Sétif,سطيف,19,Bir Haddada,1934,Setif,35.9639,5.42917,exact
19-022,ooredoo.dz,1423232,ESO000463,ESO,Espace Services Ooredoo,فضاء خدمات أوريدو,CTE 50 LOG SOCIEUX PARTICIPATIFS,Sétif,سطيف,19,El Ouricia,1937,Setif,36.2822,5.41218,exact
19-023,ooredoo.dz,1423234,ESO000761,ESO,Espace Services Ooredoo,فضاء خدمات أوريدو,AVE. BAITICHE MOHAMED LOCALN°02,Sétif,سطيف,19,Ain Azel,1940,Setif,35.8167,5.50308,exact
19-024,ooredoo.dz,1423236,CSO BOUGAA,CSO,City Shop Ooredoo,متجر أوريدو,Hay el moudjahidine en face la mosquée el bachir el ibrahimi,Sétif,سطيف,19,Bougaa,1943,Setif,36.33,5.09111,exact
19-025,ooredoo.dz,1423238,ESO000009,ESO,Espace Services Ooredoo,فضاء خدمات أوريدو,14 R. DES MARTYRS,Sétif,سطيف,19,Bougaa,1943,Setif,36.3311,5.09139,exact
19-026,ooredoo.dz,1423240,ESO000457,ESO,Espace Services Ooredoo,فضاء خدمات أوريدو,VILLAGE AGRICOL N°32,Sétif,سطيف,19,Kasr El Abtal,1952,Setif,35.9725,5.28806,exact
19-027,ooredoo.dz,1467417,ESO000352,ESO,Espace Services Ooredoo,فضاء خدمات أوريدو,RN N74 CTRE.,Sétif,سطيف,19,Beni Chebana,1909,Setif,36.4432,4.85608,exact
20-001,ooredoo.dz,1423244,ESO000276,ESO,Espace Services Ooredoo,فضاء خدمات أوريدو,16 HAI EN NASR BT D 1/8 REZ DE CHAUSSEZ MAGASIN N 03,Saïda,سعيدة,20,Saida,2001,Saida,34.8539,0.148889,exact
20-002,ooredoo.dz,1423246,ESO000672,ESO,Espace Services Ooredoo,فضاء خدمات أوريدو,R. BESSIF AHMED N°42 (RUE BAYA CHIKH),Saïda,سعيدة,20,Saida,2001,Saida,34.8308,0.147591,exact
20-003,ooredoo.dz,1423438,ESO000784,ESO,Espace Services Ooredoo,فضاء خدمات أوريدو,R. KADOUS LAHCEN N°08 LOCAL N°2,Saïda,سعيدة,20,Ain Soltane,2016,Mascara,35.0721,0.358874,exact
20-004,ooredoo.dz,1467559,EO SAIDA,EO,Espace Ooredoo,فضاء أوريدو,"Cte de la Gare, 37 Rte Ahmed Medaghri - SAIDA",Saïda,سعيدة,20,Saida,2001,Saida,34.8313,0.14639,exact
21-001,ooredoo.dz,1423250,EO AZZABA,EO,Espace Ooredoo,فضاء أوريدو,AZZABA,Skikda,سكيكدة,21,Azzaba,2104,Skikda,36.7385,7.10717,exact
21-002,ooredoo.dz,1423254,ESO000417,ESO,Espace Services Ooredoo,فضاء خدمات أوريدو,CTE LARBI BEN M'HIDI GNL N°01 CHALET E1 LOCAL N 03,Skikda,سكيكدة,21,Skikda,2101,Skikda,36.8833,6.98035,exact
21-003,ooredoo.dz,1423256,ESO000526,ESO,Espace Services Ooredoo,فضاء خدمات أوريدو,"PROJET 90 LOGTS CTE LAFIDJI BAT A LOCAL 07,",Skikda,سكيكدة,21,Skikda,2101,Skikda,36.8667,6.9,exact
21-004,ooredoo.dz,1423258,ESO000527,ESO,Espace Services Ooredoo,فضاء خدمات أوريدو,CTE. 1500 LOGS LOCAL N°06 EL ZERAMNA MORDJ EL DIB,Skikda,سكيكدة,21,Skikda,2101,Skikda,36.8653,6.92028,exact
21-005,ooredoo.dz,1423262,ESO000095,ESO,Espace Services Ooredoo,فضاء خدمات أوريدو,R. MEGHERBI,Skikda,سكيكدة,21,Zerdezas,2117,Skikda,36.6506,6.83944,exact
21-006,ooredoo.dz,1423264,ESO000576,ESO,Espace Services Ooredoo,فضاء خدمات أوريدو,Décharge Bouleftour Rabah local N°02,Skikda,سكيكدة,21,Ramdane Djamel,2123,Skikda,36.7536,6.89528,exact
21-007,ooredoo.dz,1423266,ESO000775,ESO,Espace Services Ooredoo,فضاء خدمات أوريدو,CTE. BOUHADRA FOUDIL N°1,Skikda,سكيكدة,21,Salah Bouchaour,2125,Skikda,36.7036,6.85749,exact
21-008,ooredoo.dz,1423268,ESO000245,ESO,Espace Services Ooredoo,فضاء خدمات أوريدو,R. DEBAH MOHAMED,Skikda,سكيكدة,21,Tamalous,2126,Skikda,36.8356,6.64111,exact
21-009,ooredoo.dz,1423270,ESO000458,ESO,Espace Services Ooredoo,فضاء خدمات أوريدو,HAI EL MOUHTACHED N°1,Skikda,سكيكدة,21,Ain Kechra,2127,Skikda,36.7475,6.43106,exact
21-010,ooredoo.dz,1423272,ESO000048,ESO,Espace Services Ooredoo,فضاء خدمات أوريدو,CTE.  18 LOT  DES FRERES ALIACHI LOCAL N01,Skikda,سكيكدة,21,Filfila,2130,Skikda,36.8983,7.05194,exact
21-011,ooredoo.dz,1467561,EO SKIKDA,EO,Espace Ooredoo,فضاء أوريدو,"Cte des Allées du 20 aout 55 Local N°7 , SKIKDA",Skikda,سكيكدة,21,Skikda,2101,Skikda,36.8718,6.91175,exact
21-012,ooredoo.dz,1467629,CSO COLLO,CSO,City Shop Ooredoo,متجر أوريدو,Cite Palestine a cote du lycée Boukikaz Collo,Skikda,سكيكدة,21,Collo,2110,Skikda,37.0069,6.56389,exact
21-013,ooredoo.dz,1467646,EO SKIKDA2,EO,Espace Ooredoo,فضاء أوريدو,"R Didouche Morad, Bat 2 - SKIKDA",Skikda,سكيكدة,21,Skikda,2101,Skikda,36.8828,6.90611,exact
22-001,ooredoo.dz,1423274,EO SIDI BEL ABBES 2,EO,Espace Ooredoo,فضاء أوريدو,SIDI BEL ABBES,Sidi Bel Abbès,سيدي بلعباس,22,Sidi Bel-Abbes,2201,Sidi Bel Abbes,35.2123,-0.622739,exact
22-002,ooredoo.dz,1423276,EO SIDI BEL ABBES 1,EO,Espace Ooredoo,فضاء أوريدو,SIDI BEL ABBES,Sidi Bel Abbès,سيدي بلعباس,22,Sidi Bel-Abbes,2201,Sidi Bel Abbes,35.191,-0.632447,exact
22-003,ooredoo.dz,1423278,ESO000280,ESO,Espace Services Ooredoo,فضاء خدمات أوريدو,R. OUALHASSI MOKHTAR CTE. 98 LOGTS BT 01 N04,Sidi Bel Abbès,سيدي بلعباس,22,Sidi Bel-Abbes,2201,Sidi Bel Abbes,35.1958,-0.620278,exact
22-004,ooredoo.dz,1423280,ESO000391,ESO,Espace Services Ooredoo,فضاء خدمات أوريدو,CTE. 456 LOGTS BLOC Q2 N03 LOT C73,Sidi Bel Abbès,سيدي بلعباس,22,Sidi Bel-Abbes,2201,Sidi Bel Abbes,35.2174,-0.6222,exact
22-005,ooredoo.dz,1423282,ESO000628,ESO,Espace Services Ooredoo,فضاء خدمات أوريدو,R.AISSAT IDIR N°58,Sidi Bel Abbès,سيدي بلعباس,22,Sidi Bel-Abbes,2201,Sidi Bel Abbes,35.2178,-0.61337,exact
22-006,ooredoo.dz,1423284,ESO000658,ESO,Espace Services Ooredoo,فضاء خدمات أوريدو,22  Rue Drider Mohamed Cite bab Dhaya lot 249 Copropriété 24,Sidi Bel Abbès,سيدي بلعباس,22,Sidi Bel-Abbes,2201,Sidi Bel Abbes,35.1817,-0.636111,exact
22-007,ooredoo.dz,1423286,ESO000817,ESO,Espace Services Ooredoo,فضاء خدمات أوريدو,"Cité SIDI DJILLALI zone nord n 1 G07 G logt S P N° 328 Bat B1 , Propriete commune N°C07",Sidi Bel Abbès,سيدي بلعباس,22,Sidi Bel-Abbes,2201,Sidi Bel Abbes,35.2176,-0.621232,exact
22-008,ooredoo.dz,1423288,ESO000782,ESO,Espace Services Ooredoo,فضاء خدمات أوريدو,R. LARBI BEN M'HIDI N°49 N°1 B lot 56 coop 220,Sidi Bel Abbès,سيدي بلعباس,22,Telagh,2205,Sidi Bel Abbes,34.7826,-0.573817,exact
22-009,ooredoo.dz,1423290,ESO000285,ESO,Espace Services Ooredoo,فضاء خدمات أوريدو,38 BD.  AMIR ABDELKADER,Sidi Bel Abbès,سيدي بلعباس,22,Sidi Ali Boussidi,2208,Sidi Bel Abbes,35.1019,-0.831389,exact
22-010,ooredoo.dz,1423292,ESO000409,ESO,Espace Services Ooredoo,فضاء خدمات أوريدو,R. N24 RASNI EL CHIKH LOT N12,Sidi Bel Abbès,سيدي بلعباس,22,Ras El Ma,2223,Sidi Bel Abbes,34.4987,-0.815017,exact
22-011,ooredoo.dz,1423294,ESO000335,ESO,Espace Services Ooredoo,فضاء خدمات أوريدو,24 R. LES FRERES OUHIBA,Sidi Bel Abbès,سيدي بلعباس,22,Sfisef,2229,Sidi Bel Abbes,35.2347,-0.241944,exact
22-012,ooredoo.dz,1423296,ESO000793,ESO,Espace Services Ooredoo,فضاء خدمات أوريدو,Route Tabia N°1,Sidi Bel Abbès,سيدي بلعباس,22,Ben Badis,2245,Sidi Bel Abbes,34.9515,-0.91306,exact
22-013,ooredoo.dz,1423298,ESO000284,ESO,Espace Services Ooredoo,فضاء خدمات أوريدو,13 BD.  BOUARFA BAGHDAD,Sidi Bel Abbès,سيدي بلعباس,22,Sidi Ali Benyoub,2246,Sidi Bel Abbes,34.9486,-0.719167,exact
23-001,ooredoo.dz,1423302,EO EL HADJAR,EO,Espace Ooredoo,فضاء أوريدو,EL HADJAR,Annaba,عنابة,23,El Hadjar,2303,Annaba,36.8059,7.73866,exact
23-002,ooredoo.dz,1423306,ESO000398,ESO,Espace Services Ooredoo,فضاء خدمات أوريدو,CTE. FALMASKORT N73 LOCAL N03,Annaba,عنابة,23,Annaba,2301,Annaba,36.9236,7.75345,exact
23-003,ooredoo.dz,1423308,ESO000668,ESO,Espace Services Ooredoo,فضاء خدمات أوريدو,ANGLE DES RUES ZENINE LARBI ET NOURI HOUCINE N°15,Annaba,عنابة,23,Annaba,2301,Annaba,36.8981,7.755,exact
23-004,ooredoo.dz,1423310,ESO000677,ESO,Espace Services Ooredoo,فضاء خدمات أوريدو,AVE. BOUALI SAID N° 12,Annaba,عنابة,23,Annaba,2301,Annaba,36.8975,7.75389,exact
23-005,ooredoo.dz,1423312,ESO000719,ESO,Espace Services Ooredoo,فضاء خدمات أوريدو,Ouad koba bat B N°7  Lots 49 Coop 118 Lot 22,Annaba,عنابة,23,Annaba,2301,Annaba,36.9242,7.75806,exact
23-006,ooredoo.dz,1423314,ESO000739,ESO,Espace Services Ooredoo,فضاء خدمات أوريدو,30 AVE CNRA N°:28 RDC,Annaba,عنابة,23,Annaba,2301,Annaba,36.897,7.75912,exact
23-007,ooredoo.dz,1423316,ESO000777,ESO,Espace Services Ooredoo,فضاء خدمات أوريدو,SIDI ACHOUR BT W01 N C04,Annaba,عنابة,23,Treat,2312,Annaba,36.8787,7.71439,exact
23-008,ooredoo.dz,1423318,ESO000796,ESO,Espace Services Ooredoo,فضاء خدمات أوريدو,LOT EL BERADIA 01 TRENCHE N°05 DJ,Annaba,عنابة,23,Sidi Amar,2311,Annaba,36.8541,7.74147,exact
23-009,ooredoo.dz,1423320,ESO000776,ESO,Espace Services Ooredoo,فضاء خدمات أوريدو,CTE. DRAA EL RICH LOCAL N°02,Annaba,عنابة,23,Oued El Aneb,2306,Annaba,36.8736,7.51687,exact
23-010,ooredoo.dz,1467361,CSO BERRAHEL,CSO,City Shop Ooredoo,متجر أوريدو,Route National 44 en face Gendarmerie Berrahal Annaba,Annaba,عنابة,23,Berrahal,2302,Annaba,36.8342,7.45667,exact
23-011,ooredoo.dz,1467569,EO ANNABA 1,EO,Espace Ooredoo,فضاء أوريدو,Angle 9 R Lamara A.kader et R  Khaldoune - ANNABA,Annaba,عنابة,23,Annaba,2301,Annaba,36.8989,7.75865,exact
23-012,ooredoo.dz,1467651,EO ANNABA 2,EO,Espace Ooredoo,فضاء أوريدو,Angle 9 R Lamara A.kader et R  Khaldoune - ANNABA,Annaba,عنابة,23,Annaba,2301,Annaba,36.9211,7.76264,exact
24-001,ooredoo.dz,1423324,ESO000746,ESO,Espace Services Ooredoo,فضاء خدمات أوريدو,24 CITE KHOMARI SAAD 22 LOCAL 1,Guelma,قالمة,24,Guelma,2401,Guelma,36.4681,7.41983,exact
24-002,ooredoo.dz,1423326,ESO000774,ESO,Espace Services Ooredoo,فضاء خدمات أوريدو,R.01 NOVEMBRE,Guelma,قالمة,24,Oued Zenati,2404,Guelma,36.3149,7.16693,exact
24-003,ooredoo.dz,1423328,ESO000550,ESO,Espace Services Ooredoo,فضاء خدمات أوريدو,CTE. DE L’INDEPENDENCE,Guelma,قالمة,24,Tamlouka,2405,Guelma,36.1592,7.14,exact
24-004,ooredoo.dz,1423330,ESO000575,ESO,Espace Services Ooredoo,فضاء خدمات أوريدو,R.du 1er Novembre N°35,Guelma,قالمة,24,Boumahra Ahmed,2431,Guelma,36.46,7.51389,exact
24-005,ooredoo.dz,1467426,ESO000669,ESO,Espace Services Ooredoo,فضاء خدمات أوريدو,R. 1 ER NOVEMBRE,Guelma,قالمة,24,Belkheir,2410,Guelma,36.4639,7.47972,exact
24-006,ooredoo.dz,1467570,EO GUELMA,EO,Espace Ooredoo,فضاء أوريدو,16 R Boumaaza El Said - GUELMA,Guelma,قالمة,24,Guelma,2401,Guelma,36.4631,7.43611,exact
24-007,ooredoo.dz,1467853,ESO000423,ESO,Espace Services Ooredoo,فضاء خدمات أوريدو,CTE. DES MARTYRE N°03,Guelma,قالمة,24,Dahouara,2409,Guelma,36.3247,7.64167,exact
25-001,ooredoo.dz,1423332,EO CONSTANTINE SIDI MABROUK,EO,Espace Ooredoo,فضاء أوريدو,CONSTANTINE,Constantine,قسنطينة,25,Constantine,2501,Constantine,36.3616,6.63718,exact
25-002,ooredoo.dz,1423334,EO AEROPORT CONSTANTINE,EO,Espace Ooredoo,فضاء أوريدو,CONSTANTINE,Constantine,قسنطينة,25,El Khroub,2506,Constantine,36.2837,6.62203,exact
25-003,ooredoo.dz,1423336,EO EL KHROUB,EO,Espace Ooredoo,فضاء أوريدو,EL KHROUB,Constantine,قسنطينة,25,El Khroub,2506,Constantine,36.2586,6.70074,exact
25-004,ooredoo.dz,1423338,EO ALI MENDJELI,EO,Espace Ooredoo,فضاء أوريدو,EL KHROUB,Constantine,قسنطينة,25,Ain Smara,2510,Constantine,36.2614,6.5855,exact
25-005,ooredoo.dz,1423340,EO CONSTANTINE SJ,EO,Espace Ooredoo,فضاء أوريدو,CONSTANTINE,Constantine,قسنطينة,25,Constantine,2501,Constantine,36.3611,6.60552,exact
25-006,ooredoo.dz,1423342,ESO000394,ESO,Espace Services Ooredoo,فضاء خدمات أوريدو,7 AV. DES FRERES KHAZNADAR,Constantine,قسنطينة,25,Constantine,2501,Constantine,36.369,6.62051,exact
25-007,ooredoo.dz,1423344,ESO000422,ESO,Espace Services Ooredoo,فضاء خدمات أوريدو,15 R. ZAOUICHE AMAR,Constantine,قسنطينة,25,Constantine,2501,Constantine,36.3643,6.63714,exact
25-008,ooredoo.dz,1423346,ESO000479,ESO,Espace Services Ooredoo,فضاء خدمات أوريدو,CTE. AIN EL BEY 52 CHALET N°1,Constantine,قسنطينة,25,Constantine,2501,Constantine,36.3062,6.6219,exact
25-009,ooredoo.dz,1423348,ESO000495,ESO,Espace Services Ooredoo,فضاء خدمات أوريدو,CTE. 564 LOGTS BAT 09 AIN EL BEY NOUVELLE VILLE N°11 BIS,Constantine,قسنطينة,25,Constantine,2501,Constantine,36.3003,6.62185,exact
25-010,ooredoo.dz,1423350,ESO000499,ESO,Espace Services Ooredoo,فضاء خدمات أوريدو,01 CTE. DAKSI ABDESLEM BAT 01,Constantine,قسنطينة,25,Constantine,2501,Constantine,36.3546,6.63755,exact
25-011,ooredoo.dz,1423352,ESO000541,ESO,Espace Services Ooredoo,فضاء خدمات أوريدو,87 Lotissement ain El Bey 2 eme Tranche El Fedj,Constantine,قسنطينة,25,Constantine,2501,Constantine,36.3142,6.61083,exact
25-012,ooredoo.dz,1423354,ESO000598,ESO,Espace Services Ooredoo,فضاء خدمات أوريدو,CTE. FRERES ABBAS AVE A,Constantine,قسنطينة,25,Constantine,2501,Constantine,36.3571,6.6415,exact
25-013,ooredoo.dz,1423356,ESO000664,ESO,Espace Services Ooredoo,فضاء خدمات أوريدو,18 CTE.20 AOUT 1955,Constantine,قسنطينة,25,Constantine,2501,Constantine,36.3393,6.59628,exact
25-014,ooredoo.dz,1423358,ESO000783,ESO,Espace Services Ooredoo,فضاء خدمات أوريدو,20.AVENUE HARKATI RAMDANE SIDI MABROUK,Constantine,قسنطينة,25,Constantine,2501,Constantine,36.3575,6.63466,exact
25-015,ooredoo.dz,1423360,ESO000808,ESO,Espace Services Ooredoo,فضاء خدمات أوريدو,248 CITÉ BOUSSOUF 196 LOGTS BT 19C,Constantine,قسنطينة,25,Constantine,2501,Constantine,36.379,6.703,exact
25-016,ooredoo.dz,1423362,ESO001013,ESO,Espace Services Ooredoo,فضاء خدمات أوريدو,cite Guemas 1310 J Constantine,Constantine,قسنطينة,25,Constantine,2501,Constantine,36.3423,6.65286,exact
25-017,ooredoo.dz,1423364,ESO000812,ESO,Espace Services Ooredoo,فضاء خدمات أوريدو,CTE 07 BKIRA PREMIERE TRANCHE,Constantine,قسنطينة,25,Hamma Bouziane,2502,Constantine,36.3956,6.60363,exact
25-018,ooredoo.dz,1423366,ESO000241,ESO,Espace Services Ooredoo,فضاء خدمات أوريدو,23 CTE. 1000 LOGTS BT 78,Constantine,قسنطينة,25,El Khroub,2506,Constantine,36.2583,6.69375,exact
25-019,ooredoo.dz,1423368,ESO000622,ESO,Espace Services Ooredoo,فضاء خدمات أوريدو,42 CITE AIN EL BAY 490 LOGTS BAT 22 NOUVELLE VILLE ALI MENDJEL,Constantine,قسنطينة,25,Ain Smara,2510,Constantine,36.2614,6.58208,exact
25-020,ooredoo.dz,1423370,ESO000100,ESO,Espace Services Ooredoo,فضاء خدمات أوريدو,RTE. NAT N5,Constantine,قسنطينة,25,Ain Smara,2510,Constantine,36.2667,6.50028,exact
25-021,ooredoo.dz,1423372,ESO000547,ESO,Espace Services Ooredoo,فضاء خدمات أوريدو,R. 1 er Novembre 1954,Constantine,قسنطينة,25,Ibn Ziad,2512,Constantine,36.3794,6.47278,exact
26-001,ooredoo.dz,1423376,ESO000682,ESO,Espace Services Ooredoo,فضاء خدمات أوريدو,COPROPRIETE N° 142 LOT 72,Médéa,المدية,26,Medea,2601,Medea,36.2667,2.75,exact
26-002,ooredoo.dz,1423378,ESO000747,ESO,Espace Services Ooredoo,فضاء خدمات أوريدو,R.FRERES KADIK,Médéa,المدية,26,Medea,2601,Medea,36.2629,2.75221,exact
26-003,ooredoo.dz,1423382,ESO000534,ESO,Espace Services Ooredoo,فضاء خدمات أوريدو,CTE DES FONCTIONNAIRES,Médéa,المدية,26,Beni Slimane,2646,Medea,36.2287,3.30494,exact
26-004,ooredoo.dz,1423384,ESO000766,ESO,Espace Services Ooredoo,فضاء خدمات أوريدو,R. Abderahmane Bouhmidi,Médéa,المدية,26,Tablat,2652,Medea,36.4127,3.30814,exact
26-005,ooredoo.dz,1423386,ESO000819,ESO,Espace Services Ooredoo,فضاء خدمات أوريدو,R.Ahmed Boussekine,Médéa,المدية,26,Sedraya,2661,Medea,36.2453,3.52774,exact
26-006,ooredoo.dz,1467455,ESO000406,ESO,Espace Services Ooredoo,فضاء خدمات أوريدو,R.VILLAGE AGRICOLE,Médéa,المدية,26,El Guelbelkebir,2609,Medea,36.2557,3.41582,exact
26-007,ooredoo.dz,1467586,EO MEDEA,EO,Espace Ooredoo,فضاء أوريدو,"Ctre Cial Cte Sotratit, Av Taniyat El Hadjer - MEDEA",Médéa,المدية,26,Medea,2601,Medea,36.2653,2.76736,exact
27-001,ooredoo.dz,1423388,EO MOSTAGANEM,EO,Espace Ooredoo,فضاء أوريدو,MOSTAGANEM,Mostaganem,مستغانم,27,Mostaganem,2701,Mostaganem,35.9288,0.08822,exact
27-002,ooredoo.dz,1423390,ESO000750,ESO,Espace Services Ooredoo,فضاء خدمات أوريدو,KHAROUBA II HAI 52 LOGEMENT RDC BAT  A 2 N° 68,Mostaganem,مستغانم,27,Sayada,2702,Mostaganem,35.9669,0.096587,exact
27-003,ooredoo.dz,1423392,ESO000640,ESO,Espace Services Ooredoo,فضاء خدمات أوريدو,LOCAL 02 LOT 123/52,Mostaganem,مستغانم,27,Sidi Ali,2712,Mostaganem,36.101,0.412009,exact
27-004,ooredoo.dz,1423394,ESO000803,ESO,Espace Services Ooredoo,فضاء خدمات أوريدو,LOT 117 Coop CANASTEL N°13,Mostaganem,مستغانم,27,Sidi Ali,2712,Mostaganem,36.0981,0.422315,exact
27-005,ooredoo.dz,1423396,ESO000029,ESO,Espace Services Ooredoo,فضاء خدمات أوريدو,R. MOHAMED TOUMI MEKRERE,Mostaganem,مستغانم,27,Sidi-Lakhdar,2716,Mostaganem,36.1661,0.441111,exact
27-006,ooredoo.dz,1423398,ESO000447,ESO,Espace Services Ooredoo,فضاء خدمات أوريدو,BLOC A H LOT N°92 LOCAL N°6,Mostaganem,مستغانم,27,Sidi-Lakhdar,2716,Mostaganem,36.1631,0.438889,exact
27-007,ooredoo.dz,1423400,ESO000401,ESO,Espace Services Ooredoo,فضاء خدمات أوريدو,ACHAACHA CENTRE COTE ECOLE PRIMAIRE CTE 30 LOGTS,Mostaganem,مستغانم,27,Achaacha,2717,Mostaganem,36.2458,0.634444,exact
27-008,ooredoo.dz,1423402,ESO000811,ESO,Espace Services Ooredoo,فضاء خدمات أوريدو,ACHAACHA CENTRE,Mostaganem,مستغانم,27,Achaacha,2717,Mostaganem,36.2477,0.63486,exact
27-009,ooredoo.dz,1423404,ESO000755,ESO,Espace Services Ooredoo,فضاء خدمات أوريدو,Rue Mohamed Khemisti lot 38 Coop 69,Mostaganem,مستغانم,27,Bouguirat,2719,Mostaganem,35.7491,0.26311,exact
27-010,ooredoo.dz,1423406,ESO000408,ESO,Espace Services Ooredoo,فضاء خدمات أوريدو,CTE. NESLI CHAREF COPROPRIETE N 25 LOT 32,Mostaganem,مستغانم,27,Mesra,2722,Mostaganem,35.8358,0.167742,exact
27-011,ooredoo.dz,1423408,ESO000589,ESO,Espace Services Ooredoo,فضاء خدمات أوريدو,Village OULED BOUGHALEM,Mostaganem,مستغانم,27,Ouled Boughalem,2725,Mostaganem,36.32,0.670278,exact
27-012,ooredoo.dz,1467453,ESO000601,ESO,Espace Services Ooredoo,فضاء خدمات أوريدو,11 R. TAREK KHIREDINE,Mostaganem,مستغانم,27,Kheir-Eddine,2711,Mostaganem,35.9802,0.168335,exact
27-013,ooredoo.dz,1467457,ESO000675,ESO,Espace Services Ooredoo,فضاء خدمات أوريدو,SALAMANDRE CITE 85 logts bat A3N°C,Mostaganem,مستغانم,27,Mostaganem,2701,Mostaganem,35.9171,0.064446,exact
28-001,ooredoo.dz,1423410,EO M'SILA,EO,Espace Ooredoo,فضاء أوريدو,M'SILA,M'sila,المسيلة,28,M'sila,2801,M'Sila,35.7044,4.53545,exact
28-002,ooredoo.dz,1423414,ESO000175,ESO,Espace Services Ooredoo,فضاء خدمات أوريدو,EL HATABIA CTRE. LOCAL N1,M'sila,المسيلة,28,Hammam Dalaa,2803,M'Sila,35.9261,4.3775,exact
28-003,ooredoo.dz,1423416,ESO000551,ESO,Espace Services Ooredoo,فضاء خدمات أوريدو,LOCAL N°05 OULED DERRADJ CENTRE,M'sila,المسيلة,28,Ouled Derradj,2804,M'Sila,35.6889,4.77583,exact
28-004,ooredoo.dz,1423418,ESO000710,ESO,Espace Services Ooredoo,فضاء خدمات أوريدو,"CTE Ouled Arbia local N°1, Commune de Magra , Wilaya de M’Sila",M'sila,المسيلة,28,Magra,2811,M'Sila,35.6128,5.11475,exact
28-005,ooredoo.dz,1423420,ESO000171,ESO,Espace Services Ooredoo,فضاء خدمات أوريدو,CTE. 40 LOGTS N16 LOCAL N1,M'sila,المسيلة,28,Belaiba,2815,M'Sila,35.6542,5.03194,exact
28-006,ooredoo.dz,1423422,CSO SIDI AISSA,CSO,City Shop Ooredoo,متجر أوريدو,Cité 5 Juillet 1962,M'sila,المسيلة,28,Sidi Aissa,2816,M'Sila,35.885,3.77417,exact
28-007,ooredoo.dz,1423424,ESO000211,ESO,Espace Services Ooredoo,فضاء خدمات أوريدو,CTE. 5 JUILLET LOCAL N2,M'sila,المسيلة,28,Sidi Aissa,2816,M'Sila,35.885,3.77361,exact
28-008,ooredoo.dz,1467833,ESO000429,ESO,Espace Services Ooredoo,فضاء خدمات أوريدو,CTE 36 LOGTS LOCAL 01,M'sila,المسيلة,28,M'sila,2801,M'Sila,35.7094,4.53583,exact
28-009,ooredoo.dz,1467835,ESO000709,ESO,Espace Services Ooredoo,فضاء خدمات أوريدو,"Local N°20  rdc N°7  logts N°80 Social Participatif Hadaj Mebrouk Mouilha , Commune de M’Sila , Wilaya de M’Sila",M'sila,المسيلة,28,M'sila,2801,M'Sila,35.7316,4.49387,exact
29-001,ooredoo.dz,1423430,ESO000306,ESO,Espace Services Ooredoo,فضاء خدمات أوريدو,R. KODS LOT 066 LOTS 026,Mascara,معسكر,29,Mascara,2901,Mascara,35.395,0.143333,exact
29-002,ooredoo.dz,1423432,CSO GHRISS,CSO,City Shop Ooredoo,متجر أوريدو,Hai Labidi Ali Rue Abed Mohamed Ghriss,Mascara,معسكر,29,Ghriss,2912,Mascara,35.2456,0.156944,exact
29-003,ooredoo.dz,1423434,ESO000233,ESO,Espace Services Ooredoo,فضاء خدمات أوريدو,BD.  BANDOU MOHAMED MAGASIN N2,Mascara,معسكر,29,Ghriss,2912,Mascara,35.2481,0.158333,exact
29-004,ooredoo.dz,1423436,ESO000334,ESO,Espace Services Ooredoo,فضاء خدمات أوريدو,6 R. BERAHAL EL HABIB,Mascara,معسكر,29,Froha,2913,Mascara,35.305,0.128889,exact
29-005,ooredoo.dz,1423440,CSO SIG,CSO,City Shop Ooredoo,متجر أوريدو,Entre la Rue de la révolution et Rue BETTAHR BOUADJMI –SIG-MASCARA,Mascara,معسكر,29,Sig,2926,Mascara,35.5309,-0.193517,exact
29-006,ooredoo.dz,1423444,CSO MOHAMMADIA,CSO,City Shop Ooredoo,متجر أوريدو,BOULEVARD AMIR ABDELKADER MOHAMMADIA MASCARA,Mascara,معسكر,29,Mohammadia,2931,Mascara,35.5904,0.066025,exact
29-007,ooredoo.dz,1423446,ESO000027,ESO,Espace Services Ooredoo,فضاء خدمات أوريدو,16 R. ALI BOUHLAL LOCAL N02,Mascara,معسكر,29,Mohammadia,2931,Mascara,35.5894,0.064444,exact
29-008,ooredoo.dz,1423448,ESO000536,ESO,Espace Services Ooredoo,فضاء خدمات أوريدو,118 LOTS 06 AVE Kada Khaddour local B,Mascara,معسكر,29,Mohammadia,2931,Mascara,35.5894,0.075278,exact
29-009,ooredoo.dz,1423450,ESO000727,ESO,Espace Services Ooredoo,فضاء خدمات أوريدو,N°48 Rue Benzahra Abdelkader local N°2,Mascara,معسكر,29,Mohammadia,2931,Mascara,35.5911,0.06851,exact
29-010,ooredoo.dz,1423452,ESO000731,ESO,Espace Services Ooredoo,فضاء خدمات أوريدو,R. Nekab Miloud ex ave de la revolution N°39 Lot 57 Coopropriete 20,Mascara,معسكر,29,Sedjerara,2935,Mascara,35.5301,0.194917,exact
29-011,ooredoo.dz,1467461,ESO000381,ESO,Espace Services Ooredoo,فضاء خدمات أوريدو,R. DE L'INDEPENDANCE,Mascara,معسكر,29,Oued Taria,2922,Mascara,35.1153,0.088333,exact
29-012,ooredoo.dz,1467579,EO MASCARA,EO,Espace Ooredoo,فضاء أوريدو,"01, Place Emir Abdelkader, Mascara",Mascara,معسكر,29,Mascara,2901,Mascara,35.3965,0.139732,exact
30-001,ooredoo.dz,1423454,EO HASSI MESSAOUD,EO,Espace Ooredoo,فضاء أوريدو,HASSI MESSAOUD,Ouargla,ورقلة,30,Hassi Messaoud,3004,Ouargla,31.686,6.06639,exact
30-002,ooredoo.dz,1423460,ESO000744,ESO,Espace Services Ooredoo,فضاء خدمات أوريدو,LOCAL N°: 05 A RUE LARBI BEN M'HIDI,Ouargla,ورقلة,30,Ouargla,3001,Ouargla,31.9468,5.31895,exact
30-003,ooredoo.dz,1467581,EO OUARGLA,EO,Espace Ooredoo,فضاء أوريدو,Cte 150 logts - Ouargla,Ouargla,ورقلة,30,Ouargla,3001,Ouargla,31.9594,5.33321,exact
31-001,ooredoo.dz,1422892,ESO000810,ESO,Espace Services Ooredoo,فضاء خدمات أوريدو,CTE.SEFSSAFA,Oran,وهران,31,Sidi Ben Yebka,3122,Batna,36.2477,-0.634848,exact
31-002,ooredoo.dz,1423442,ESO000389,ESO,Espace Services Ooredoo,فضاء خدمات أوريدو,R. HADJAM KADOUR N 44 LOCAL N 2,Oran,وهران,31,Oued Tlelat,3111,Mascara,35.5186,-0.408889,exact
31-003,ooredoo.dz,1423468,EO ES SENIA,EO,Espace Ooredoo,فضاء أوريدو,ES SENIA,Oran,وهران,31,Es Senia,3105,Oran,35.6526,-0.626472,exact
31-004,ooredoo.dz,1423476,ESO000359,ESO,Espace Services Ooredoo,فضاء خدمات أوريدو,CTE.IBN ROCH POINT DU JOUR R. B 19 ENTREE 19,Oran,وهران,31,Oran,3101,Oran,35.7114,-0.603525,exact
31-005,ooredoo.dz,1423478,ESO000360,ESO,Espace Services Ooredoo,فضاء خدمات أوريدو,ANGLE 7 R. 20 AOUT CTE. EMIR ET 2 R. CHERCHAL GAUFOU,Oran,وهران,31,Oran,3101,Oran,35.7046,-0.642681,exact
31-006,ooredoo.dz,1423480,ESO000374,ESO,Espace Services Ooredoo,فضاء خدمات أوريدو,CTE.  ECHOUHADA ST GEORGE N01 LOCAL N1,Oran,وهران,31,Oran,3101,Oran,35.6927,-0.613297,exact
31-007,ooredoo.dz,1423482,ESO000430,ESO,Espace Services Ooredoo,فضاء خدمات أوريدو,37 R. 20 AOUT,Oran,وهران,31,Oran,3101,Oran,35.7044,-0.639444,exact
31-008,ooredoo.dz,1423484,ESO000509,ESO,Espace Services Ooredoo,فضاء خدمات أوريدو,35 BVD EL HUSSEIN IBEN ALI EX RUE VAUCHEZ,Oran,وهران,31,Oran,3101,Oran,35.697,-0.626697,exact
31-009,ooredoo.dz,1423486,ESO000639,ESO,Espace Services Ooredoo,فضاء خدمات أوريدو,CTE BOUAMAM VILLAGE ROUNKA KENTRA ALBANE LOTS AR 268/5 ABLOUCHE LOT 3,Oran,وهران,31,Oran,3101,Oran,35.6739,-0.680899,exact
31-010,ooredoo.dz,1423488,ESO000681,ESO,Espace Services Ooredoo,فضاء خدمات أوريدو,CTE.NOUVELLE VILLE ANGLE  RUE HAFRAT AHMED N° 01 ET 27 RUE DJEBBOUR MAAMAR LOCAL N°01,Oran,وهران,31,Oran,3101,Oran,35.6961,-0.648611,exact
31-011,ooredoo.dz,1423490,ESO000799,ESO,Espace Services Ooredoo,فضاء خدمات أوريدو,HAI MOKRANI PARTIE N°05 BD ALN N°14,Oran,وهران,31,Oran,3101,Oran,35.6895,-0.648932,exact
31-012,ooredoo.dz,1423492,ESO000804,ESO,Espace Services Ooredoo,فضاء خدمات أوريدو,CTE .483 logts cooperative lot 10,Oran,وهران,31,Bir El Djir,3103,Oran,35.7448,-0.561929,exact
31-013,ooredoo.dz,1423494,ESO001015,ESO,Espace Services Ooredoo,فضاء خدمات أوريدو,OUKDIM lot 55 GROUPE Copropriete  148 PORTE N°127 local N° 1,Oran,وهران,31,Oran,3101,Oran,35.7107,-0.604306,exact
31-014,ooredoo.dz,1423496,ESO000361,ESO,Espace Services Ooredoo,فضاء خدمات أوريدو,CTE. 287 LOGTS BT C2 LOCAL N1 USTO,Oran,وهران,31,Oran,3101,Oran,35.7022,-0.594169,exact
31-015,ooredoo.dz,1423498,ESO000477,ESO,Espace Services Ooredoo,فضاء خدمات أوريدو,CTE. KHEMISTI 193 PROMO 210,Oran,وهران,31,Bir El Djir,3103,Oran,35.7275,-0.560833,exact
31-016,ooredoo.dz,1423500,ESO000809,ESO,Espace Services Ooredoo,فضاء خدمات أوريدو,HAI EL YASMINE PAUSE 52 COMPLEXE RESIDENTIEL 96 LOGTS BLOC D MAGASIN 07 PARTIE 07,Oran,وهران,31,Bir El Djir,3103,Oran,35.7032,-0.558411,exact
31-017,ooredoo.dz,1423502,ESO000480,ESO,Espace Services Ooredoo,فضاء خدمات أوريدو,RN BAT 26  LOT N°01,Oran,وهران,31,Hassi Bounif,3104,Oran,35.6925,-0.501667,exact
31-018,ooredoo.dz,1423504,ESO000351,ESO,Espace Services Ooredoo,فضاء خدمات أوريدو,CITE 52 VILLA N6 LOT1 LOCAL1,Oran,وهران,31,Es Senia,3105,Oran,35.6634,-0.633694,exact
31-019,ooredoo.dz,1423506,ESO000476,ESO,Espace Services Ooredoo,فضاء خدمات أوريدو,14 PLACE DES MARTYRS,Oran,وهران,31,Es Senia,3105,Oran,35.6494,-0.624444,exact
31-020,ooredoo.dz,1423508,ESO000348,ESO,Espace Services Ooredoo,فضاء خدمات أوريدو,LOCAL N01 RT N60,Oran,وهران,31,Arzew,3106,Oran,35.8573,-0.312572,exact
31-021,ooredoo.dz,1423512,ESO000701,ESO,Espace Services Ooredoo,فضاء خدمات أوريدو,LOT E3B LOT E3,Oran,وهران,31,Bethioua,3107,Oran,35.8009,-0.268889,exact
31-022,ooredoo.dz,1423514,ESO000340,ESO,Espace Services Ooredoo,فضاء خدمات أوريدو,12 R. MOHAMED KHMISTI,Oran,وهران,31,Marsat El Hadjadj,3108,Oran,35.795,-0.166111,exact
31-023,ooredoo.dz,1423516,ESO000513,ESO,Espace Services Ooredoo,فضاء خدمات أوريدو,"CTE. BEN SAMIR PROJET 60 LOGTS ILOT 39,1-3 BAT B LOCAL 08",Oran,وهران,31,Ain Turk,3109,Oran,35.7366,-0.772686,exact
31-024,ooredoo.dz,1423518,ESO000072,ESO,Espace Services Ooredoo,فضاء خدمات أوريدو,01 R. GOURINE ABDELKADER,Oran,وهران,31,Oued Tlelat,3111,Oran,35.5519,-0.448889,exact
31-025,ooredoo.dz,1423520,ESO000413,ESO,Espace Services Ooredoo,فضاء خدمات أوريدو,CTE. 43 BIS R. E.ABDELKADER LOCAL3,Oran,وهران,31,Messerghin,3123,Oran,35.6135,-0.738333,exact
31-026,ooredoo.dz,1423522,ESO000424,ESO,Espace Services Ooredoo,فضاء خدمات أوريدو,R. MOHAMED KHEMISTI LOT N°02,Oran,وهران,31,Boutlelis,3124,Oran,35.5724,-0.900494,exact
31-027,ooredoo.dz,1467363,CSO SIDI CHAHMI,CSO,City Shop Ooredoo,متجر أوريدو,"PLACE 16 MAI SITE SABAH, SIDI CHAHMI ORAN",Oran,وهران,31,Bir El Djir,3103,Oran,35.695,-0.572064,exact
31-028,ooredoo.dz,1467463,ESO000425,ESO,Espace Services Ooredoo,فضاء خدمات أوريدو,CTE. EL NEDJMA LOTS 261 LOT 14 LOCAL N°02,Oran,وهران,31,El Kerma,3117,Oran,35.6429,-0.573067,exact
31-029,ooredoo.dz,1467465,ESO001012,ESO,Espace Services Ooredoo,فضاء خدمات أوريدو,cite yasmine POS 52 aadl lot E5 bat A2,Oran,وهران,31,Bir El Djir,3103,Oran,35.7032,-0.560414,exact
31-030,ooredoo.dz,1467585,EO ORAN MARAVAL,EO,Espace Ooredoo,فضاء أوريدو,"60, R Mekki Khelifa Maraval - ORAN",Oran,وهران,31,Oran,3101,Oran,35.6769,-0.648678,exact
31-031,ooredoo.dz,1467637,CSO BETHIOUA,CSO,City Shop Ooredoo,متجر أوريدو,CITE 200 LOGEMENTS  A COTE POLYCLINIQUE - BETTIOUA- ORAN,Oran,وهران,31,Bethioua,3107,Oran,35.8029,-0.270219,exact
31-032,ooredoo.dz,1467653,EO ORAN DIRECTION,EO,Espace Ooredoo,فضاء أوريدو,"60, R Mekki Khelifa Maraval - ORAN",Oran,وهران,31,Oran,3101,Oran,35.7081,-0.596639,exact
31-033,ooredoo.dz,1467659,EO AKID LOTFI 2,EO,Espace Ooredoo,فضاء أوريدو,"60, R Mekki Khelifa Maraval - ORAN",Oran,وهران,31,Bir El Djir,3103,Oran,35.7269,-0.588,exact
31-034,ooredoo.dz,1467665,EO ORAN POINT DU JOUR,EO,Espace Ooredoo,فضاء أوريدو,"60, R Mekki Khelifa Maraval - ORAN",Oran,وهران,31,Oran,3101,Oran,35.7083,-0.604445,exact
32-001,ooredoo.dz,1423524,EO EL BAYADH,EO,Espace Ooredoo,فضاء أوريدو,EL BAYADH,El Bayadh,البيض,32,El Bayadh,3201,El Bayadh,33.6822,1.015,exact
32-002,ooredoo.dz,1423526,ESO000816,ESO,Espace Services Ooredoo,فضاء خدمات أوريدو,RUE 01 NOVEMBRE N°40 CLASSE 34 G.P N°387,El Bayadh,البيض,32,El Bayadh,3201,El Bayadh,33.6845,1.0112,exact
33-001,ooredoo.dz,1423532,EO ILLIZI,EO,Espace Ooredoo,فضاء أوريدو,ILLIZI,Illizi,إليزي,33,Illizi,3301,Illizi,26.4997,8.47556,exact
34-001,ooredoo.dz,1423536,EO BORDJ BOU ARRIREDJ,EO,Espace Ooredoo,فضاء أوريدو,BORDJ BOU ARRERIDJ,Bordj Bou Arreridj,برج بوعريريج,34,Bordj Bou Arreridj,3401,Bordj Bou Arreridj,36.0744,4.76647,exact
34-002,ooredoo.dz,1423538,ESO000209,ESO,Espace Services Ooredoo,فضاء خدمات أوريدو,42 R. AMIR ABDELKADER,Bordj Bou Arreridj,برج بوعريريج,34,Bordj Bou Arreridj,3401,Bordj Bou Arreridj,36.0706,4.75528,exact
34-003,ooredoo.dz,1423540,ESO000484,ESO,Espace Services Ooredoo,فضاء خدمات أوريدو,CTE. 500 LOGTS BAT 08 N°27,Bordj Bou Arreridj,برج بوعريريج,34,Bordj Bou Arreridj,3401,Bordj Bou Arreridj,36.0785,4.7732,exact
34-004,ooredoo.dz,1423542,ESO000754,ESO,Espace Services Ooredoo,فضاء خدمات أوريدو,COOPÉRATIVE  IMMOBILIÈRE N°1  L'ESPOIR BOULEVARD B N LOCAL 01ET 2 LOT 108 COOP 55,Bordj Bou Arreridj,برج بوعريريج,34,Bordj Bou Arreridj,3401,Bordj Bou Arreridj,36.0692,4.74369,exact
34-005,ooredoo.dz,1423544,CSO RAS EL OUED,CSO,City Shop Ooredoo,متجر أوريدو,a coté de la cnep,Bordj Bou Arreridj,برج بوعريريج,34,Ras El Oued,3402,Bordj Bou Arreridj,35.9503,5.03444,exact
34-006,ooredoo.dz,1423546,ESO000791,ESO,Espace Services Ooredoo,فضاء خدمات أوريدو,RUE ABDELHAMID BEN BADIS N°1951,Bordj Bou Arreridj,برج بوعريريج,34,Bir Kasdali,3431,Bordj Bou Arreridj,36.1441,5.02446,exact
34-007,ooredoo.dz,1467466,ESO000186,ESO,Espace Services Ooredoo,فضاء خدمات أوريدو,CTE. TAHAR HAROUZ EN FACE DU MARCHE,Bordj Bou Arreridj,برج بوعريريج,34,Bordj Ghedir,3409,Bordj Bou Arreridj,35.9006,4.90056,exact
34-008,ooredoo.dz,1467469,ESO000405,ESO,Espace Services Ooredoo,فضاء خدمات أوريدو,CTE. CAFETERIA DE L’AEROPORT,Bordj Bou Arreridj,برج بوعريريج,34,Belimour,3412,Bordj Bou Arreridj,36.0397,4.81556,exact
35-001,ooredoo.dz,1423548,EO BORDJ MENAIL,EO,Espace Ooredoo,فضاء أوريدو,BORDJ MENAIL,Boumerdès,بومرداس,35,Bordj Menaiel,3504,Boumerdes,36.7441,3.71652,exact
35-002,ooredoo.dz,1423552,ESO000492,ESO,Espace Services Ooredoo,فضاء خدمات أوريدو,PLATEAU OUEST BAT 64 A N°07,Boumerdès,بومرداس,35,Corso,3516,Boumerdes,36.7575,3.45695,exact
35-003,ooredoo.dz,1423554,ESO000773,ESO,Espace Services Ooredoo,فضاء خدمات أوريدو,CTE. 392 Logts bat 18,Boumerdès,بومرداس,35,Corso,3516,Boumerdes,36.7558,3.47666,exact
35-004,ooredoo.dz,1423556,ESO000545,ESO,Espace Services Ooredoo,فضاء خدمات أوريدو,R. Charef Ali Local N°03,Boumerdès,بومرداس,35,Boudouaou,3502,Boumerdes,36.7253,3.41222,exact
35-005,ooredoo.dz,1423558,ESO000648,ESO,Espace Services Ooredoo,فضاء خدمات أوريدو,CTE. 20 Aout,Boumerdès,بومرداس,35,Boudouaou,3502,Boumerdes,36.7168,3.39675,exact
35-006,ooredoo.dz,1423560,ESO000655,ESO,Espace Services Ooredoo,فضاء خدمات أوريدو,CTE. Tilmatine  Hamoud local N°6,Boumerdès,بومرداس,35,Boudouaou,3502,Boumerdes,36.7256,3.4098,exact
35-007,ooredoo.dz,1423562,ESO000713,ESO,Espace Services Ooredoo,فضاء خدمات أوريدو,R. Meddaoui Ali ecole BACHIR el Ibrahimi,Boumerdès,بومرداس,35,Bordj Menaiel,3504,Boumerdes,36.7442,3.72179,exact
35-008,ooredoo.dz,1423564,ESO000112,ESO,Espace Services Ooredoo,فضاء خدمات أوريدو,R. COLONEL AMIROUCHE LOCAL N21,Boumerdès,بومرداس,35,Isser,3509,Boumerdes,36.7272,3.66778,exact
35-009,ooredoo.dz,1423566,ESO000759,ESO,Espace Services Ooredoo,فضاء خدمات أوريدو,CTE. TOURNI LOT N°12 LOCAL 03 ET 04,Boumerdès,بومرداس,35,Zemmouri,3510,Boumerdes,36.7903,3.60282,exact
35-010,ooredoo.dz,1423568,ESO000440,ESO,Espace Services Ooredoo,فضاء خدمات أوريدو,CTE 200 LOGTS BAT D 01 N°04,Boumerdès,بومرداس,35,Ouled Moussa,3517,Boumerdes,36.6886,3.36056,exact
35-011,ooredoo.dz,1423570,ESO000493,ESO,Espace Services Ooredoo,فضاء خدمات أوريدو,CTE. EL MAKHFI LOCAL N°2,Boumerdès,بومرداس,35,Ouled Hedadj,3528,Boumerdes,36.7174,3.36942,exact
35-012,ooredoo.dz,1423572,ESO000631,ESO,Espace Services Ooredoo,فضاء خدمات أوريدو,R. HALIMI IBRAHIM,Boumerdès,بومرداس,35,Ouled Moussa,3517,Boumerdes,36.6836,3.36818,exact
35-013,ooredoo.dz,1423574,ESO000647,ESO,Espace Services Ooredoo,فضاء خدمات أوريدو,CTE. 20 Aout actuellement Ben Adjal ex N01,Boumerdès,بومرداس,35,Ouled Moussa,3517,Boumerdes,36.7013,3.38874,exact
35-014,ooredoo.dz,1423576,ESO000683,ESO,Espace Services Ooredoo,فضاء خدمات أوريدو,LOCAL N01 OULED MOUSSA CTRE,Boumerdès,بومرداس,35,Ouled Moussa,3517,Boumerdes,36.6831,3.3675,exact
35-015,ooredoo.dz,1423578,ESO000117,ESO,Espace Services Ooredoo,فضاء خدمات أوريدو,RTE. OULED MOUSSA LARBATACHE,Boumerdès,بومرداس,35,Larbatache,3518,Boumerdes,36.6375,3.37056,exact
35-016,ooredoo.dz,1423580,ESO000146,ESO,Espace Services Ooredoo,فضاء خدمات أوريدو,CTE. MAKDOUD LOCAL N3,Boumerdès,بومرداس,35,Beni Amrane,3525,Boumerdes,36.6678,3.58972,exact
35-017,ooredoo.dz,1423582,ESO000435,ESO,Espace Services Ooredoo,فضاء خدمات أوريدو,R.KERKAB ABDELKADER,Boumerdès,بومرداس,35,Hammedi,3530,Boumerdes,36.6806,3.25833,exact
35-018,ooredoo.dz,1423584,ESO000304,ESO,Espace Services Ooredoo,فضاء خدمات أوريدو,R. DJENATI RABAH,Boumerdès,بومرداس,35,Khemis El Khechna,3531,Boumerdes,36.6497,3.33194,exact
35-019,ooredoo.dz,1423588,ESO000434,ESO,Espace Services Ooredoo,فضاء خدمات أوريدو,R. DJEBBAR BRAHIM LOCAL 02,Boumerdès,بومرداس,35,Khemis El Khechna,3531,Boumerdes,36.6511,3.32972,exact
35-020,ooredoo.dz,1423590,ESO000438,ESO,Espace Services Ooredoo,فضاء خدمات أوريدو,CTE. OULED GHALIA,Boumerdès,بومرداس,35,Ouled Moussa,3517,Boumerdes,36.6753,3.36111,exact
35-021,ooredoo.dz,1467470,ESO000633,ESO,Espace Services Ooredoo,فضاء خدمات أوريدو,MADRADJ 2 PAVION 2 LOCAL 16,Boumerdès,بومرداس,35,Ouled Hedadj,3528,Boumerdes,36.7091,3.33635,exact
36-001,ooredoo.dz,1423592,ESO000508,ESO,Espace Services Ooredoo,فضاء خدمات أوريدو,50 LGTS LOCAL N°03 CHBAITA MOKHTAR,El Tarf,الطارف,36,Bouteldja,3608,El Taref,36.9284,8.25046,exact
36-002,ooredoo.dz,1423594,ESO000802,ESO,Espace Services Ooredoo,فضاء خدمات أوريدو,LOCAL 03 TEFASKAA ELHAMEL N °42,El Tarf,الطارف,36,Besbes,3616,El Taref,36.7026,7.84189,exact
36-003,ooredoo.dz,1467829,CSO BEN MHIDI,CSO,City Shop Ooredoo,متجر أوريدو,Route nationale N° 44 a coté de la SNTV  Ben M'Hidi,El Tarf,الطارف,36,Ben M Hidi,3603,El Taref,36.7656,7.90694,exact
36-004,ooredoo.dz,1467843,EO EL TAREF,EO,Espace Ooredoo,فضاء أوريدو,RN 44 R Kadeche Messaoud - EL TAREF,El Tarf,الطارف,36,El Tarf,3601,El Taref,36.7667,8.31806,exact
36-005,ooredoo.dz,1467858,ESO000736,ESO,Espace Services Ooredoo,فضاء خدمات أوريدو,zone 3 lot N°548,El Tarf,الطارف,36,Echatt,3618,El Taref,36.8311,7.86371,exact
37-001,ooredoo.dz,1467593,EO TINDOUF,EO,Espace Ooredoo,فضاء أوريدو,Hay Ksabi - TINDOUF,Tindouf,تندوف,37,Tindouf,3701,Tindouf,27.6731,-8.14028,exact
38-001,ooredoo.dz,1467471,ESO000363,ESO,Espace Services Ooredoo,فضاء خدمات أوريدو,CTE. EL OUARDIA N B63,Tissemsilt,تيسمسيلت,38,Bordj Bounaama,3802,Tissemssilt,35.8502,1.61488,exact
38-002,ooredoo.dz,1467474,ESO000602,ESO,Espace Services Ooredoo,فضاء خدمات أوريدو,R. AMIR ABDELKADER N27,Tissemsilt,تيسمسيلت,38,Layoune,3810,Tissemssilt,35.6964,1.9989,exact
38-003,ooredoo.dz,1467845,EO TISSEMSILT,EO,Espace Ooredoo,فضاء أوريدو,38 R  1er Nov. - TISSEMSILT,Tissemsilt,تيسمسيلت,38,Tissemsilt,3801,Tissemssilt,35.6083,1.81143,exact
38-004,ooredoo.dz,1467860,ESO000023,ESO,Espace Services Ooredoo,فضاء خدمات أوريدو,19 HAI EL WIAM,Tissemsilt,تيسمسيلت,38,Tissemsilt,3801,Tissemssilt,35.6053,1.81278,exact
38-005,ooredoo.dz,1467862,ESO000033,ESO,Espace Services Ooredoo,فضاء خدمات أوريدو,51B CTE. DES MUSULMANS,Tissemsilt,تيسمسيلت,38,Theniet El Had,3803,Tissemssilt,35.8725,2.02806,exact
39-001,ooredoo.dz,1423598,EO EL OUED,EO,Espace Ooredoo,فضاء أوريدو,EL OUED,El Oued,الوادي,39,El-Oued,3901,El Oued,33.3603,6.85844,exact
39-002,ooredoo.dz,1423600,ESO000732,ESO,Espace Services Ooredoo,فضاء خدمات أوريدو,CTE Ouled Ahmed lot 74 coopropriete 293,El Oued,الوادي,39,El-Oued,3901,El Oued,33.358,6.86966,exact
39-003,ooredoo.dz,1423602,ESO000466,ESO,Espace Services Ooredoo,فضاء خدمات أوريدو,CTE DE L'INDEPENDENCE,El Oued,الوادي,39,Guemar,3906,El Oued,33.4744,6.79167,exact
39-004,ooredoo.dz,1467476,ESO000397,ESO,Espace Services Ooredoo,فضاء خدمات أوريدو,MAGRANE- CENTRE,El Oued,الوادي,39,Sidi Aoun,3916,El Oued,33.5637,6.93138,exact
39-005,ooredoo.dz,1467499,ESO000464,ESO,Espace Services Ooredoo,فضاء خدمات أوريدو,CTE DES MARTYRES,El Oued,الوادي,39,Hassi Khalifa,3913,El Oued,33.5675,6.99556,exact
40-001,ooredoo.dz,1423606,EO KHENCHELA,EO,Espace Ooredoo,فضاء أوريدو,KHENCHELA,Khenchela,خنشلة,40,Khenchela,4001,Khenchela,35.4243,7.14244,exact
40-002,ooredoo.dz,1423608,ESO000174,ESO,Espace Services Ooredoo,فضاء خدمات أوريدو,RTE. DE CONSTANTINE,Khenchela,خنشلة,40,Khenchela,4001,Khenchela,35.4311,7.15111,exact
40-003,ooredoo.dz,1423610,ESO000638,ESO,Espace Services Ooredoo,فضاء خدمات أوريدو,LOT BELLE VUE,Khenchela,خنشلة,40,Khenchela,4001,Khenchela,35.4224,7.14741,exact
40-004,ooredoo.dz,1423612,ESO000443,ESO,Espace Services Ooredoo,فضاء خدمات أوريدو,R. ABBES LAGHROUR,Khenchela,خنشلة,40,Kais,4003,Khenchela,35.4948,6.92488,exact
40-005,ooredoo.dz,1467864,ESO000529,ESO,Espace Services Ooredoo,فضاء خدمات أوريدو,TAZOUGART CENTRE,Khenchela,خنشلة,40,El Mahmal,4017,Khenchela,35.3729,7.214,exact
41-001,ooredoo.dz,1423614,ESO000740,ESO,Espace Services Ooredoo,فضاء خدمات أوريدو,CTE DES ENSEIGNANTS N°5 RDC,Souk Ahras,سوق أهراس,41,Taoura,4108,Souk Ahras,36.1661,8.04045,exact
41-002,ooredoo.dz,1467339,EO SOUK-AHRAS,EO,Espace Ooredoo,فضاء أوريدو,"Complexe TARRIST, Place 1er Novembre Souk Ahras",Souk Ahras,سوق أهراس,41,Souk Ahras,4101,Souk Ahras,36.2842,7.94528,exact
41-003,ooredoo.dz,1467495,ESO000404,ESO,Espace Services Ooredoo,فضاء خدمات أوريدو,ANGLE AVE BEN BADIS ET ABANE  RAMDANE,Souk Ahras,سوق أهراس,41,Souk Ahras,4101,Souk Ahras,36.285,7.95571,exact
41-004,ooredoo.dz,1467505,ESO000502,ESO,Espace Services Ooredoo,فضاء خدمات أوريدو,BD FRANTZ FANON ET BD VICTOR HUGO,Souk Ahras,سوق أهراس,41,Souk Ahras,4101,Souk Ahras,36.2847,7.95361,exact
41-005,ooredoo.dz,1467509,ESO000528,ESO,Espace Services Ooredoo,فضاء خدمات أوريدو,LOTS KOUICEM ABDELHAK LOT N°88,Souk Ahras,سوق أهراس,41,Souk Ahras,4101,Souk Ahras,36.2753,7.94361,exact
42-001,ooredoo.dz,1423618,EO TIPAZA,EO,Espace Ooredoo,فضاء أوريدو,TIPAZA,Tipaza,تيبازة,42,Tipaza,4201,Tipaza,36.5901,2.4468,exact
42-002,ooredoo.dz,1423620,ESO000703,ESO,Espace Services Ooredoo,فضاء خدمات أوريدو,du Local est située à hai Katiba Zoubairia propriete  29 lot 45,Tipaza,تيبازة,42,Bou Ismail,4226,Tipaza,36.6336,2.68761,exact
42-003,ooredoo.dz,1423622,ESO000712,ESO,Espace Services Ooredoo,فضاء خدمات أوريدو,"CTE nedjar , Commune de DAMOUS , Wilaya de TIPAZA",Tipaza,تيبازة,42,Damous,4223,Tipaza,36.5497,1.70691,exact
42-004,ooredoo.dz,1423624,ESO000113,ESO,Espace Services Ooredoo,فضاء خدمات أوريدو,CTE. 140+32 LOGT PATICIPATIF BT 15 N65,Tipaza,تيبازة,42,Kolea,4235,Tipaza,36.6489,2.7625,exact
42-005,ooredoo.dz,1423626,ESO000035,ESO,Espace Services Ooredoo,فضاء خدمات أوريدو,R. MOHAMED DJEBBAR,Tipaza,تيبازة,42,Bou Ismail,4226,Tipaza,36.6414,2.69111,exact
42-006,ooredoo.dz,1423628,ESO000319,ESO,Espace Services Ooredoo,فضاء خدمات أوريدو,R. MOHAMED BELAHOUANE RTE. BOUSMAIL,Tipaza,تيبازة,42,Kolea,4235,Tipaza,36.6381,2.765,exact
42-007,ooredoo.dz,1467482,ESO000666,ESO,Espace Services Ooredoo,فضاء خدمات أوريدو,R. NOUFI ABDELHAK N°47,Tipaza,تيبازة,42,Cherchell,4222,Tipaza,36.6075,2.19056,exact
42-008,ooredoo.dz,1467596,EO HADJOUT,EO,Espace Ooredoo,فضاء أوريدو,13 rue du 1er Novembre . Hadjout,Tipaza,تيبازة,42,Hadjout,4212,Tipaza,36.5122,2.41626,exact
43-001,ooredoo.dz,1423632,EO CHELGHOUM LAID,EO,Espace Ooredoo,فضاء أوريدو,CHELGHOUM LAID,Mila,ميلة,43,Ouled Khalouf,4312,Mila,36.1597,6.1635,exact
43-002,ooredoo.dz,1423634,ESO000152,ESO,Espace Services Ooredoo,فضاء خدمات أوريدو,23 R. BEN TOUNSI,Mila,ميلة,43,Mila,4301,Mila,36.4503,6.26417,exact
43-003,ooredoo.dz,1423636,ESO001003,ESO,Espace Services Ooredoo,فضاء خدمات أوريدو,"Local n°8 cooperative immobiliere Ochidee , stade union africaine OPOW Targa Azemour",Mila,ميلة,43,Ferdjioua,4302,Mila,36.4099,5.94226,exact
43-004,ooredoo.dz,1423638,ESO000474,ESO,Espace Services Ooredoo,فضاء خدمات أوريدو,2 R. AHMED YAHIA RACHID,Mila,ميلة,43,Ouled Khalouf,4312,Mila,36.1606,6.165,exact
43-005,ooredoo.dz,1423640,CSO OUED ATHMANIA,CSO,City Shop Ooredoo,متجر أوريدو,Boulevard de l'arme de révolution nationale Oued El Otmania,Mila,ميلة,43,Oued Athmenia,4304,Mila,36.2536,6.28528,exact
43-006,ooredoo.dz,1423642,ESO000125,ESO,Espace Services Ooredoo,فضاء خدمات أوريدو,R. DAAS AHMED (DERRIERE LA GENDARMERIE NAT),Mila,ميلة,43,Oued Athmenia,4304,Mila,36.2485,6.28892,exact
43-007,ooredoo.dz,1423644,ESO000196,ESO,Espace Services Ooredoo,فضاء خدمات أوريدو,R. BEN AOUDA AMOR (FACE A MOSQUEE),Mila,ميلة,43,Tadjenanet,4308,Mila,36.1219,5.98472,exact
43-008,ooredoo.dz,1423646,ESO000378,ESO,Espace Services Ooredoo,فضاء خدمات أوريدو,CTE. 05 JUILLET,Mila,ميلة,43,Tadjenanet,4308,Mila,36.1182,5.9843,exact
43-009,ooredoo.dz,1423648,ESO000199,ESO,Espace Services Ooredoo,فضاء خدمات أوريدو,21 R. LAMAKHOUL YOUCEF,Mila,ميلة,43,Ahmed Rachedi,4311,Mila,36.4306,6.12167,exact
43-010,ooredoo.dz,1423650,ESO000505,ESO,Espace Services Ooredoo,فضاء خدمات أوريدو,CTE. LA MOSQUEE,Mila,ميلة,43,Rouached,4315,Mila,36.4577,6.04213,exact
43-011,ooredoo.dz,1423652,ESO000449,ESO,Espace Services Ooredoo,فضاء خدمات أوريدو,R. DE L'ALN,Mila,ميلة,43,Grarem Gouga,4317,Mila,36.5166,6.32571,exact
43-012,ooredoo.dz,1423654,ESO000685,ESO,Espace Services Ooredoo,فضاء خدمات أوريدو,R. AHCENE BOUHALA N°18,Mila,ميلة,43,Grarem Gouga,4317,Mila,36.5189,6.32389,exact
43-013,ooredoo.dz,1425559,ESO000599,ESO,Espace Services Ooredoo,فضاء خدمات أوريدو,RUE 1 NOVEMBRE 1954,Mila,ميلة,43,Chigara,4332,Mila,36.5596,6.22185,exact
43-014,ooredoo.dz,1467601,EO MILA,EO,Espace Ooredoo,فضاء أوريدو,"26, R de la Liberte - MILA",Mila,ميلة,43,Mila,4301,Mila,36.4503,6.26611,exact
44-001,ooredoo.dz,1423656,ESO000089,ESO,Espace Services Ooredoo,فضاء خدمات أوريدو,R. B 20 AOUT 1955,Aïn Defla,عين الدفلى,44,Khemis-Miliana,4404,Ain Defla,36.255,2.22333,exact
44-002,ooredoo.dz,1423658,ESO000472,ESO,Espace Services Ooredoo,فضاء خدمات أوريدو,CTE. SOUFFAY,Aïn Defla,عين الدفلى,44,Khemis-Miliana,4404,Ain Defla,36.2606,2.23583,exact
44-003,ooredoo.dz,1423660,ESO000790,ESO,Espace Services Ooredoo,فضاء خدمات أوريدو,Rur Ghnima lot 55 coopropriete 11,Aïn Defla,عين الدفلى,44,Arib,4406,Ain Defla,36.2833,2.06667,exact
44-004,ooredoo.dz,1423662,ESO000707,ESO,Espace Services Ooredoo,فضاء خدمات أوريدو,"R. APN Centre Ain Defla,  Commune de Djelida , Wilaya de  Ain Defla",Aïn Defla,عين الدفلى,44,Djelida,4407,Ain Defla,36.2025,2.07934,exact
44-005,ooredoo.dz,1423664,ESO000708,ESO,Espace Services Ooredoo,فضاء خدمات أوريدو,"El Amra  centre Ain Defla,  Commune d’El Amra   , Wilaya de Ain Defla",Aïn Defla,عين الدفلى,44,El-Amra,4408,Ain Defla,36.306,1.84882,exact
44-006,ooredoo.dz,1423666,ESO000748,ESO,Espace Services Ooredoo,فضاء خدمات أوريدو,BOURACHED CENTRE,Aïn Defla,عين الدفلى,44,Bourached,4409,Ain Defla,36.1697,1.93107,exact
44-007,ooredoo.dz,1423668,ESO000227,ESO,Espace Services Ooredoo,فضاء خدمات أوريدو,R. 20 AOUT,Aïn Defla,عين الدفلى,44,Djendel,4405,Ain Defla,36.2178,2.41028,exact
44-008,ooredoo.dz,1423670,ESO000105,ESO,Espace Services Ooredoo,فضاء خدمات أوريدو,LOT N06-SIDI LAKHDAR,Aïn Defla,عين الدفلى,44,Sidi-Lakhdar,4424,Ain Defla,36.2653,2.16167,exact
44-009,ooredoo.dz,1425523,EO KHEMIS MILIANA,EO,Espace Ooredoo,فضاء أوريدو,"Rue BELSAADI ABDELKADER ; KHEMIS MILIANA, AIN DEFLA",Aïn Defla,عين الدفلى,44,Khemis-Miliana,4404,Ain Defla,36.2616,2.22681,exact
44-010,ooredoo.dz,1467341,EO AIN-DEFLA,EO,Espace Ooredoo,فضاء أوريدو,12 R Emir Abdel Kader - AIN-DEFLA,Aïn Defla,عين الدفلى,44,Ain-Defla,4401,Ain Defla,36.2643,1.96452,exact
44-011,ooredoo.dz,1467368,CSO MELIANA,CSO,City Shop Ooredoo,متجر أوريدو,Rue de la république  Miliana,Aïn Defla,عين الدفلى,44,Miliana,4402,Ain Defla,36.3061,2.22361,exact
44-012,ooredoo.dz,1467489,ESO000473,ESO,Espace Services Ooredoo,فضاء خدمات أوريدو,R. EL DJILALI BOUNAAMA,Aïn Defla,عين الدفلى,44,El-Abadia,4411,Ain Defla,36.2697,1.68556,exact
44-013,ooredoo.dz,1467500,ESO000730,ESO,Espace Services Ooredoo,فضاء خدمات أوريدو,R. Ouamer Mohamed et rue de la liberte,Aïn Defla,عين الدفلى,44,El-Abadia,4411,Ain Defla,36.2713,1.68335,exact
45-001,ooredoo.dz,1423672,EO MECHRIA,EO,Espace Ooredoo,فضاء أوريدو,MECHRIA,Naâma,النعامة,45,Mecheria,4502,Naama,33.5442,-0.2775,exact
45-002,ooredoo.dz,1423674,ESO000735,ESO,Espace Services Ooredoo,فضاء خدمات أوريدو,Local n°1 Cite Chaikh Bouamama route Bechar,Naâma,النعامة,45,Ain Sefra,4503,Naama,32.7669,-0.5791,exact
45-003,ooredoo.dz,1467491,ESO000780,ESO,Espace Services Ooredoo,فضاء خدمات أوريدو,R.AGHA EDDINE copropriete N°358 LOT 16,Naâma,النعامة,45,Mecheria,4502,Naama,33.5432,-0.275752,exact
46-001,ooredoo.dz,1423676,ESO000704,ESO,Espace Services Ooredoo,فضاء خدمات أوريدو,13 rue Larbi Ben m’hidi Ain Temouchent,Aïn Témouchent,عين تموشنت,46,Hammam Bou Hadjar,4604,Ain Temouchent,35.3809,-0.97164,exact
46-002,ooredoo.dz,1423678,ESO000343,ESO,Espace Services Ooredoo,فضاء خدمات أوريدو,44R. MOHAMED KHEMISTI,Aïn Témouchent,عين تموشنت,46,El Maleh,4607,Ain Temouchent,35.3917,-1.09167,exact
46-003,ooredoo.dz,1423680,CSO EL AMRIA,CSO,City Shop Ooredoo,متجر أوريدو,Rue Emir Abdelkader –Elamria,Aïn Témouchent,عين تموشنت,46,El Amria,4606,Ain Temouchent,35.5242,-1.01444,exact
46-004,ooredoo.dz,1423682,ESO000596,ESO,Espace Services Ooredoo,فضاء خدمات أوريدو,N 06 C ZHUN,Aïn Témouchent,عين تموشنت,46,Beni Saf,4623,Ain Temouchent,35.3053,-1.37028,exact
46-005,ooredoo.dz,1423684,ESO000597,ESO,Espace Services Ooredoo,فضاء خدمات أوريدو,R. REPUBLICAINE LOCAL 2 N 62,Aïn Témouchent,عين تموشنت,46,Beni Saf,4623,Ain Temouchent,35.3031,-1.38278,exact
46-006,ooredoo.dz,1467347,EO AIN TEMOUCHENT,EO,Espace Ooredoo,فضاء أوريدو,76 Bd 1er  Nov. - AIN-TEMOUCHENT,Aïn Témouchent,عين تموشنت,46,Ain Temouchent,4601,Ain Temouchent,35.294,-1.14,exact
46-007,ooredoo.dz,1467497,ESO000103,ESO,Espace Services Ooredoo,فضاء خدمات أوريدو,N 06 A CTE. LES CASTORES VILLA (CUTE NASR),Aïn Témouchent,عين تموشنت,46,Ain Temouchent,4601,Ain Temouchent,35.3019,-1.13917,exact
46-008,ooredoo.dz,1467507,ESO000729,ESO,Espace Services Ooredoo,فضاء خدمات أوريدو,CTE 12 logs Communale N°7 lot 69 coop 22,Aïn Témouchent,عين تموشنت,46,Ain Temouchent,4601,Ain Temouchent,35.3049,-1.13911,exact
47-001,ooredoo.dz,1423686,EO GHARDAIA,EO,Espace Ooredoo,فضاء أوريدو,GHARDAIA,Ghardaïa,غرداية,47,Ghardaia,4701,Ghardaia,32.4876,3.67833,exact
47-002,ooredoo.dz,1423688,ESO000768,ESO,Espace Services Ooredoo,فضاء خدمات أوريدو,CTE. EL KARTI COTE BELAGHNEM,Ghardaïa,غرداية,47,Ghardaia,4701,Ghardaia,32.4928,3.64896,exact
47-003,ooredoo.dz,1423690,ESO000544,ESO,Espace Services Ooredoo,فضاء خدمات أوريدو,AVE. Aissa Amieur,Ghardaïa,غرداية,47,El Atteuf,4712,Ghardaia,32.4745,3.74635,exact
48-001,ooredoo.dz,1423470,EO PLATEAU,EO,Espace Ooredoo,فضاء أوريدو,ORAN,Relizane,غليزان,48,Dar Ben Abdelah,4832,Oran,35.6461,0.6983,exact
48-002,ooredoo.dz,1423692,ESO000264,ESO,Espace Services Ooredoo,فضاء خدمات أوريدو,RTE. DE SIDI M'HAMED BEN AOUDA LOCAL N1,Relizane,غليزان,48,Relizane,4801,Relizane,35.7344,0.557222,exact
48-003,ooredoo.dz,1423694,ESO001017,ESO,Espace Services Ooredoo,فضاء خدمات أوريدو,CITE BERMADIA 651 TRANCHE N°03,Relizane,غليزان,48,Relizane,4801,Relizane,35.71283,0.57209,exact
48-004,ooredoo.dz,1423696,ESO000337,ESO,Espace Services Ooredoo,فضاء خدمات أوريدو,AV. DOCTOR BOUKHALOUA ZAOUIA R. REPUBLIQUE,Relizane,غليزان,48,Relizane,4801,Relizane,35.7439,0.553333,exact
48-005,ooredoo.dz,1423698,ESO000625,ESO,Espace Services Ooredoo,فضاء خدمات أوريدو,97 R. COLONEL AMIROUCHE,Relizane,غليزان,48,Relizane,4801,Relizane,35.7414,0.554957,exact
48-006,ooredoo.dz,1423700,ESO000695,ESO,Espace Services Ooredoo,فضاء خدمات أوريدو,CTE.CASTOR N°9 RELIZANE,Relizane,غليزان,48,Relizane,4801,Relizane,35.7283,0.554616,exact
48-007,ooredoo.dz,1423702,ESO000753,ESO,Espace Services Ooredoo,فضاء خدمات أوريدو,HAI EL INTISSAR,Relizane,غليزان,48,Relizane,4801,Relizane,35.7425,0.547745,exact
48-008,ooredoo.dz,1423704,ESO000771,ESO,Espace Services Ooredoo,فضاء خدمات أوريدو,LOCAL N°1 CITE AISSAT IDIR N° 25,Relizane,غليزان,48,Relizane,4801,Relizane,35.7486,0.56604,exact
48-009,ooredoo.dz,1423706,CSO OUED RHIOU,CSO,City Shop Ooredoo,متجر أوريدو,"Rue des Martyres Face Centre de formation Professionnel, Oued rhiou,Relizane",Relizane,غليزان,48,Oued-Rhiou,4802,Relizane,35.9587,0.911088,exact
48-010,ooredoo.dz,1423708,ESO000262,ESO,Espace Services Ooredoo,فضاء خدمات أوريدو,R. AHMED TOUATI,Relizane,غليزان,48,Oued-Rhiou,4802,Relizane,35.9608,0.916389,exact
48-011,ooredoo.dz,1423710,ESO000738,ESO,Espace Services Ooredoo,فضاء خدمات أوريدو,R.RAID SI ALI N° 85 BIS,Relizane,غليزان,48,Ammi Moussa,4811,Relizane,35.871,1.10807,exact
48-012,ooredoo.dz,1425524,EO RELIZANE 2,EO,Espace Ooredoo,فضاء أوريدو,37R.  Mohamed KHEMISTI - Relizane,Relizane,غليزان,48,Relizane,4801,Relizane,35.744,0.559333,exact
48-013,ooredoo.dz,1425561,ESO000794,ESO,Espace Services Ooredoo,فضاء خدمات أوريدو,R. Bourtima Mohamed,Relizane,غليزان,48,Djidiouia,4814,Relizane,35.9295,0.832823,exact
48-014,ooredoo.dz,1467642,CSO MAZOUNA,CSO,City Shop Ooredoo,متجر أوريدو,Le Boulevard en face  l'hopital Mazouna,Relizane,غليزان,48,Mazouna,4822,Relizane,36.12,0.867222,exact
49-001,ooredoo.dz,1422836,ESO000717,ESO,Espace Services Ooredoo,فضاء خدمات أوريدو,R. 1er novembre,Timimoun,تيميمون,49,Timimoun,109,Adrar,29.2627,0.230688,exact
51-001,ooredoo.dz,1422914,ESO000805,ESO,Espace Services Ooredoo,فضاء خدمات أوريدو,15 CITÉ 50 LOGTS BT:03,Ouled Djellal,أولاد جلال,51,Ouled Djellal,705,Biskra,34.4313,5.06028,exact
51-002,ooredoo.dz,1422916,ESO000437,ESO,Espace Services Ooredoo,فضاء خدمات أوريدو,05 R. SAHBI AISSA,Ouled Djellal,أولاد جلال,51,Sidi Khaled,708,Biskra,34.3969,5.00333,exact
51-003,ooredoo.dz,1422918,ESO000377,ESO,Espace Services Ooredoo,فضاء خدمات أوريدو,CTE.  EL AMARI KHALIFA EL SETHA DOUCEN,Ouled Djellal,أولاد جلال,51,Doucen,709,Biskra,34.5981,5.10361,exact
55-001,ooredoo.dz,1423458,EO TOUGGOURT,EO,Espace Ooredoo,فضاء أوريدو,TOUGGOURT,Touggourt,توقرت,55,Touggourt,3013,Ouargla,33.1056,6.06701,exact
55-002,ooredoo.dz,1423462,ESO000168,ESO,Espace Services Ooredoo,فضاء خدمات أوريدو,LOCAL N07 A COTE DU COMPLEX RTE. DE  EL OUED-TEBESBEST,Touggourt,توقرت,55,Tebesbest,3007,Ouargla,33.1086,6.07667,exact
56-001,ooredoo.dz,1423534,ESO000258,ESO,Espace Services Ooredoo,فضاء خدمات أوريدو,ANCIEN MARCHE CTRE VILLE,Djanet,جانت,56,Djanet,3302,Illizi,24.5528,9.48333,exact
57-001,ooredoo.dz,1423604,ESO000192,ESO,Espace Services Ooredoo,فضاء خدمات أوريدو,CITE.36 LOGTS N°15 EL DJAMAA,El M'Ghair,المغير,57,Sidi Amrane,3930,El Oued,33.5344,5.99028,exact
58-001,ooredoo.dz,1467493,ESO000362,ESO,Espace Services Ooredoo,فضاء خدمات أوريدو,R. DIDOUCHE MOURAD,El Meniaa,المنيعة,58,El Meniaa,5801,Ghardaia,30.5839,2.88174,exact
58-002,ooredoo.dz,1467503,ESO000779,ESO,Espace Services Ooredoo,فضاء خدمات أوريدو,place de la république N°33 lot 35 copropriété 16,El Meniaa,المنيعة,58,El Meniaa,5801,Ghardaia,31.6154,2.21408,exact
59-001,ooredoo.dz,1467521,EO AFLOU,EO,Espace Ooredoo,فضاء أوريدو,R Emir Abdel Kader Ctre Ville - AFLOU,Aflou,آفلو,59,Aflou,319,Laghouat,34.1139,2.10203,exact
60-001,ooredoo.dz,1467371,ESO000787,ESO,Espace Services Ooredoo,فضاء خدمات أوريدو,R.PRINCIPALE DJEZZAR,Barika,بريكة,60,Djezzar,543,Batna,35.5094,5.26677,exact
60-002,ooredoo.dz,1467522,EO BARIKA,EO,Espace Ooredoo,فضاء أوريدو,R du 1er Nov - BARIKA,Barika,بريكة,60,Barika,542,Batna,35.386,5.3668,exact
62-001,ooredoo.dz,1422982,ESO000797,ESO,Espace Services Ooredoo,فضاء خدمات أوريدو,CTE. HOUARI BOUMEDIENE LOCAL N° 05,Bir El Ater,بئر العاتر,62,Bir-El-Ater,1202,Tebessa,34.7387,8.05456,exact
64-001,ooredoo.dz,1425547,ESO000158,ESO,Espace Services Ooredoo,فضاء خدمات أوريدو,BD.  18 AVRIL 45,Ksar Chellala,قصر الشلالة,64,Ksar Chellala,1429,Tiaret,35.2172,2.31556,exact
65-001,ooredoo.dz,1423162,EO AIN OUESSARA,EO,Espace Ooredoo,فضاء أوريدو,AIN OUESSARA,Aïn Oussera,عين وسارة,65,Aïn Oussera,1731,Djelfa,35.4553,2.90383,exact
65-002,ooredoo.dz,1467411,ESO000161,ESO,Espace Services Ooredoo,فضاء خدمات أوريدو,CTE. DE L'HOPITAL ALI AMMEURLOT N1279 N02,Aïn Oussera,عين وسارة,65,Aïn Oussera,1731,Djelfa,35.4556,2.90389,exact
66-001,ooredoo.dz,1423172,ESO000745,ESO,Espace Services Ooredoo,فضاء خدمات أوريدو,R.Tahiri Abderahmane BAT 314 porte 29,Messaad,مسعد,66,Messaad,1717,Djelfa,34.1548,3.49025,exact
67-001,ooredoo.dz,1423380,ESO000519,ESO,Espace Services Ooredoo,فضاء خدمات أوريدو,N°02 CHAHBOUNIA,Ksar El Boukhari,قصر البخاري,67,Chabounia,2638,Medea,35.5414,2.60028,exact
67-002,ooredoo.dz,1423550,EO BOUMERDES,EO,Espace Ooredoo,فضاء أوريدو,BOUMERDES,Ksar El Boukhari,قصر البخاري,67,Ain Ouksir,2641,Boumerdes,35.7535,3.47341,exact
67-003,ooredoo.dz,1467447,ESO000163,ESO,Espace Services Ooredoo,فضاء خدمات أوريدو,COMMUNE-CHELALET EL ADHAOURA CENTRE,Ksar El Boukhari,قصر البخاري,67,Chelalet El Adhaoura,2618,Medea,35.9386,3.4125,exact
67-004,ooredoo.dz,1467449,ESO000386,ESO,Espace Services Ooredoo,فضاء خدمات أوريدو,CTE. JINI,Ksar El Boukhari,قصر البخاري,67,Ksar El Boukhari,2635,Medea,35.8861,2.74722,exact
68-001,ooredoo.dz,1423426,ESO000813,ESO,Espace Services Ooredoo,فضاء خدمات أوريدو,LOCAL N°52 BOUARIR,Bou Saâda,بوسعادة,68,Ain El Melh,2841,M'Sila,34.8465,4.16257,exact
68-002,ooredoo.dz,1467577,EO BOUSAADA,EO,Espace Ooredoo,فضاء أوريدو,"Hai El Nacer, R 04/138 Med Atik - BOUSAADA",Bou Saâda,بوسعادة,68,Bou Saada,2820,M'Sila,35.2108,4.17783,exact
69-001,ooredoo.dz,1423528,ESO000718,ESO,Espace Services Ooredoo,فضاء خدمات أوريدو,El Abiodh Sidi Cheikh lot lot 43 coop N°23,El Abiodh Sidi Cheikh,الأبيض سيدي الشيخ,69,Labiodh Sidi Cheikh,3207,El Bayadh,32.8973,0.544258,exact
69-002,ooredoo.dz,1423530,ESO000720,ESO,Espace Services Ooredoo,فضاء خدمات أوريدو,résidence Rosiers N°2 projet 32 logts bat A lot 5 Bouakab,El Abiodh Sidi Cheikh,الأبيض سيدي الشيخ,69,Labiodh Sidi Cheikh,3207,El Bayadh,32.8973,0.544258,exact
