id,commune_name_fr,commune_name_ar,daira_name_fr,wilaya_code,wilaya_name_fr,wilaya_name_ar,postal_code
1,Adrar,أدرار,Adrar,1,Adrar,أدرار,01000
2,Akabli,اقبلي,Aoulef,1,Adrar,أدرار,01004
3,Aoulef,أولف,Aoulef,1,Adrar,أدرار,01003
4,Bouda,بودة,Adrar,1,Adrar,أدرار,01001
5,Fenoughil,فنوغيل,Fenoughil,1,Adrar,أدرار,01007
6,In Zghmir,إن زغمير,Zaouiet Kounta,1,Adrar,أدرار,01015
7,Ouled Ahmed Timmi,أولاد أحمد تيمي,Adrar,1,Adrar,أدرار,01002
8,Reggane,رقان,Reggane,1,Adrar,أدرار,01010
9,Sali,سالي,Reggane,1,Adrar,أدرار,01011
10,Sebaa,السبع,Tsabit,1,Adrar,أدرار,01013
11,Tamantit,تامنطيط,Fenoughil,1,Adrar,أدرار,01008
12,Tamest,تامست,Fenoughil,1,Adrar,أدرار,01009
13,Timekten,تيمقتن,Aoulef,1,Adrar,أدرار,01005
14,Tit,تيت,Aoulef,1,Adrar,أدرار,01006
15,Tsabit,تسابيت,Tsabit,1,Adrar,أدرار,01012
16,Zaouiet Kounta,زاوية كنتة,Zaouiet Kounta,1,Adrar,أدرار,01014
17,Abou El Hassane,أبو الحسن,Abou El Hassan,2,Chlef,الشلف,02018
18,Ain Merane,عين مران,Aïn Merane,2,Chlef,الشلف,02031
19,Benairia,بنايرية,Zeboudja,2,Chlef,الشلف,02022
20,Beni  Bouattab,بني بوعتاب,El Karimia,2,Chlef,الشلف,02017
21,Beni Haoua,بني حواء,Beni Haoua,2,Chlef,الشلف,02026
22,Beni Rached,بني راشد,Oued Fodda,2,Chlef,الشلف,02013
23,Boukadir,بوقادير,Boukadir,2,Chlef,الشلف,02006
24,Bouzeghaia,بوزغاية,Zeboudja,2,Chlef,الشلف,02023
25,Breira,بريرة,Beni Haoua,2,Chlef,الشلف,02028
26,Chettia,الشطية,Ouled Fares,2,Chlef,الشلف,02010
27,Chlef,الشلف,Chlef,2,Chlef,الشلف,02000
28,Dahra,الظهرة,Taougrite,2,Chlef,الشلف,02025
29,El Hadjadj,الحجاج,Ouled Ben Abdelkader,2,Chlef,الشلف,02034
30,El Karimia,الكريمية,El Karimia,2,Chlef,الشلف,02015
31,El Marsa,المرسى,El Marsa,2,Chlef,الشلف,02029
32,Harchoun,حرشون,El Karimia,2,Chlef,الشلف,02016
33,Herenfa,الهرانفة,Aïn Merane,2,Chlef,الشلف,02032
34,Labiod Medjadja,الأبيض مجاجة,Ouled Fares,2,Chlef,الشلف,02011
35,Moussadek,مصدق,El Marsa,2,Chlef,الشلف,02030
36,Oued Fodda,وادي الفضة,Oued Fodda,2,Chlef,الشلف,02012
37,Oued Goussine,وادي قوسين,Beni Haoua,2,Chlef,الشلف,02027
38,Oued Sly,وادي سلي,Boukadir,2,Chlef,الشلف,02008
39,Ouled Abbes,أولاد عباس,Oued Fodda,2,Chlef,الشلف,02014
40,Ouled Ben Abdelkader,أولاد بن عبد القادر,Ouled Ben Abdelkader,2,Chlef,الشلف,02033
41,Ouled Fares,أولاد فارس,Ouled Fares,2,Chlef,الشلف,02009
42,Oum Drou,أم الدروع,Chlef,2,Chlef,الشلف,02002
43,Sendjas,سنجاس,Chlef,2,Chlef,الشلف,02001
44,Sidi Abderrahmane,سيدي عبد الرحمن,Ténès,2,Chlef,الشلف,02005
45,Sidi Akkacha,سيدي عكاشة,Ténès,2,Chlef,الشلف,02004
46,Sobha,الصبحة,Boukadir,2,Chlef,الشلف,02007
47,Tadjena,تاجنة,Abou El Hassan,2,Chlef,الشلف,02019
48,Talassa,تلعصة,Abou El Hassan,2,Chlef,الشلف,02020
49,Taougrit,تاوقريت,Taougrite,2,Chlef,الشلف,02024
50,Tenes,تنس,Ténès,2,Chlef,الشلف,02003
51,Zeboudja,الزبوجة,Zeboudja,2,Chlef,الشلف,02021
52,Ain Madhi,عين ماضي,Aïn Madhi,3,Laghouat,الأغواط,03007
53,Benacer Benchohra,بن ناصر بن شهرة,Ksar El Hirane,3,Laghouat,الأغواط,03002
54,El Assafia,العسافية,Sidi Makhlouf,3,Laghouat,الأغواط,03004
55,El Haouaita,الحويطة,Aïn Madhi,3,Laghouat,الأغواط,03010
56,Hassi Delaa,حاسي الدلاعة,Hassi R'Mel,3,Laghouat,الأغواط,03005
57,Hassi R'mel,حاسي الرمل,Hassi R'Mel,3,Laghouat,الأغواط,03006
58,Kheneg,الخنق,Aïn Madhi,3,Laghouat,الأغواط,03011
59,Ksar El Hirane,قصر الحيران,Ksar El Hirane,3,Laghouat,الأغواط,03001
60,Laghouat,الأغواط,Laghouat,3,Laghouat,الأغواط,03000
61,Sidi Makhlouf,سيدي مخلوف,Sidi Makhlouf,3,Laghouat,الأغواط,03003
62,Tadjemout,تاجموت,Aïn Madhi,3,Laghouat,الأغواط,03008
63,Tadjrouna,تاجرونة,Aïn Madhi,3,Laghouat,الأغواط,03009
64,Ain Babouche,عين ببوش,Aïn Babouche,4,Oum El Bouaghi,أم البواقي,04008
65,Ain Beida,عين البيضاء,Aïn Beïda,4,Oum El Bouaghi,أم البواقي,04002
66,Ain Diss,عين الديس,Aïn Babouche,4,Oum El Bouaghi,أم البواقي,04009
67,Ain Fekroun,عين فكرون,Aïn Fakroun,4,Oum El Bouaghi,أم البواقي,04018
68,Ain Kercha,عين كرشة,Aïn Kercha,4,Oum El Bouaghi,أم البواقي,04015
69,Ain M'lila,عين مليلة,Aïn M'lila,4,Oum El Bouaghi,أم البواقي,04005
70,Ain Zitoun,عين الزيتون,Oum El Bouaghi,4,Oum El Bouaghi,أم البواقي,04001
71,Behir Chergui,بحير الشرقي,Meskiana,4,Oum El Bouaghi,أم البواقي,04026
72,Berriche,بريش,Aïn Beïda,4,Oum El Bouaghi,أم البواقي,04004
73,Bir Chouhada,بئر الشهداء,Souk Naamane,4,Oum El Bouaghi,أم البواقي,04021
74,Dhalaa,الضلعة,Dhalaa,4,Oum El Bouaghi,أم البواقي,04013
75,El Amiria,العامرية,Sigus,4,Oum El Bouaghi,أم البواقي,04012
76,El Belala,البلالة,Meskiana,4,Oum El Bouaghi,أم البواقي,04027
77,El Djazia,الجازية,Dhalaa,4,Oum El Bouaghi,أم البواقي,04014
78,El Fedjoudj Boughrara Sa,الفجوج بوغرارة سعودي,Aïn Fakroun,4,Oum El Bouaghi,أم البواقي,04019
79,El Harmilia,الحرملية,Aïn Kercha,4,Oum El Bouaghi,أم البواقي,04016
80,Fkirina,فكيرينة,Fkirina,4,Oum El Bouaghi,أم البواقي,04023
81,Hanchir Toumghani,هنشير تومغني,Aïn Kercha,4,Oum El Bouaghi,أم البواقي,04017
82,Ksar Sbahi,قصر الصباحي,Ksar Sbahi,4,Oum El Bouaghi,أم البواقي,04010
83,Meskiana,مسكيانة,Meskiana,4,Oum El Bouaghi,أم البواقي,04025
84,Oued Nini,وادي نيني,Fkirina,4,Oum El Bouaghi,أم البواقي,04024
85,Ouled Gacem,أولاد قاسم,Aïn M'lila,4,Oum El Bouaghi,أم البواقي,04006
86,Ouled Hamla,أولاد حملة,Aïn M'lila,4,Oum El Bouaghi,أم البواقي,04007
87,Ouled Zouai,أولاد زواي,Souk Naamane,4,Oum El Bouaghi,أم البواقي,04022
88,Oum El Bouaghi,أم البواقي,Oum El Bouaghi,4,Oum El Bouaghi,أم البواقي,04000
89,Rahia,الرحية,Meskiana,4,Oum El Bouaghi,أم البواقي,04028
90,Sigus,سيقوس,Sigus,4,Oum El Bouaghi,أم البواقي,04011
91,Souk Naamane,سوق نعمان,Souk Naamane,4,Oum El Bouaghi,أم البواقي,04020
92,Zorg,الزرق,Aïn Beïda,4,Oum El Bouaghi,أم البواقي,04003
93,Ain Djasser,عين جاسر,Aïn Djasser,5,Batna,باتنة,05003
94,Ain Touta,عين التوتة,Aïn Touta,5,Batna,باتنة,05005
95,Ain Yagout,عين ياقوت,El Madher,5,Batna,باتنة,05022
96,Arris,أريس,Arris,5,Batna,باتنة,05009
97,Batna,باتنة,Batna,5,Batna,باتنة,05000
98,Beni Foudhala El Hakania,بني فضالة الحقانية,Aïn Touta,5,Batna,باتنة,05006
99,Boulhilat,بولهيلات,Chemora,5,Batna,باتنة,05017
100,Boumagueur,بومقر,N'Gaous,5,Batna,باتنة,05035
101,Boumia,بومية,El Madher,5,Batna,باتنة,05023
102,Bouzina,بوزينة,Bouzina,5,Batna,باتنة,05014
103,Chemora,الشمرة,Chemora,5,Batna,باتنة,05016
104,Chir,شير,Teniet El Abed,5,Batna,باتنة,05055
105,Djerma,جرمة,El Madher,5,Batna,باتنة,05024
106,El Hassi,الحاسي,Aïn Djasser,5,Batna,باتنة,05004
107,El Madher,المعذر,El Madher,5,Batna,باتنة,05021
108,Fesdis,فسديس,Batna,5,Batna,باتنة,05001
109,Foum Toub,فم الطوب,Ichmoul,5,Batna,باتنة,05026
110,Ghassira,غسيرة,T'Kout,5,Batna,باتنة,05060
111,Gosbat,القصبات,Ras El Aioun,5,Batna,باتنة,05041
112,Guigba,القيقبة,Ras El Aioun,5,Batna,باتنة,05042
113,Hidoussa,حيدوسة,Merouana,5,Batna,باتنة,05033
114,Ichemoul,إشمول,Ichmoul,5,Batna,باتنة,05025
115,Inoughissen,إينوغيسن,Ichmoul,5,Batna,باتنة,05027
116,Kimmel,كيمل,T'Kout,5,Batna,باتنة,05059
117,Ksar Bellezma,قصر بلزمة,Merouana,5,Batna,باتنة,05032
118,Larbaa,لارباع,Bouzina,5,Batna,باتنة,05015
119,Lazrou,لازرو,Seriana,5,Batna,باتنة,05049
120,Lemcene,لمسان,Ouled Si Slimane,5,Batna,باتنة,05039
121,Maafa,معافة,Aïn Touta,5,Batna,باتنة,05007
122,Menaa,منعة,Menaa,5,Batna,باتنة,05028
123,Merouana,مروانة,Merouana,5,Batna,باتنة,05030
124,N Gaous,نقاوس,N'Gaous,5,Batna,باتنة,05034
125,Oued Chaaba,وادي الشعبة,Batna,5,Batna,باتنة,05002
126,Oued El Ma,وادي الماء,Merouana,5,Batna,باتنة,05031
127,Oued Taga,وادي الطاقة,Teniet El Abed,5,Batna,باتنة,05054
128,Ouled Aouf,أولاد عوف,Aïn Touta,5,Batna,باتنة,05008
129,Ouled Fadel,أولاد فاضل,Timgad,5,Batna,باتنة,05057
130,Ouled Sellem,أولاد سلام,Ras El Aioun,5,Batna,باتنة,05045
131,Ouled Si Slimane,أولاد سي سليمان,Ouled Si Slimane,5,Batna,باتنة,05037
132,Ouyoun El Assafir,عيون العصافير,Tazoult,5,Batna,باتنة,05052
133,Rahbat,الرحبات,Ras El Aioun,5,Batna,باتنة,05043
134,Ras El Aioun,رأس العيون,Ras El Aioun,5,Batna,باتنة,05040
135,Sefiane,سفيان,N'Gaous,5,Batna,باتنة,05036
136,Seriana,سريانة,Seriana,5,Batna,باتنة,05048
137,T Kout,تكوت,T'Kout,5,Batna,باتنة,05058
138,Talkhamt,تالخمت,Ras El Aioun,5,Batna,باتنة,05044
139,Taxlent,تاكسلانت,Ouled Si Slimane,5,Batna,باتنة,05038
140,Tazoult,تازولت,Tazoult,5,Batna,باتنة,05051
141,Teniet El Abed,ثنية العابد,Teniet El Abed,5,Batna,باتنة,05053
142,Tighanimine,تيغانمين,Arris,5,Batna,باتنة,05010
143,Tigharghar,تغرغار,Menaa,5,Batna,باتنة,05029
144,Timgad,تيمقاد,Timgad,5,Batna,باتنة,05056
145,Zanet El Beida,زانة البيضاء,Seriana,5,Batna,باتنة,05050
146,Adekar,أدكار,Adekar,6,Béjaïa,بجاية,06006
147,Ait R'zine,أيت رزين,Ighil Ali,6,Béjaïa,بجاية,06029
148,Ait-Smail,أيت إسماعيل,Darguina,6,Béjaïa,بجاية,06023
149,Akbou,أقبو,Akbou,6,Béjaïa,بجاية,06009
150,Akfadou,أكفادو,Chemini,6,Béjaïa,بجاية,06021
151,Amalou,أمالو,Seddouk,6,Béjaïa,بجاية,06034
152,Amizour,أميزور,Amizour,6,Béjaïa,بجاية,06002
153,Aokas,أوقاس,Aokas,6,Béjaïa,بجاية,06013
154,Barbacha,برباشة,Barbacha,6,Béjaïa,بجاية,06015
155,Bejaia,بجاية,Béjaïa,6,Béjaïa,بجاية,06000
156,Beni Djellil,بني جليل,Amizour,6,Béjaïa,بجاية,06003
157,Beni K'sila,بني كسيلة,Adekar,6,Béjaïa,بجاية,06008
158,Beni-Mallikeche,بني مليكش,Beni Maouche,6,Béjaïa,بجاية,06017
159,Benimaouche,بني معوش,Timezrit,6,Béjaïa,بجاية,06051
160,Boudjellil,بو جليل,Tazmalt,6,Béjaïa,بجاية,06046
161,Bouhamza,بوحمزة,Seddouk,6,Béjaïa,بجاية,06036
162,Boukhelifa,بوخليفة,Tichy,6,Béjaïa,بجاية,06048
163,Chellata,شلاطة,Akbou,6,Béjaïa,بجاية,06010
164,Chemini,شميني,Chemini,6,Béjaïa,بجاية,06018
165,Darguina,درقينة,Darguina,6,Béjaïa,بجاية,06022
166,Dra El Caid,ذراع القايد,Kherrata,6,Béjaïa,بجاية,06031
167,El Kseur,القصر,El Kseur,6,Béjaïa,بجاية,06025
168,Fenaia Il Maten,فناية الماثن,El Kseur,6,Béjaïa,بجاية,06026
169,Feraoun,فرعون,Amizour,6,Béjaïa,بجاية,06005
170,Ighil-Ali,إغيل علي,Ighil Ali,6,Béjaïa,بجاية,06028
171,Ighram,اغرم,Akbou,6,Béjaïa,بجاية,06011
172,Kendira,كنديرة,Barbacha,6,Béjaïa,بجاية,06016
173,Kherrata,خراطة,Kherrata,6,Béjaïa,بجاية,06030
174,Leflaye,الفلاي,Sidi-Aïch,6,Béjaïa,بجاية,06038
175,M'cisna,مسيسنة,Seddouk,6,Béjaïa,بجاية,06035
176,Melbou,مالبو,Souk El Ténine,6,Béjaïa,بجاية,06043
177,Oued Ghir,وادي غير,Béjaïa,6,Béjaïa,بجاية,06001
178,Ouzellaguen,أوزلاقن,Ouzellaguen,6,Béjaïa,بجاية,06032
179,Seddouk,صدوق,Seddouk,6,Béjaïa,بجاية,06033
180,Sidi Ayad,سيدي عياد,Sidi-Aïch,6,Béjaïa,بجاية,06041
181,Sidi-Aich,سيدي عيش,Sidi-Aïch,6,Béjaïa,بجاية,06037
182,Smaoun,سمعون,Amizour,6,Béjaïa,بجاية,06004
183,Souk El Tenine,سوق لإثنين,Souk El Ténine,6,Béjaïa,بجاية,06042
184,Souk Oufella,سوق اوفلا,Chemini,6,Béjaïa,بجاية,06020
185,Tala Hamza,تالة حمزة,Tichy,6,Béjaïa,بجاية,06049
186,Tamokra,تامقرة,Akbou,6,Béjaïa,بجاية,06012
187,Tamridjet,تامريجت,Souk El Ténine,6,Béjaïa,بجاية,06044
188,Taourit Ighil,تاوريرت إغيل,Adekar,6,Béjaïa,بجاية,06007
189,Taskriout,تاسكريوت,Darguina,6,Béjaïa,بجاية,06024
190,Tazmalt,تازمالت,Tazmalt,6,Béjaïa,بجاية,06045
191,Tibane,طيبان,Chemini,6,Béjaïa,بجاية,06019
192,Tichy,تيشي,Tichy,6,Béjaïa,بجاية,06047
193,Tifra,تيفرة,Sidi-Aïch,6,Béjaïa,بجاية,06040
194,Timezrit,تيمزريت,Timezrit,6,Béjaïa,بجاية,06050
195,Tinebdar,تينبدار,Sidi-Aïch,6,Béjaïa,بجاية,06039
196,Tizi-N'berber,تيزي نبربر,Aokas,6,Béjaïa,بجاية,06014
197,Toudja,توجة,El Kseur,6,Béjaïa,بجاية,06027
198,Ain Naga,عين الناقة,Sidi Okba,7,Biskra,بسكرة,07010
199,Biskra,بسكرة,Biskra,7,Biskra,بسكرة,07000
200,Bordj Ben Azzouz,برج بن عزوز,Tolga,7,Biskra,بسكرة,07022
201,Bouchakroun,بوشقرون,Tolga,7,Biskra,بسكرة,07021
202,Chetma,شتمة,Sidi Okba,7,Biskra,بسكرة,07008
203,El Feidh,الفيض,Zeribet El Oued,7,Biskra,بسكرة,07013
204,El Ghrous,الغروس,Foughala,7,Biskra,بسكرة,07031
205,El Hadjab,الحاجب,Biskra,7,Biskra,بسكرة,07001
206,El Haouch,الحوش,Sidi Okba,7,Biskra,بسكرة,07009
207,Foughala,فوغالة,Foughala,7,Biskra,بسكرة,07030
208,Khenguet Sidi Nadji,خنقة سيدي ناجي,Zeribet El Oued,7,Biskra,بسكرة,07014
209,Lichana,ليشانة,Tolga,7,Biskra,بسكرة,07023
210,Lioua,ليوة,Ourlal,7,Biskra,بسكرة,07016
211,M'chouneche,مشونش,M'Chouneche,7,Biskra,بسكرة,07006
212,M'lili,مليلي,Ourlal,7,Biskra,بسكرة,07019
213,Mekhadma,مخادمة,Ourlal,7,Biskra,بسكرة,07018
214,Meziraa,المزيرعة,Zeribet El Oued,7,Biskra,بسكرة,07012
215,Oumache,أوماش,Ourlal,7,Biskra,بسكرة,07017
216,Ourlal,أورلال,Ourlal,7,Biskra,بسكرة,07015
217,Sidi Okba,سيدي عقبة,Sidi Okba,7,Biskra,بسكرة,07007
218,Tolga,طولقة,Tolga,7,Biskra,بسكرة,07020
219,Zeribet El Oued,زريبة الوادي,Zeribet El Oued,7,Biskra,بسكرة,07011
220,Abadla,العبادلة,Abadla,8,Béchar,بشار,08008
221,Bechar,بشار,Béchar,8,Béchar,بشار,08000
222,Beni-Ounif,بني ونيف,Beni Ounif,8,Béchar,بشار,08001
223,Boukais,بوكايس,Lahmar,8,Béchar,بشار,08003
224,Erg-Ferradj,عرق فراج,Abadla,8,Béchar,بشار,08009
225,Kenadsa,القنادسة,Kenadsa,8,Béchar,بشار,08005
226,Lahmar,لحمر,Lahmar,8,Béchar,بشار,08002
227,Machraa-Houari-Boumediene,مشرع هواري بومدين,Abadla,8,Béchar,بشار,08010
228,Meridja,المريجة,Kenadsa,8,Béchar,بشار,08006
229,Mogheul,موغل,Lahmar,8,Béchar,بشار,08004
230,Tabelbala,تبلبالة,Tabelbala,8,Béchar,بشار,52007
231,Taghit,تاغيت,Taghit,8,Béchar,بشار,08007
232,Ain Romana,عين الرمانة,Mouzaïa,9,Blida,البليدة,09018
233,Beni Mered,بني مراد,Ouled Yaïch,9,Blida,البليدة,09024
234,Beni-Tamou,بني تامو,Oued Alleug,9,Blida,البليدة,09020
235,Benkhelil,بن خليل,Oued Alleug,9,Blida,البليدة,09021
236,Blida,البليدة,Blida,9,Blida,البليدة,09000
237,Bouarfa,بوعرفة,Blida,9,Blida,البليدة,09001
238,Boufarik,بوفاريك,Boufarik,9,Blida,البليدة,09002
239,Bougara,بوقرة,Bougara,9,Blida,البليدة,09005
240,Bouinan,بوعينان,Bouinan,9,Blida,البليدة,09008
241,Chebli,الشبلي,Bouinan,9,Blida,البليدة,09009
242,Chiffa,الشفة,Mouzaïa,9,Blida,البليدة,09017
243,Chrea,الشريعة,Ouled Yaïch,9,Blida,البليدة,09023
244,Djebabra,جبابرة,Meftah,9,Blida,البليدة,09015
245,El-Affroun,العفرون,El Affroun,9,Blida,البليدة,09010
246,Guerrouaou,قرواو,Boufarik,9,Blida,البليدة,09004
247,Hammam Elouane,حمام ملوان,Bougara,9,Blida,البليدة,09006
248,Larbaa,الأربعاء,Larbaâ,9,Blida,البليدة,09012
249,Meftah,مفتاح,Meftah,9,Blida,البليدة,09014
250,Mouzaia,موزاية,Mouzaïa,9,Blida,البليدة,09016
251,Oued  Djer,وادي جر,El Affroun,9,Blida,البليدة,09011
252,Oued El Alleug,وادي العلايق,Oued Alleug,9,Blida,البليدة,09019
253,Ouled Slama,اولاد سلامة,Bougara,9,Blida,البليدة,09007
254,Ouled Yaich,أولاد يعيش,Ouled Yaïch,9,Blida,البليدة,09022
255,Souhane,صوحان,Larbaâ,9,Blida,البليدة,09013
256,Soumaa,الصومعة,Boufarik,9,Blida,البليدة,09003
257,Aghbalou,أغبالو,M'Chedallah,10,Bouira,البويرة,10014
258,Ahl El Ksar,أهل القصر,Bechloul,10,Bouira,البويرة,10008
259,Ain El Hadjar,عين الحجر,Aïn Bessem,10,Bouira,البويرة,10030
260,Ain Laloui,عين العلوي,Aïn Bessem,10,Bouira,البويرة,10029
261,Ain Turk,عين الترك,Aïn El Turk,10,Bouira,البويرة,31300
262,Ain-Bessem,عين بسام,Aïn Bessem,10,Bouira,البويرة,10028
263,Ait Laaziz,أيت لعزيز,Bouira,10,Bouira,البويرة,10002
264,Aomar,أعمر,Kadiria,10,Bouira,البويرة,10017
265,Ath Mansour,آث  منصور,M'Chedallah,10,Bouira,البويرة,10015
266,Bechloul,بشلول,Bechloul,10,Bouira,البويرة,10005
267,Bir Ghbalou,بئر غبالو,Bir Ghbalou,10,Bouira,البويرة,10025
268,Bordj Okhriss,برج أوخريص,Bordj Okhriss,10,Bouira,البويرة,10041
269,Bouderbala,بودربالة,Lakhdaria,10,Bouira,البويرة,10022
270,Bouira,البويرة,Bouira,10,Bouira,البويرة,10000
271,Boukram,بوكرم,Lakhdaria,10,Bouira,البويرة,10020
272,Chorfa,شرفة,M'Chedallah,10,Bouira,البويرة,10012
273,Dechmia,الدشمية,Sour El Ghozlane,10,Bouira,البويرة,10039
274,Dirah,ديرة,Sour El Ghozlane,10,Bouira,البويرة,10040
275,Djebahia,جباحية,Kadiria,10,Bouira,البويرة,10018
276,El Adjiba,العجيبة,Bechloul,10,Bouira,البويرة,10007
277,El Asnam,الأسنام,Bechloul,10,Bouira,البويرة,10006
278,El Hachimia,الهاشمية,El Hachimia,10,Bouira,البويرة,10033
279,El Khabouzia,الخبوزية,Bir Ghbalou,10,Bouira,البويرة,10027
280,El-Hakimia,الحاكمية,Sour El Ghozlane,10,Bouira,البويرة,10038
281,El-Mokrani,المقراني,Souk El Khemis,10,Bouira,البويرة,10032
282,Guerrouma,قرومة,Lakhdaria,10,Bouira,البويرة,10024
283,Hadjera Zerga,الحجرة الزرقاء,Bordj Okhriss,10,Bouira,البويرة,10044
284,Haizer,حيزر,Haizer,10,Bouira,البويرة,10003
285,Hanif,حنيف,M'Chedallah,10,Bouira,البويرة,10013
286,Kadiria,قادرية,Kadiria,10,Bouira,البويرة,10016
287,Lakhdaria,الأخضرية,Lakhdaria,10,Bouira,البويرة,10019
288,M Chedallah,أمشدالة,M'Chedallah,10,Bouira,البويرة,10010
289,Maala,معلة,Lakhdaria,10,Bouira,البويرة,10021
290,Maamora,المعمورة,Sour El Ghozlane,10,Bouira,البويرة,10036
291,Mezdour,مزدور,Bordj Okhriss,10,Bouira,البويرة,10042
292,Oued El Berdi,وادي البردي,El Hachimia,10,Bouira,البويرة,10034
293,Ouled Rached,أولاد راشد,Bechloul,10,Bouira,البويرة,10009
294,Raouraoua,روراوة,Bir Ghbalou,10,Bouira,البويرة,10026
295,Ridane,ريدان,Sour El Ghozlane,10,Bouira,البويرة,10037
296,Saharidj,سحاريج,M'Chedallah,10,Bouira,البويرة,10011
297,Souk El Khemis,سوق الخميس,Souk El Khemis,10,Bouira,البويرة,10031
298,Sour El Ghozlane,سور الغزلان,Sour El Ghozlane,10,Bouira,البويرة,10035
299,Taghzout,تاغزوت,Haizer,10,Bouira,البويرة,10004
300,Taguedite,تاقديت,Bordj Okhriss,10,Bouira,البويرة,10043
301,Z'barbar (El Isseri ),زبربر,Lakhdaria,10,Bouira,البويرة,10023
302,Abelsa,ابلسة,Abalessa,11,Tamanrasset,تمنراست,11002
303,Ain Amguel,عين امقل,Tamanrasset,11,Tamanrasset,تمنراست,11001
304,Idles,أدلس,Tazrouk,11,Tamanrasset,تمنراست,11004
305,Tamanrasset,تمنراست,Tamanrasset,11,Tamanrasset,تمنراست,11000
306,Tazrouk,تاظروك,Tazrouk,11,Tamanrasset,تمنراست,11003
307,Ain Zerga,عين الزرقاء,Ouenza,12,Tébessa,تبسة,12010
308,Bedjene,بجن,El Ogla,12,Tébessa,تبسة,12020
309,Bekkaria,بكارية,El Kouif,12,Tébessa,تبسة,12001
310,Bir Dheheb,بئر الذهب,Morsott,12,Tébessa,تبسة,12004
311,Bir Mokkadem,بئر مقدم,Bir Mokkadem,12,Tébessa,تبسة,12015
312,Boukhadra,بوخضرة,El Aouinet,12,Tébessa,تبسة,12008
313,Boulhaf Dyr,بولحاف الدير,El Kouif,12,Tébessa,تبسة,12002
314,Cheria,الشريعة,Cheria,12,Tébessa,تبسة,12026
315,El Kouif,الكويف,El Kouif,12,Tébessa,تبسة,12003
316,El Malabiod,الماء الابيض,El Ma Labiodh,12,Tébessa,تبسة,12007
317,El Meridj,المريج,Ouenza,12,Tébessa,تبسة,12011
318,El Mezeraa,المزرعة,El Ogla,12,Tébessa,تبسة,12019
319,El Ogla,العقلة,El Ogla,12,Tébessa,تبسة,12018
320,El-Aouinet,العوينات,El Aouinet,12,Tébessa,تبسة,12009
321,El-Houidjbet,الحويجبات,El Ma Labiodh,12,Tébessa,تبسة,12006
322,Guorriguer,قريقر,Bir Mokkadem,12,Tébessa,تبسة,12014
323,Hammamet,الحمامات,Bir Mokkadem,12,Tébessa,تبسة,12013
324,Morsott,مرسط,Morsott,12,Tébessa,تبسة,12005
325,Ouenza,الونزة,Ouenza,12,Tébessa,تبسة,12012
326,Oum Ali,أم علي,Oum Ali,12,Tébessa,تبسة,12022
327,Saf Saf El Ouesra,صفصاف الوسرى,Oum Ali,12,Tébessa,تبسة,12023
328,Stah Guentis,سطح قنطيس,El Ogla,12,Tébessa,تبسة,12021
329,Tebessa,تبسة,Tébessa,12,Tébessa,تبسة,12000
330,Telidjen,ثليجان,Cheria,12,Tébessa,تبسة,12027
331,Ain Fetah,عين فتاح,Fellaoucene,13,Tlemcen,تلمسان,13021
332,Ain Fezza,عين فزة,Chetouane,13,Tlemcen,تلمسان,13026
333,Ain Ghoraba,عين غرابة,Mansourah,13,Tlemcen,تلمسان,13035
334,Ain Kebira,عين الكبيرة,Fellaoucene,13,Tlemcen,تلمسان,13022
335,Ain Nehala,عين النحالة,Aïn Tallout,13,Tlemcen,تلمسان,13003
336,Ain Tellout,عين تالوت,Aïn Tallout,13,Tlemcen,تلمسان,13002
337,Ain Youcef,عين يوسف,Remchi,13,Tlemcen,تلمسان,13005
338,Amieur,عمير,Chetouane,13,Tlemcen,تلمسان,13027
339,Azail,العزايل,Beni Snous,13,Tlemcen,تلمسان,13042
340,Bab El Assa,باب العسة,Bab El Assa,13,Tlemcen,تلمسان,13016
341,Beni Bahdel,بني بهدل,Beni Snous,13,Tlemcen,تلمسان,13043
342,Beni Boussaid,بني بوسعيد,Beni Boussaid,13,Tlemcen,تلمسان,13044
343,Beni Khellad,بني خلاد,Honaïne,13,Tlemcen,تلمسان,13052
344,Beni Mester,بني مستر,Mansourah,13,Tlemcen,تلمسان,13001
345,Beni Ouarsous,بني وارسوس,Remchi,13,Tlemcen,تلمسان,13006
346,Beni Smiel,بني صميل,Ouled Mimoun,13,Tlemcen,تلمسان,13025
347,Beni Snous,بني سنوس,Beni Snous,13,Tlemcen,تلمسان,13041
348,Bensekrane,بن سكران,Bensekrane,13,Tlemcen,تلمسان,13040
349,Bouhlou,بوحلو,Sabra,13,Tlemcen,تلمسان,13010
350,Chetouane,شتوان,Chetouane,13,Tlemcen,تلمسان,13028
351,Dar Yaghmoracen,دار يغمراسن,Ghazaouet,13,Tlemcen,تلمسان,13012
352,Djebala,جبالة,Nedroma,13,Tlemcen,تلمسان,13018
353,El Fehoul,الفحول,Remchi,13,Tlemcen,تلمسان,13007
354,Fellaoucene,فلاوسن,Fellaoucene,13,Tlemcen,تلمسان,13020
355,Ghazaouet,الغزوات,Ghazaouet,13,Tlemcen,تلمسان,13011
356,Hammam Boughrara,حمام بوغرارة,Maghnia,13,Tlemcen,تلمسان,13033
357,Hennaya,الحناية,Hennaya,13,Tlemcen,تلمسان,13029
358,Honnaine,هنين,Honaïne,13,Tlemcen,تلمسان,13051
359,M'sirda Fouaga,مسيردة الفواقة,Marsa Ben M'Hidi,13,Tlemcen,تلمسان,13038
360,Maghnia,مغنية,Maghnia,13,Tlemcen,تلمسان,13032
361,Mansourah,منصورة,Mansourah,13,Tlemcen,تلمسان,13034
362,Marsa Ben M'hidi,مرسى بن مهيدي,Marsa Ben M'Hidi,13,Tlemcen,تلمسان,13037
363,Nedroma,ندرومة,Nedroma,13,Tlemcen,تلمسان,13019
364,Oued Lakhdar,وادي الخضر,Ouled Mimoun,13,Tlemcen,تلمسان,13023
365,Ouled Mimoun,أولاد ميمون,Ouled Mimoun,13,Tlemcen,تلمسان,13024
366,Ouled Riyah,أولاد رياح,Hennaya,13,Tlemcen,تلمسان,13030
367,Remchi,الرمشي,Remchi,13,Tlemcen,تلمسان,13004
368,Sabra,صبرة,Sabra,13,Tlemcen,تلمسان,13009
369,Sebbaa Chioukh,سبعة شيوخ,Remchi,13,Tlemcen,تلمسان,13008
370,Sebdou,سبدو,Sebdou,13,Tlemcen,تلمسان,13046
371,Sidi Abdelli,سيدي العبدلي,Bensekrane,13,Tlemcen,تلمسان,13039
372,Sidi Medjahed,سيدي مجاهد,Beni Boussaid,13,Tlemcen,تلمسان,13045
373,Souahlia,السواحلية,Ghazaouet,13,Tlemcen,تلمسان,13013
374,Souani,السواني,Bab El Assa,13,Tlemcen,تلمسان,13015
375,Souk Tleta,سوق الثلاثاء,Bab El Assa,13,Tlemcen,تلمسان,13017
376,Terny Beni Hediel,تيرني بني هديل,Mansourah,13,Tlemcen,تلمسان,13036
377,Tianet,تيانت,Ghazaouet,13,Tlemcen,تلمسان,13014
378,Tlemcen,تلمسان,Tlemcen,13,Tlemcen,تلمسان,13000
379,Zenata,زناتة,Hennaya,13,Tlemcen,تلمسان,13031
380,Ain Bouchekif,عين بوشقيف,Dahmouni,14,Tiaret,تيارت,14017
381,Ain Deheb,عين الذهب,Aïn Deheb,14,Tiaret,تيارت,14005
382,Ain Dzarit,عين دزاريت,Mahdia,14,Tiaret,تيارت,14019
383,Ain El Hadid,عين الحديد,Frenda,14,Tiaret,تيارت,14014
384,Ain Kermes,عين كرمس,Aïn Kermes,14,Tiaret,تيارت,14008
385,Chehaima,شحيمة,Aïn Deheb,14,Tiaret,تيارت,14006
386,Dahmouni,دحموني,Dahmouni,14,Tiaret,تيارت,14016
387,Djebilet Rosfa,جبيلات الرصفاء,Aïn Kermes,14,Tiaret,تيارت,14011
388,Djillali Ben Amar,جيلالي بن عمار,Mechraa Safa,14,Tiaret,تيارت,14032
389,Faidja,الفايجة,Sougueur,14,Tiaret,تيارت,14002
390,Frenda,فرندة,Frenda,14,Tiaret,تيارت,14013
391,Guertoufa,قرطوفة,Rahouia,14,Tiaret,تيارت,14035
392,Madna,مادنة,Aïn Kermes,14,Tiaret,تيارت,14009
393,Mahdia,مهدية,Mahdia,14,Tiaret,تيارت,14018
394,Mechraa Safa,مشرع الصفا,Mechraa Safa,14,Tiaret,تيارت,14031
395,Medrissa,مدريسة,Aïn Kermes,14,Tiaret,تيارت,14010
396,Medroussa,مدروسة,Medroussa,14,Tiaret,تيارت,14028
397,Meghila,مغيلة,Meghila,14,Tiaret,تيارت,14039
398,Mellakou,ملاكو,Medroussa,14,Tiaret,تيارت,14030
399,Nadorah,الناظورة,Mahdia,14,Tiaret,تيارت,14020
400,Naima,النعيمة,Aïn Deheb,14,Tiaret,تيارت,14007
401,Oued Lilli,وادي ليلي,Oued Lilli,14,Tiaret,تيارت,14036
402,Rahouia,الرحوية,Rahouia,14,Tiaret,تيارت,14034
403,Sebaine,السبعين,Mahdia,14,Tiaret,تيارت,14021
404,Sebt,السبت,Meghila,14,Tiaret,تيارت,14040
405,Si Abdelghani,سي عبد الغني,Sougueur,14,Tiaret,تيارت,14003
406,Sidi Abderrahmane,سيدي عبد الرحمن,Aïn Kermes,14,Tiaret,تيارت,14012
407,Sidi Ali Mellal,سيدي علي ملال,Oued Lilli,14,Tiaret,تيارت,14037
408,Sidi Bakhti,سيدي بختي,Medroussa,14,Tiaret,تيارت,14029
409,Sidi Hosni,سيدي حسني,Meghila,14,Tiaret,تيارت,14041
410,Sougueur,السوقر,Sougueur,14,Tiaret,تيارت,14001
411,Tagdempt,تاقدمت,Mechraa Safa,14,Tiaret,تيارت,14033
412,Takhemaret,تخمرت,Frenda,14,Tiaret,تيارت,14015
413,Tiaret,تيارت,Tiaret,14,Tiaret,تيارت,14000
414,Tidda,تيدة,Oued Lilli,14,Tiaret,تيارت,14038
415,Tousnina,توسنينة,Sougueur,14,Tiaret,تيارت,14004
416,Abi-Youcef,أبي يوسف,Aïn El Hammam,15,Tizi Ouzou,تيزي وزو,15002
417,Aghribs,أغريب,Azeffoun,15,Tizi Ouzou,تيزي وزو,15011
418,Agouni-Gueghrane,أقني قغران,Ouadhia,15,Tizi Ouzou,تيزي وزو,15054
419,Ain-El-Hammam,عين الحمام,Aïn El Hammam,15,Tizi Ouzou,تيزي وزو,15001
420,Ain-Zaouia,عين الزاوية,Draâ El Mizan,15,Tizi Ouzou,تيزي وزو,15034
421,Ait Aggouacha,أيت عقـواشة,Larbaâ Nath Irathen,15,Tizi Ouzou,تيزي وزو,15041
422,Ait Bouaddou,أيت بــوادو,Ouadhia,15,Tizi Ouzou,تيزي وزو,15055
423,Ait Boumahdi,أيت بومهدي,Ouacif,15,Tizi Ouzou,تيزي وزو,15051
424,Ait Khellili,أيت خليلي,Mekla,15,Tizi Ouzou,تيزي وزو,15048
425,Ait Yahia Moussa,أيت يحي موسى,Draâ El Mizan,15,Tizi Ouzou,تيزي وزو,15035
426,Ait-Aissa-Mimoun,أيت عيسى ميمون,Ouaguenoun,15,Tizi Ouzou,تيزي وزو,15058
427,Ait-Chafaa,أيت شافع,Azeffoun,15,Tizi Ouzou,تيزي وزو,15012
428,Ait-Mahmoud,أيت محمود,Beni Douala,15,Tizi Ouzou,تيزي وزو,15015
429,Ait-Oumalou,أيت  أومالو,Tizi Rached,15,Tizi Ouzou,تيزي وزو,15066
430,Ait-Toudert,أيت تودرت,Ouacif,15,Tizi Ouzou,تيزي وزو,15052
431,Ait-Yahia,أيت يحيى,Aïn El Hammam,15,Tizi Ouzou,تيزي وزو,15003
432,Akbil,اقبيل,Aïn El Hammam,15,Tizi Ouzou,تيزي وزو,15004
433,Akerrou,أقرو,Azeffoun,15,Tizi Ouzou,تيزي وزو,15013
434,Assi-Youcef,أسي يوسف,Boghni,15,Tizi Ouzou,تيزي وزو,15022
435,Azazga,عزازقة,Azazga,15,Tizi Ouzou,تيزي وزو,15005
436,Azeffoun,أزفون,Azeffoun,15,Tizi Ouzou,تيزي وزو,15010
437,Beni Zmenzer,بنــــي زمنزار,Beni Douala,15,Tizi Ouzou,تيزي وزو,15017
438,Beni-Aissi,بني عيسي,Beni Douala,15,Tizi Ouzou,تيزي وزو,15016
439,Beni-Douala,بني دوالة,Beni Douala,15,Tizi Ouzou,تيزي وزو,15014
440,Beni-Yenni,بني يني,Beni Yenni,15,Tizi Ouzou,تيزي وزو,15018
441,Beni-Zikki,بني زيكــي,Bouzguène,15,Tizi Ouzou,تيزي وزو,15026
442,Boghni,بوغني,Boghni,15,Tizi Ouzou,تيزي وزو,15021
443,Boudjima,بوجيمة,Makouda,15,Tizi Ouzou,تيزي وزو,15046
444,Bounouh,بونوح,Boghni,15,Tizi Ouzou,تيزي وزو,15023
445,Bouzeguene,بوزقــن,Bouzguène,15,Tizi Ouzou,تيزي وزو,15025
446,Draa-Ben-Khedda,ذراع بن خدة,Draâ Ben Khedda,15,Tizi Ouzou,تيزي وزو,15029
447,Draa-El-Mizan,ذراع الميزان,Draâ El Mizan,15,Tizi Ouzou,تيزي وزو,15033
448,Freha,فريحة,Azazga,15,Tizi Ouzou,تيزي وزو,15006
449,Frikat,فريقات,Draâ El Mizan,15,Tizi Ouzou,تيزي وزو,15036
450,Iboudrarene,إبودرارن,Beni Yenni,15,Tizi Ouzou,تيزي وزو,15019
451,Idjeur,إيجــار,Bouzguène,15,Tizi Ouzou,تيزي وزو,15027
452,Iferhounene,إفــرحــونان,Iferhounène,15,Tizi Ouzou,تيزي وزو,15037
453,Ifigha,إيفيغاء,Azazga,15,Tizi Ouzou,تيزي وزو,15007
454,Iflissen,إفليـــسن,Tigzirt,15,Tizi Ouzou,تيزي وزو,15061
455,Illilten,إيلـيــلتـن,Iferhounène,15,Tizi Ouzou,تيزي وزو,15038
456,Illoula Oumalou,إيلولة أومـــالو,Bouzguène,15,Tizi Ouzou,تيزي وزو,15028
457,Imsouhal,إمســوحال,Iferhounène,15,Tizi Ouzou,تيزي وزو,15039
458,Irdjen,إيرجـــن,Larbaâ Nath Irathen,15,Tizi Ouzou,تيزي وزو,15042
459,Larbaa Nath Irathen,الأربعــاء ناث إيراثن,Larbaâ Nath Irathen,15,Tizi Ouzou,تيزي وزو,15040
460,M'kira,مكيرة,Tizi Gheniff,15,Tizi Ouzou,تيزي وزو,15064
461,Maatkas,معـــاتقة,Mâatkas,15,Tizi Ouzou,تيزي وزو,15043
462,Makouda,ماكودة,Makouda,15,Tizi Ouzou,تيزي وزو,15045
463,Mechtras,مشطراس,Boghni,15,Tizi Ouzou,تيزي وزو,15024
464,Mekla,مقــلع,Mekla,15,Tizi Ouzou,تيزي وزو,15047
465,Mizrana,ميزرانـــة,Tigzirt,15,Tizi Ouzou,تيزي وزو,15062
466,Ouacif,واسيف,Ouacif,15,Tizi Ouzou,تيزي وزو,15050
467,Ouadhias,واضية,Ouadhia,15,Tizi Ouzou,تيزي وزو,15053
468,Ouaguenoun,واقنون,Ouaguenoun,15,Tizi Ouzou,تيزي وزو,15057
469,Sidi Namane,سيدي نعمان,Draâ Ben Khedda,15,Tizi Ouzou,تيزي وزو,15030
470,Souama,صوامـــع,Mekla,15,Tizi Ouzou,تيزي وزو,15049
471,Souk-El-Tenine,سوق الإثنين,Souk El Ténine,15,Tizi Ouzou,تيزي وزو,06042
472,Tadmait,تادمايت,Draâ Ben Khedda,15,Tizi Ouzou,تيزي وزو,15031
473,Tigzirt,تيقـزيرت,Tigzirt,15,Tizi Ouzou,تيزي وزو,15060
474,Timizart,تيمـيزار,Ouaguenoun,15,Tizi Ouzou,تيزي وزو,15059
475,Tirmitine,تيرمتين,Draâ Ben Khedda,15,Tizi Ouzou,تيزي وزو,15032
476,Tizi N'tleta,تيزي نثلاثة,Ouadhia,15,Tizi Ouzou,تيزي وزو,15056
477,Tizi-Gheniff,تيزي غنيف,Tizi Gheniff,15,Tizi Ouzou,تيزي وزو,15063
478,Tizi-Ouzou,تيزي وزو,Tizi Ouzou,15,Tizi Ouzou,تيزي وزو,15000
479,Tizi-Rached,تيزي راشد,Tizi Rached,15,Tizi Ouzou,تيزي وزو,15065
480,Yakourene,إعــكورن,Azazga,15,Tizi Ouzou,تيزي وزو,15008
481,Yatafene,يطــافن,Beni Yenni,15,Tizi Ouzou,تيزي وزو,15020
482,Zekri,زكري,Azazga,15,Tizi Ouzou,تيزي وزو,15009
483,Ain Benian,عين بنيان,Chéraga,16,Alger,الجزائر,16042
484,Ain Taya,عين طاية,Dar El Beïda,16,Alger,الجزائر,16033
485,Alger Centre,الجزائر الوسطى,Sidi M'Hamed,16,Alger,الجزائر,16000
486,Bab El Oued,باب الوادي,Bab El Oued,16,Alger,الجزائر,16008
487,Bab Ezzouar,باب الزوار,Dar El Beïda,16,Alger,الجزائر,16030
488,Baba Hassen,بابا حسن,Draria,16,Alger,الجزائر,16055
489,Bachedjerah,باش جراح,El Harrach,16,Alger,الجزائر,16024
490,Baraki,براقي,Baraki,16,Alger,الجزائر,16026
491,Ben Aknoun,ابن عكنون,Bouzareah,16,Alger,الجزائر,16020
492,Beni Messous,بني مسوس,Bouzareah,16,Alger,الجزائر,16021
493,Bir Mourad Rais,بئر مراد رايس,Bir Mourad Raïs,16,Alger,الجزائر,16013
494,Bir Touta,بئر توتة,Birtouta,16,Alger,الجزائر,16039
495,Birkhadem,بئر خادم,Bir Mourad Raïs,16,Alger,الجزائر,16014
496,Bologhine Ibnou Ziri,بولوغين بن زيري,Bab El Oued,16,Alger,الجزائر,16009
497,Bordj El Bahri,برج البحري,Dar El Beïda,16,Alger,الجزائر,16034
498,Bordj El Kiffan,برج الكيفان,Dar El Beïda,16,Alger,الجزائر,16032
499,Bourouba,بوروبة,El Harrach,16,Alger,الجزائر,16025
500,Bouzareah,بوزريعة,Bouzareah,16,Alger,الجزائر,16019
501,Casbah,القصبة,Bab El Oued,16,Alger,الجزائر,16010
502,Cheraga,الشراقة,Chéraga,16,Alger,الجزائر,16045
503,Dar El Beida,الدار البيضاء,Dar El Beïda,16,Alger,الجزائر,16029
504,Dely Ibrahim,دالي ابراهيم,Chéraga,16,Alger,الجزائر,16044
505,Djasr Kasentina,جسر قسنطينة,Bir Mourad Raïs,16,Alger,الجزائر,16015
506,Douira,الدويرة,Draria,16,Alger,الجزائر,16054
507,Draria,الدرارية,Draria,16,Alger,الجزائر,16053
508,El Achour,العاشور,Draria,16,Alger,الجزائر,16052
509,El Biar,الابيار,Bouzareah,16,Alger,الجزائر,16018
510,El Harrach,الحراش,El Harrach,16,Alger,الجزائر,16022
511,El Madania,المدنية,Sidi M'Hamed,16,Alger,الجزائر,16002
512,El Magharia,المغارية,Hussein Dey,16,Alger,الجزائر,16007
513,El Marsa,المرسى,Dar El Beïda,16,Alger,الجزائر,16035
514,El Mouradia,المرادية,Sidi M'Hamed,16,Alger,الجزائر,16003
515,Hammamet,الحمامات,Chéraga,16,Alger,الجزائر,16043
516,Herraoua,هراوة,Rouïba,16,Alger,الجزائر,16036
517,Hussein Dey,حسين داي,Hussein Dey,16,Alger,الجزائر,16005
518,Hydra,حيدرة,Bir Mourad Raïs,16,Alger,الجزائر,16016
519,Khraissia,الخرايسية,Draria,16,Alger,الجزائر,16056
520,Kouba,القبة,Hussein Dey,16,Alger,الجزائر,16006
521,Les Eucalyptus,الكاليتوس,Baraki,16,Alger,الجزائر,16027
522,Maalma,المعالمة,Zéralda,16,Alger,الجزائر,16049
523,Mohamed Belouzdad,محمد بلوزداد,Hussein Dey,16,Alger,الجزائر,16004
524,Mohammadia,المحمدية,Dar El Beïda,16,Alger,الجزائر,16031
525,Oued Koriche,وادي قريش,Bab El Oued,16,Alger,الجزائر,16011
526,Oued Smar,وادي السمار,El Harrach,16,Alger,الجزائر,16023
527,Ouled Chebel,اولاد شبل,Birtouta,16,Alger,الجزائر,16041
528,Ouled Fayet,اولاد فايت,Chéraga,16,Alger,الجزائر,16046
529,Rahmania,الرحمانية,Zéralda,16,Alger,الجزائر,16050
530,Rais Hamidou,الرايس حميدو,Bab El Oued,16,Alger,الجزائر,16012
531,Reghaia,رغاية,Rouïba,16,Alger,الجزائر,16038
532,Rouiba,الرويبة,Rouïba,16,Alger,الجزائر,16037
533,Sehaoula,السحاولة,Bir Mourad Raïs,16,Alger,الجزائر,16017
534,Sidi M'hamed,سيدي امحمد,Sidi M'Hamed,16,Alger,الجزائر,16001
535,Sidi Moussa,سيدي موسى,Baraki,16,Alger,الجزائر,16028
536,Souidania,سويدانية,Zéralda,16,Alger,الجزائر,16051
537,Staoueli,سطاوالي,Zéralda,16,Alger,الجزائر,16047
538,Tessala El Merdja,تسالة المرجة,Birtouta,16,Alger,الجزائر,16040
539,Zeralda,زرالدة,Zéralda,16,Alger,الجزائر,16048
540,Ain Chouhada,عين الشهداء,El Idrissia,17,Djelfa,الجلفة,17017
541,Ain El Ibel,عين الإبل,Aïn El Ibel,17,Djelfa,الجلفة,17001
542,Ain Maabed,عين معبد,Hassi Bahbah,17,Djelfa,الجلفة,17027
543,Benyagoub,بن يعقوب,Charef,17,Djelfa,الجلفة,17011
544,Charef,الشارف,Charef,17,Djelfa,الجلفة,17009
545,Dar Chioukh,دار الشيوخ,Dar Chioukh,17,Djelfa,الجلفة,17012
546,Djelfa,الجلفة,Djelfa,17,Djelfa,الجلفة,17000
547,Douis,دويس,El Idrissia,17,Djelfa,الجلفة,17016
548,El Guedid,القديد,Charef,17,Djelfa,الجلفة,17010
549,El Idrissia,الادريسية,El Idrissia,17,Djelfa,الجلفة,17015
550,Hassi Bahbah,حاسي بحبح,Hassi Bahbah,17,Djelfa,الجلفة,17024
551,Hassi El Euch,حاسي العش,Hassi Bahbah,17,Djelfa,الجلفة,17026
552,M'liliha,مليليحة,Dar Chioukh,17,Djelfa,الجلفة,17013
553,Moudjebara,مجبارة,Aïn El Ibel,17,Djelfa,الجلفة,17002
554,Sidi Baizid,سيدي بايزيد,Dar Chioukh,17,Djelfa,الجلفة,17014
555,Taadmit,تعظميت,Aïn El Ibel,17,Djelfa,الجلفة,17003
556,Zaafrane,زعفران,Hassi Bahbah,17,Djelfa,الجلفة,17025
557,Zaccar,زكار,Aïn El Ibel,17,Djelfa,الجلفة,17004
558,Bordj T'har,برج الطهر,Chekfa,18,Jijel,جيجل,18011
559,Boudria Beniyadjis,بودريعة بني  ياجيس,Djimla,18,Jijel,جيجل,18027
560,Bouraoui Belhadef,بوراوي بلهادف,El Ancer,18,Jijel,جيجل,18020
561,Boussif Ouled Askeur,بوسيف أولاد عسكر,Taher,18,Jijel,جيجل,18009
562,Chahna,الشحنة,Taher,18,Jijel,جيجل,18007
563,Chekfa,الشقفة,Chekfa,18,Jijel,جيجل,18010
564,Djemaa Beni Habibi,الجمعة بني حبيبي,El Ancer,18,Jijel,جيجل,18019
565,Djimla,جيملة,Djimla,18,Jijel,جيجل,18026
566,El Ancer,العنصر,El Ancer,18,Jijel,جيجل,18018
567,El Aouana,العوانة,El Aouana,18,Jijel,جيجل,18002
568,El Kennar Nouchfi,القنار نشفي,Chekfa,18,Jijel,جيجل,18012
569,El Milia,الميلية,El Milia,18,Jijel,جيجل,18014
570,Emir Abdelkader,الامير عبد القادر,Taher,18,Jijel,جيجل,18006
571,Erraguene Souissi,أراقن سويسي,Ziama Mansouriah,18,Jijel,جيجل,18001
572,Ghebala,غبالة,Settara,18,Jijel,جيجل,18017
573,Jijel,جيجل,Jijel,18,Jijel,جيجل,18000
574,Kaous,قاوس,Texenna,18,Jijel,جيجل,18024
575,Khiri Oued Adjoul,خيري واد عجول,El Ancer,18,Jijel,جيجل,18021
576,Oudjana,وجانة,Taher,18,Jijel,جيجل,18008
577,Ouled Rabah,أولاد رابح,Sidi Maarouf,18,Jijel,جيجل,18023
578,Ouled Yahia Khadrouch,أولاد يحيى خدروش,El Milia,18,Jijel,جيجل,18015
579,Selma Benziada,سلمى بن زيادة,El Aouana,18,Jijel,جيجل,18003
580,Settara,السطارة,Settara,18,Jijel,جيجل,18016
581,Sidi Abdelaziz,سيدي عبد العزيز,Chekfa,18,Jijel,جيجل,18013
582,Sidi Marouf,سيدي معروف,Sidi Maarouf,18,Jijel,جيجل,18022
583,Taher,الطاهير,Taher,18,Jijel,جيجل,18005
584,Texenna,تاكسنة,Texenna,18,Jijel,جيجل,18025
585,Ziama Mansouriah,زيامة منصورية,Ziama Mansouriah,18,Jijel,جيجل,18004
586,Ain Abessa,عين عباسة,Aïn Arnat,19,Sétif,سطيف,19002
587,Ain Arnat,عين أرنات,Aïn Arnat,19,Sétif,سطيف,19001
588,Ain Azel,عين أزال,Aïn Azel,19,Sétif,سطيف,19005
589,Ain El Kebira,عين الكبيرة,Aïn El Kebira,19,Sétif,سطيف,19009
590,Ain Lahdjar,عين الحجر,Aïn Azel,19,Sétif,سطيف,19006
591,Ain Oulmene,عين ولمان,Aïn Oulmene,19,Sétif,سطيف,19012
592,Ain-Legradj,عين لقراج,Beni Ourtilane,19,Sétif,سطيف,19025
593,Ain-Roua,عين الروى,Bougaa,19,Sétif,سطيف,19037
594,Ain-Sebt,عين السبت,Beni Aziz,19,Sétif,سطيف,19022
595,Ait Naoual Mezada,أيت نوال مزادة,Bouandas,19,Sétif,سطيف,19033
596,Ait-Tizi,ايت تيزي,Bouandas,19,Sétif,سطيف,19034
597,Amoucha,عموشة,Amoucha,19,Sétif,سطيف,19016
598,Babor,بابور,Babor,19,Sétif,سطيف,19019
599,Bazer-Sakra,بازر سكرة,El Eulma,19,Sétif,سطيف,19042
600,Beidha Bordj,بيضاء برج,Aïn Azel,19,Sétif,سطيف,19007
601,Bellaa,بلاعة,Bir El Arch,19,Sétif,سطيف,19029
602,Beni Chebana,بني شبانة,Beni Ourtilane,19,Sétif,سطيف,19026
603,Beni Fouda,بني فودة,Djemila,19,Sétif,سطيف,19040
604,Beni Ourtilane,بني ورتيلان,Beni Ourtilane,19,Sétif,سطيف,19024
605,Beni Oussine,بني وسين,Bougaa,19,Sétif,سطيف,19038
606,Beni-Aziz,بني عزيز,Beni Aziz,19,Sétif,سطيف,19021
607,Beni-Mouhli,بني موحلي,Beni Ourtilane,19,Sétif,سطيف,19027
608,Bir Haddada,بئر حدادة,Aïn Azel,19,Sétif,سطيف,19008
609,Bir-El-Arch,بئر العرش,Bir El Arch,19,Sétif,سطيف,19028
610,Bouandas,بوعنداس,Bouandas,19,Sétif,سطيف,19032
611,Bougaa,بوقاعة,Bougaa,19,Sétif,سطيف,19036
612,Bousselam,بوسلام,Bouandas,19,Sétif,سطيف,19035
613,Boutaleb,بوطالب,Salah Bey,19,Sétif,سطيف,19056
614,Dehamcha,الدهامشة,Aïn El Kebira,19,Sétif,سطيف,19010
615,Djemila,جميلة,Djemila,19,Sétif,سطيف,19039
616,Draa-Kebila,ذراع قبيلة,Hammam Guergour,19,Sétif,سطيف,19049
617,El Eulma,العلمة,El Eulma,19,Sétif,سطيف,19041
618,El Ouricia,أوريسيا,Aïn Arnat,19,Sétif,سطيف,19003
619,El-Ouldja,الولجة,Bir El Arch,19,Sétif,سطيف,19030
620,Guellal,قلال,Aïn Oulmene,19,Sétif,سطيف,19013
621,Guelta Zerka,قلتة زرقاء,El Eulma,19,Sétif,سطيف,19043
622,Guenzet,قنزات,Guenzet,19,Sétif,سطيف,19046
623,Guidjel,قجال,Guidjel,19,Sétif,سطيف,19044
624,Hamam Soukhna,حمام السخنة,Hammam Soukhna,19,Sétif,سطيف,19050
625,Hamma,الحامة,Salah Bey,19,Sétif,سطيف,19057
626,Hammam Guergour,حمام قرقور,Hammam Guergour,19,Sétif,سطيف,19048
627,Harbil,حربيل,Guenzet,19,Sétif,سطيف,19047
628,Kasr El Abtal,قصر الابطال,Aïn Oulmene,19,Sétif,سطيف,19014
629,Maaouia,معاوية,Beni Aziz,19,Sétif,سطيف,19023
630,Maouaklane,ماوكلان,Maoklane,19,Sétif,سطيف,19053
631,Mezloug,مزلوق,Aïn Arnat,19,Sétif,سطيف,19004
632,Oued El Bared,واد البارد,Amoucha,19,Sétif,سطيف,19017
633,Ouled Addouane,أولاد عدوان,Aïn El Kebira,19,Sétif,سطيف,19011
634,Ouled Sabor,أولاد صابر,Guidjel,19,Sétif,سطيف,19045
635,Ouled Si Ahmed,أولاد سي أحمد,Aïn Oulmene,19,Sétif,سطيف,19015
636,Ouled Tebben,أولاد تبان,Salah Bey,19,Sétif,سطيف,19058
637,Rosfa,الرصفة,Salah Bey,19,Sétif,سطيف,19059
638,Salah Bey,صالح باي,Salah Bey,19,Sétif,سطيف,19055
639,Serdj-El-Ghoul,سرج الغول,Babor,19,Sétif,سطيف,19020
640,Setif,سطيف,Sétif,19,Sétif,سطيف,19000
641,Tachouda,تاشودة,Bir El Arch,19,Sétif,سطيف,19031
642,Tala-Ifacene,تالة إيفاسن,Maoklane,19,Sétif,سطيف,19054
643,Taya,الطاية,Hammam Soukhna,19,Sétif,سطيف,19051
644,Tella,التلة,Hammam Soukhna,19,Sétif,سطيف,19052
645,Tizi N'bechar,تيزي نبشار,Amoucha,19,Sétif,سطيف,19018
646,Ain El Hadjar,عين الحجر,Aïn El Hadjar,20,Saïda,سعيدة,20001
647,Ain Sekhouna,عين السخونة,El Hassasna,20,Saïda,سعيدة,20009
648,Ain Soltane,عين السلطان,Ouled Brahim,20,Saïda,سعيدة,20013
649,Doui Thabet,دوي ثابت,Youb,20,Saïda,سعيدة,20015
650,El Hassasna,الحساسنة,El Hassasna,20,Saïda,سعيدة,20008
651,Hounet,هونت,Sidi Boubekeur,20,Saïda,سعيدة,20007
652,Maamora,المعمورة,El Hassasna,20,Saïda,سعيدة,20010
653,Moulay Larbi,مولاي العربي,Aïn El Hadjar,20,Saïda,سعيدة,20002
654,Ouled Brahim,أولاد إبراهيم,Ouled Brahim,20,Saïda,سعيدة,20011
655,Ouled Khaled,أولاد خالد,Sidi Boubekeur,20,Saïda,سعيدة,20005
656,Saida,سعيدة,Saïda,20,Saïda,سعيدة,20000
657,Sidi Ahmed,سيدي احمد,Aïn El Hadjar,20,Saïda,سعيدة,20003
658,Sidi Amar,سيدي عمر,Sidi Boubekeur,20,Saïda,سعيدة,20006
659,Sidi Boubekeur,سيدي بوبكر,Sidi Boubekeur,20,Saïda,سعيدة,20004
660,Tircine,تيرسين,Ouled Brahim,20,Saïda,سعيدة,20012
661,Youb,يوب,Youb,20,Saïda,سعيدة,20014
662,Ain Bouziane,عين بوزيان,Sidi Mezghiche,21,Skikda,سكيكدة,21031
663,Ain Charchar,عين شرشار,Azzaba,21,Skikda,سكيكدة,21004
664,Ain Kechra,عين قشرة,Aïn Kechra,21,Skikda,سكيكدة,21022
665,Ain Zouit,عين زويت,El Hadaiek,21,Skikda,سكيكدة,21015
666,Azzaba,عزابة,Azzaba,21,Skikda,سكيكدة,21003
667,Bekkouche Lakhdar,بكوش لخضر,Ben Azzouz,21,Skikda,سكيكدة,21009
668,Ben Azzouz,بن عزوز,Ben Azzouz,21,Skikda,سكيكدة,21008
669,Beni Bechir,بني بشير,Ramdane Djamel,21,Skikda,سكيكدة,21029
670,Beni Oulbane,بني ولبان,Sidi Mezghiche,21,Skikda,سكيكدة,21032
671,Beni Zid,بني زيد,Collo,21,Skikda,سكيكدة,21012
672,Bin El Ouiden,بين الويدان,Tamalous,21,Skikda,سكيكدة,21034
673,Bouchetata,بوشطاطة,El Hadaiek,21,Skikda,سكيكدة,21016
674,Cheraia,الشرايع,Collo,21,Skikda,سكيكدة,21013
675,Collo,القل,Collo,21,Skikda,سكيكدة,21011
676,Djendel Saadi Mohamed,جندل سعدي محمد,Azzaba,21,Skikda,سكيكدة,21005
677,El Arrouch,الحروش,El Harrouch,21,Skikda,سكيكدة,21017
678,El Ghedir,الغدير,Azzaba,21,Skikda,سكيكدة,21006
679,El Hadaiek,الحدائق,El Hadaiek,21,Skikda,سكيكدة,21014
680,El Marsa,المرسى,Ben Azzouz,21,Skikda,سكيكدة,21010
681,Emjez Edchich,مجاز الدشيش,El Harrouch,21,Skikda,سكيكدة,21018
682,Es Sebt,السبت,Azzaba,21,Skikda,سكيكدة,21007
683,Filfila,فلفلة,Skikda,21,Skikda,سكيكدة,21001
684,Hammadi Krouma,حمادي كرومة,Skikda,21,Skikda,سكيكدة,21002
685,Kanoua,قنواع,Zitouna,21,Skikda,سكيكدة,21037
686,Kerkara,الكركرة,Tamalous,21,Skikda,سكيكدة,21035
687,Khenag Maoune,خناق مايو,Ouled Attia,21,Skikda,سكيكدة,21025
688,Oued Zhour,وادي الزهور,Ouled Attia,21,Skikda,سكيكدة,21026
689,Ouldja Boulbalout,الولجة بولبلوط,Aïn Kechra,21,Skikda,سكيكدة,21023
690,Ouled Attia,أولاد عطية,Ouled Attia,21,Skikda,سكيكدة,21024
691,Ouled Habbaba,أولاد حبابة,El Harrouch,21,Skikda,سكيكدة,21019
692,Oum Toub,أم الطوب,Oum Toub,21,Skikda,سكيكدة,21027
693,Ramdane Djamel,رمضان جمال,Ramdane Djamel,21,Skikda,سكيكدة,21028
694,Salah Bouchaour,صالح بو الشعور,El Harrouch,21,Skikda,سكيكدة,21020
695,Sidi Mezghiche,سيدي مزغيش,Sidi Mezghiche,21,Skikda,سكيكدة,21030
696,Skikda,سكيكدة,Skikda,21,Skikda,سكيكدة,21000
697,Tamalous,تمالوس,Tamalous,21,Skikda,سكيكدة,21033
698,Zerdezas,زردازة,El Harrouch,21,Skikda,سكيكدة,21021
699,Zitouna,الزيتونة,Zitouna,21,Skikda,سكيكدة,21036
700,Ain El Berd,عين البرد,Aïn El Berd,22,Sidi Bel Abbès,سيدي بلعباس,22001
701,Ain Kada,عين قادة,Sidi Ali Boussidi,22,Sidi Bel Abbès,سيدي بلعباس,22034
702,Ain Thrid,عين الثريد,Tessala,22,Sidi Bel Abbès,سيدي بلعباس,22050
703,Ain Tindamine,عين تندمين,Moulay Slissen,22,Sidi Bel Abbès,سيدي بلعباس,22022
704,Ain- Adden,عين أدن,Sfisef,22,Sidi Bel Abbès,سيدي بلعباس,22028
705,Amarnas,العمارنة,Sidi Lahcene,22,Sidi Bel Abbès,سيدي بلعباس,22038
706,Bedrabine El Mokrani,بضرابين المقراني,Ben Badis,22,Sidi Bel Abbès,سيدي بلعباس,22006
707,Belarbi,بلعربي,Mostefa Ben Brahim,22,Sidi Bel Abbès,سيدي بلعباس,22019
708,Ben Badis,بن باديس,Ben Badis,22,Sidi Bel Abbès,سيدي بلعباس,22005
709,Benachiba Chelia,بن عشيبة شلية,Tenira,22,Sidi Bel Abbès,سيدي بلعباس,22047
710,Bir El Hammam,بئر الحمام,Marhoum,22,Sidi Bel Abbès,سيدي بلعباس,22011
711,Boudjebaa El Bordj,بوجبهة البرج,Sfisef,22,Sidi Bel Abbès,سيدي بلعباس,22029
712,Boukhanefis,بوخنفيس,Sidi Ali Benyoub,22,Sidi Bel Abbès,سيدي بلعباس,22031
713,Chetouane Belaila,شيطوان البلايلة,Ben Badis,22,Sidi Bel Abbès,سيدي بلعباس,22008
714,Dhaya,الضاية,Telagh,22,Sidi Bel Abbès,سيدي بلعباس,22043
715,El Hacaiba,الحصيبة,Moulay Slissen,22,Sidi Bel Abbès,سيدي بلعباس,22021
716,Hassi Dahou,حاسي دحو,Tenira,22,Sidi Bel Abbès,سيدي بلعباس,22048
717,Hassi Zahana,حاسي زهانة,Ben Badis,22,Sidi Bel Abbès,سيدي بلعباس,22007
718,Lamtar,لمطار,Sidi Ali Boussidi,22,Sidi Bel Abbès,سيدي بلعباس,22035
719,M'cid,مسيد,Sfisef,22,Sidi Bel Abbès,سيدي بلعباس,22027
720,Makedra,مكدرة,Aïn El Berd,22,Sidi Bel Abbès,سيدي بلعباس,22003
721,Marhoum,مرحوم,Marhoum,22,Sidi Bel Abbès,سيدي بلعباس,22009
722,Merine,مرين,Merine,22,Sidi Bel Abbès,سيدي بلعباس,22012
723,Mezaourou,مزاورو,Telagh,22,Sidi Bel Abbès,سيدي بلعباس,22042
724,Mostefa  Ben Brahim,مصطفى بن ابراهيم,Mostefa Ben Brahim,22,Sidi Bel Abbès,سيدي بلعباس,22016
725,Moulay Slissen,مولاي سليسن,Moulay Slissen,22,Sidi Bel Abbès,سيدي بلعباس,22020
726,Oued Sebaa,وادي السبع,Ras El Ma,22,Sidi Bel Abbès,سيدي بلعباس,22024
727,Oued Sefioun,وادي سفيون,Tenira,22,Sidi Bel Abbès,سيدي بلعباس,22046
728,Oued Taourira,وادي تاوريرة,Merine,22,Sidi Bel Abbès,سيدي بلعباس,22014
729,Ras El Ma,راس الماء,Ras El Ma,22,Sidi Bel Abbès,سيدي بلعباس,22023
730,Redjem Demouche,رجم دموش,Ras El Ma,22,Sidi Bel Abbès,سيدي بلعباس,22025
731,Sehala Thaoura,السهالة الثورة,Tessala,22,Sidi Bel Abbès,سيدي بلعباس,22051
732,Sfisef,سفيزف,Sfisef,22,Sidi Bel Abbès,سيدي بلعباس,22026
733,Sidi Ali Benyoub,سيدي علي بن يوب,Sidi Ali Benyoub,22,Sidi Bel Abbès,سيدي بلعباس,22030
734,Sidi Ali Boussidi,سيدي علي بوسيدي,Sidi Ali Boussidi,22,Sidi Bel Abbès,سيدي بلعباس,22033
735,Sidi Bel-Abbes,سيدي بلعباس,Sidi Bel Abbès,22,Sidi Bel Abbès,سيدي بلعباس,22000
736,Sidi Brahim,سيدي ابراهيم,Aïn El Berd,22,Sidi Bel Abbès,سيدي بلعباس,22002
737,Sidi Chaib,سيدي شعيب,Marhoum,22,Sidi Bel Abbès,سيدي بلعباس,22010
738,Sidi Dahou Zairs,سيدي دحو الزاير,Sidi Ali Boussidi,22,Sidi Bel Abbès,سيدي بلعباس,22036
739,Sidi Hamadouche,سيدي حمادوش,Aïn El Berd,22,Sidi Bel Abbès,سيدي بلعباس,22004
740,Sidi Khaled,سيدي خالد,Sidi Lahcene,22,Sidi Bel Abbès,سيدي بلعباس,22039
741,Sidi Lahcene,سيدي لحسن,Sidi Lahcene,22,Sidi Bel Abbès,سيدي بلعباس,22037
742,Sidi Yacoub,سيدي يعقوب,Sidi Lahcene,22,Sidi Bel Abbès,سيدي بلعباس,22040
743,Tabia,طابية,Sidi Ali Benyoub,22,Sidi Bel Abbès,سيدي بلعباس,22032
744,Taoudmout,تاودموت,Merine,22,Sidi Bel Abbès,سيدي بلعباس,22015
745,Tefessour,تفسور,Merine,22,Sidi Bel Abbès,سيدي بلعباس,22013
746,Teghalimet,تغاليمت,Telagh,22,Sidi Bel Abbès,سيدي بلعباس,22044
747,Telagh,تلاغ,Telagh,22,Sidi Bel Abbès,سيدي بلعباس,22041
748,Tenira,تنيرة,Tenira,22,Sidi Bel Abbès,سيدي بلعباس,22045
749,Tessala,تسالة,Tessala,22,Sidi Bel Abbès,سيدي بلعباس,22049
750,Tilmouni,تلموني,Mostefa Ben Brahim,22,Sidi Bel Abbès,سيدي بلعباس,22017
751,Zerouala,زروالة,Mostefa Ben Brahim,22,Sidi Bel Abbès,سيدي بلعباس,22018
752,Ain El Berda,عين الباردة,Aïn Berda,23,Annaba,عنابة,23002
753,Annaba,عنابة,Annaba,23,Annaba,عنابة,23000
754,Berrahal,برحال,Berrahal,23,Annaba,عنابة,23007
755,Chetaibi,شطايبي,Chetaïbi,23,Annaba,عنابة,23010
756,Cheurfa,الشرفة,Aïn Berda,23,Annaba,عنابة,23003
757,El Bouni,البوني,El Bouni,23,Annaba,عنابة,23011
758,El Eulma,العلمة,El Eulma,23,Annaba,عنابة,19041
759,El Hadjar,الحجار,El Hadjar,23,Annaba,عنابة,23005
760,Oued El Aneb,واد العنب,Berrahal,23,Annaba,عنابة,23008
761,Seraidi,سرايدي,Annaba,23,Annaba,عنابة,23001
762,Sidi Amar,سيدي عمار,El Hadjar,23,Annaba,عنابة,23006
763,Treat,التريعات,Berrahal,23,Annaba,عنابة,23009
764,Ain Ben Beida,عين بن بيضاء,Bouchegouf,24,Guelma,قالمة,24018
765,Ain Larbi,عين العربي,Houari Boumédiène,24,Guelma,قالمة,24029
766,Ain Makhlouf,عين مخلوف,Aïn Makhlouf,24,Guelma,قالمة,24009
767,Ain Regada,عين رقادة,Aïn Makhlouf,24,Guelma,قالمة,24011
768,Ain Sandel,عين صندل,Aïn Makhlouf,24,Guelma,قالمة,24010
769,Belkheir,بلخير,Guelma,24,Guelma,قالمة,24001
770,Bendjarah,بن جراح,Guelma,24,Guelma,قالمة,24002
771,Beni Mezline,بني مزلين,Houari Boumédiène,24,Guelma,قالمة,24030
772,Bordj Sabath,برج صباط,Hammam N'Bails,24,Guelma,قالمة,24024
773,Bou Hachana,بوحشانة,Guelaât Bou Sbaâ,24,Guelma,قالمة,24027
774,Bou Hamdane,بوحمدان,Hammam Debagh,24,Guelma,قالمة,24031
775,Bouati Mahmoud,بوعاتي محمود,Héliopolis,24,Guelma,قالمة,24006
776,Bouchegouf,بوشقوف,Bouchegouf,24,Guelma,قالمة,24016
777,Boumahra Ahmed,بومهرة أحمد,Guelma,24,Guelma,قالمة,24003
778,Dahouara,الدهوارة,Hammam Debagh,24,Guelma,قالمة,24021
779,Djeballah Khemissi,جبالة الخميسي,Oued Zenati,24,Guelma,قالمة,24032
780,El Fedjoudj,الفجوج,Héliopolis,24,Guelma,قالمة,24005
781,Guelaat Bou Sbaa,قلعة بوصبع,Guelaât Bou Sbaâ,24,Guelma,قالمة,24025
782,Guelma,قالمة,Guelma,24,Guelma,قالمة,24000
783,Hammam Debagh,حمام دباغ,Hammam Debagh,24,Guelma,قالمة,24019
784,Hammam N'bail,حمام النبايل,Hammam N'Bails,24,Guelma,قالمة,24023
785,Heliopolis,هيليوبوليس,Héliopolis,24,Guelma,قالمة,24004
786,Houari Boumedienne,هواري بومدين,Houari Boumédiène,24,Guelma,قالمة,24028
787,Khezaras,لخزارة,Khezarra,24,Guelma,قالمة,24013
788,Medjez Amar,مجاز عمار,Bouchegouf,24,Guelma,قالمة,24017
789,Medjez Sfa,مجاز الصفاء,Guelaât Bou Sbaâ,24,Guelma,قالمة,24026
790,Nechmaya,نشماية,Khezarra,24,Guelma,قالمة,24014
791,Oued Cheham,وادي الشحم,Oued Zenati,24,Guelma,قالمة,24033
792,Oued Ferragha,وادي فراغة,Hammam Debagh,24,Guelma,قالمة,24020
793,Oued Zenati,وادي الزناتي,Oued Zenati,24,Guelma,قالمة,24007
794,Ras El Agba,رأس العقبة,Oued Zenati,24,Guelma,قالمة,24008
795,Roknia,الركنية,Hammam Debagh,24,Guelma,قالمة,24022
796,Sellaoua Announa,سلاوة عنونة,Khezarra,24,Guelma,قالمة,24015
797,Tamlouka,تاملوكة,Aïn Makhlouf,24,Guelma,قالمة,24012
798,Ain Abid,عين عبيد,Aïn Abid,25,Constantine,قسنطينة,25200
799,Ain Smara,عين السمارة,Aïn Smara,25,Constantine,قسنطينة,25140
800,Ben Badis,أبن باديس الهرية,Ben Badis,25,Constantine,قسنطينة,22005
801,Beni Hamidane,بني حميدان,Zighoud Youcef,25,Constantine,قسنطينة,25007
802,Constantine,قسنطينة,Constantine,25,Constantine,قسنطينة,25000
803,Didouche Mourad,ديدوش مراد,Hamma Bouziane,25,Constantine,قسنطينة,25009
804,El Khroub,الخروب,El Khroub,25,Constantine,قسنطينة,25100
805,Hamma Bouziane,حامة بوزيان,Hamma Bouziane,25,Constantine,قسنطينة,25008
806,Ibn Ziad,ابن زياد,Ibn Ziad,25,Constantine,قسنطينة,25010
807,Messaoud Boudjeriou,بوجريو مسعود,Ibn Ziad,25,Constantine,قسنطينة,25011
808,Ouled Rahmoun,أولاد رحمون,El Khroub,25,Constantine,قسنطينة,25002
809,Zighoud Youcef,زيغود يوسف,Zighoud Youcef,25,Constantine,قسنطينة,25300
810,Aissaouia,العيساوية,Tablat,26,Médéa,المدية,26008
811,Baata,بعطة,El Omaria,26,Médéa,المدية,26029
812,Ben Chicao,بن شكاو,Ouzera,26,Médéa,المدية,26013
813,Beni Slimane,بني سليمان,Beni Slimane,26,Médéa,المدية,26400
814,Berrouaghia,البرواقية,Berrouaghia,26,Médéa,المدية,26200
815,Bir Ben Laabed,بئر بن عابد,El Guelb El Kebir,26,Médéa,المدية,26033
816,Bouaichoune,بوعيشون,Si Mahdjoub,26,Médéa,المدية,26039
817,Bouchrahil,بوشراحيل,Sidi Naâmane,26,Médéa,المدية,26042
818,Bouskene,بوسكن,Beni Slimane,26,Médéa,المدية,26024
819,Djouab,جواب,Souagui,26,Médéa,المدية,26019
820,Draa Esmar,ذراع السمار,Médéa,26,Médéa,المدية,26001
821,El Azizia,العزيزية,El Azizia,26,Médéa,المدية,26025
822,El Guelbelkebir,القلب الكبير,El Guelb El Kebir,26,Médéa,المدية,26031
823,El Hamdania,الحمدانية,Ouzera,26,Médéa,المدية,26012
824,El Haoudane,الحوضان,Ouzera,26,Médéa,المدية,26012
825,El Omaria,العمارية,El Omaria,26,Médéa,المدية,26028
826,Hannacha,حناشة,Ouamri,26,Médéa,المدية,26036
827,Khams Djouamaa,خمس جوامع,Sidi Naâmane,26,Médéa,المدية,26041
828,Maghraoua,مغراوة,El Azizia,26,Médéa,المدية,26026
829,Medea,المدية,Médéa,26,Médéa,المدية,26000
830,Medjebar,مجبر,Seghouane,26,Médéa,المدية,26016
831,Mezerana,مزغنة,Tablat,26,Médéa,المدية,26009
832,Mihoub,ميهوب,El Azizia,26,Médéa,المدية,26027
833,Ouamri,عوامري,Ouamri,26,Médéa,المدية,26034
834,Oued Harbil,وادي حربيل,Ouamri,26,Médéa,المدية,26035
835,Ouled Bouachra,أولاد بوعشرة,Si Mahdjoub,26,Médéa,المدية,26038
836,Ouled Brahim,أولاد إبراهيم,El Omaria,26,Médéa,المدية,26030
837,Ouled Deid,أولاد دايد,Berrouaghia,26,Médéa,المدية,26005
838,Ouzera,وزرة,Ouzera,26,Médéa,المدية,26010
839,Rebaia,الربعية,Berrouaghia,26,Médéa,المدية,26004
840,Sedraya,سدراية,El Guelb El Kebir,26,Médéa,المدية,26032
841,Seghouane,سغوان,Seghouane,26,Médéa,المدية,26014
842,Si Mahdjoub,سي المحجوب,Si Mahdjoub,26,Médéa,المدية,26037
843,Sidi Naamane,سيدي نعمان,Sidi Naâmane,26,Médéa,المدية,26040
844,Sidi Rabie,سيدي الربيع,Beni Slimane,26,Médéa,المدية,26023
845,Sidi Zahar,سيدي زهار,Souagui,26,Médéa,المدية,26020
846,Sidi Ziane,سيدي زيان,Souagui,26,Médéa,المدية,26021
847,Souagui,السواقي,Souagui,26,Médéa,المدية,26018
848,Tablat,تابلاط,Tablat,26,Médéa,المدية,26300
849,Tamesguida,تمسقيدة,Médéa,26,Médéa,المدية,26002
850,Tizi Mahdi,تيزي مهدي,Ouzera,26,Médéa,المدية,26011
851,Tletat Ed Douair,ثلاث دوائر,Seghouane,26,Médéa,المدية,26017
852,Zoubiria,الزبيرية,Seghouane,26,Médéa,المدية,26015
853,Achaacha,عشعاشة,Achaacha,27,Mostaganem,مستغانم,27400
854,Ain-Boudinar,عين بودينار,Kheireddine,27,Mostaganem,مستغانم,27030
855,Ain-Nouissy,عين نويسي,Aïn Nouïssy,27,Mostaganem,مستغانم,27019
856,Ain-Sidi Cherif,عين سيدي الشريف,Mesra,27,Mostaganem,مستغانم,27023
857,Ain-Tedles,عين تادلس,Aïn Tedles,27,Mostaganem,مستغانم,27100
858,Benabdelmalek Ramdane,بن عبد المالك رمضان,Sidi Lakhdar,27,Mostaganem,مستغانم,27028
859,Bouguirat,بوقيراط,Bouguirat,27,Mostaganem,مستغانم,27200
860,Fornaka,فرناقة,Aïn Nouïssy,27,Mostaganem,مستغانم,27021
861,Hadjadj,حجاج,Sidi Lakhdar,27,Mostaganem,مستغانم,27027
862,Hassi Mameche,حاسي ماماش,Hassi Maameche,27,Mostaganem,مستغانم,27001
863,Hassiane,الحسيان (بني ياحي,Aïn Nouïssy,27,Mostaganem,مستغانم,27020
864,Khadra,خضرة,Achaacha,27,Mostaganem,مستغانم,27016
865,Kheir-Eddine,خير الدين,Kheireddine,27,Mostaganem,مستغانم,27029
866,Mansourah,منصورة,Mesra,27,Mostaganem,مستغانم,27024
867,Mazagran,مزغران,Hassi Maameche,27,Mostaganem,مستغانم,27002
868,Mesra,ماسرة,Mesra,27,Mostaganem,مستغانم,27022
869,Mostaganem,مستغانم,Mostaganem,27,Mostaganem,مستغانم,27000
870,Nekmaria,نكمارية,Achaacha,27,Mostaganem,مستغانم,27017
871,Oued El Kheir,وادي الخير,Aïn Tedles,27,Mostaganem,مستغانم,27007
872,Ouled Boughalem,أولاد بوغالم,Achaacha,27,Mostaganem,مستغانم,27018
873,Ouled-Maalah,أولاد مع الله,Sidi Ali,27,Mostaganem,مستغانم,27013
874,Safsaf,صفصاف,Bouguirat,27,Mostaganem,مستغانم,27009
875,Sayada,صيادة,Kheireddine,27,Mostaganem,مستغانم,27031
876,Sidi Ali,سيدي علي,Sidi Ali,27,Mostaganem,مستغانم,27300
877,Sidi Belaattar,سيدي بلعطار,Aïn Tedles,27,Mostaganem,مستغانم,27006
878,Sidi-Lakhdar,سيدي لخضر,Sidi Lakhdar,27,Mostaganem,مستغانم,27500
879,Sirat,سيرات,Bouguirat,27,Mostaganem,مستغانم,27010
880,Souaflia,السوافلية,Bouguirat,27,Mostaganem,مستغانم,27011
881,Sour,سور,Aïn Tedles,27,Mostaganem,مستغانم,27005
882,Stidia,ستيدية,Hassi Maameche,27,Mostaganem,مستغانم,27003
883,Tazgait,تزقايت,Sidi Ali,27,Mostaganem,مستغانم,27014
884,Touahria,الطواهرية,Mesra,27,Mostaganem,مستغانم,27025
885,Ain El Hadjel,عين الحجل,Aïn El Hadjel,28,M'sila,المسيلة,28500
886,Ain Khadra,عين الخضراء,Magra,28,M'sila,المسيلة,28031
887,Belaiba,بلعايبة,Magra,28,M'sila,المسيلة,28032
888,Beni Ilmane,بني يلمان,Sidi Aïssa,28,M'sila,المسيلة,28012
889,Berhoum,برهوم,Magra,28,M'sila,المسيلة,28030
890,Bouti Sayeh,بوطي السايح,Sidi Aïssa,28,M'sila,المسيلة,28011
891,Chellal,شلال,Chellal,28,M'sila,المسيلة,28034
892,Dehahna,دهاهنة,Magra,28,M'sila,المسيلة,28033
893,Hammam Dalaa,حمام الضلعة,Hammam Dalaa,28,M'sila,المسيلة,28001
894,Khettouti Sed-El-Jir,خطوطي سد الجير,Chellal,28,M'sila,المسيلة,28036
895,M'sila,المسيلة,M'Sila,28,M'sila,المسيلة,28000
896,M'tarfa,المطارفة,Ouled Derradj,28,M'sila,المسيلة,28007
897,Maadid,المعاضيد,Ouled Derradj,28,M'sila,المسيلة,28006
898,Maarif,معاريف,Chellal,28,M'sila,المسيلة,28037
899,Magra,مقرة,Magra,28,M'sila,المسيلة,28400
900,Ouanougha,ونوغة,Hammam Dalaa,28,M'sila,المسيلة,28004
901,Ouled Addi Guebala,أولاد عدي لقبالة,Ouled Derradj,28,M'sila,المسيلة,28008
902,Ouled Derradj,أولاد دراج,Ouled Derradj,28,M'sila,المسيلة,28005
903,Ouled Madhi,أولاد ماضي,Chellal,28,M'sila,المسيلة,28035
904,Ouled Mansour,أولاد منصور,Hammam Dalaa,28,M'sila,المسيلة,28003
905,Sidi Aissa,سيدي عيسى,Sidi Aïssa,28,M'sila,المسيلة,28100
906,Sidi Hadjeres,سيدي هجرس,Aïn El Hadjel,28,M'sila,المسيلة,28044
907,Souamaa,السوامع,Ouled Derradj,28,M'sila,المسيلة,28009
908,Tarmount,تارمونت,Hammam Dalaa,28,M'sila,المسيلة,28002
909,Ain Fares,عين فارس,Aïn Fares,29,Mascara,معسكر,29001
910,Ain Fekan,عين فكان,Aïn Fekan,29,Mascara,معسكر,29003
911,Ain Ferah,عين فراح,Oued El Abtal,29,Mascara,معسكر,29032
912,Ain Frass,عين أفرص,Aïn Fekan,29,Mascara,معسكر,29004
913,Alaimia,العلايمية,Oggaz,29,Mascara,معسكر,29029
914,Aouf,عوف,Aouf,29,Mascara,معسكر,29005
915,Benian,بنيان,Aouf,29,Mascara,معسكر,29007
916,Bou Henni,بوهني,Sig,29,Mascara,معسكر,29038
917,Bouhanifia,بوحنيفية,Bou Hanifia,29,Mascara,معسكر,29200
918,Chorfa,الشرفاء,Sig,29,Mascara,معسكر,29037
919,El Bordj,البرج,El Bordj,29,Mascara,معسكر,29011
920,El Gaada,القعدة,Zahana,29,Mascara,معسكر,29046
921,El Ghomri,الغمري,Mohammadia,29,Mascara,معسكر,29023
922,El Gueitena,القطنة,Bou Hanifia,29,Mascara,معسكر,29009
923,El Hachem,الحشم,Hachem,29,Mascara,معسكر,29019
924,El Keurt,القرط,Tizi,29,Mascara,معسكر,29044
925,El Mamounia,المأمونية,Aïn Fares,29,Mascara,معسكر,29002
926,El Menaouer,المنور,El Bordj,29,Mascara,معسكر,29013
927,Ferraguig,فراقيق,Mohammadia,29,Mascara,معسكر,29024
928,Froha,فروحة,Tizi,29,Mascara,معسكر,29043
929,Gharrous,غروس,Aouf,29,Mascara,معسكر,29006
930,Ghriss,غريس,Ghriss,29,Mascara,معسكر,29300
931,Guerdjoum,قرجوم,Oued Taria,29,Mascara,معسكر,29035
932,Hacine,حسين,Bou Hanifia,29,Mascara,معسكر,29010
933,Khalouia,خلوية,El Bordj,29,Mascara,معسكر,29012
934,Makhda,ماقضة,Ghriss,29,Mascara,معسكر,29015
935,Maoussa,ماوسة,Ghriss,29,Mascara,معسكر,29018
936,Mascara,معسكر,Mascara,29,Mascara,معسكر,29000
937,Matemore,المطمور,Ghriss,29,Mascara,معسكر,29016
938,Mocta-Douz,مقطع الدوز,Mohammadia,29,Mascara,معسكر,29025
939,Mohammadia,المحمدية,Mohammadia,29,Mascara,معسكر,29100
940,Nesmot,نسمط,Hachem,29,Mascara,معسكر,29021
941,Oggaz,عقاز,Oggaz,29,Mascara,معسكر,29028
942,Oued El Abtal,وادي الأبطال,Oued El Abtal,29,Mascara,معسكر,29031
943,Oued Taria,وادي التاغية,Oued Taria,29,Mascara,معسكر,29034
944,Ras El Ain Amirouche,رأس عين عميروش,Oggaz,29,Mascara,معسكر,29030
945,Sedjerara,سجرارة,Mohammadia,29,Mascara,معسكر,29026
946,Sehailia,السهايلية,Tighennif,29,Mascara,معسكر,29041
947,Sidi Abdeldjebar,سيدي عبد الجبار,Oued El Abtal,29,Mascara,معسكر,29033
948,Sidi Abdelmoumene,سيدي عبد المومن,Mohammadia,29,Mascara,معسكر,29027
949,Sidi Boussaid,سيدي بوسعيد,Ghriss,29,Mascara,معسكر,29017
950,Sidi Kada,سيدي قادة,Tighennif,29,Mascara,معسكر,29040
951,Sig,سيق,Sig,29,Mascara,معسكر,29400
952,Tighennif,تيغنيف,Tighennif,29,Mascara,معسكر,29500
953,Tizi,تيزي,Tizi,29,Mascara,معسكر,29042
954,Zahana,زهانة,Zahana,29,Mascara,معسكر,29045
955,Zelamta,زلامطة,Hachem,29,Mascara,معسكر,29020
956,Ain Beida,عين البيضاء,Sidi Khouiled,30,Ouargla,ورقلة,30002
957,El Borma,البرمة,El Borma,30,Ouargla,ورقلة,30007
958,Hassi Ben Abdellah,حاسي بن عبد الله,Sidi Khouiled,30,Ouargla,ورقلة,30003
959,Hassi Messaoud,حاسي مسعود,Hassi Messaoud,30,Ouargla,ورقلة,30500
960,N'goussa,انقوسة,N'Goussa,30,Ouargla,ورقلة,30005
961,Ouargla,ورقلة,Ouargla,30,Ouargla,ورقلة,30000
962,Rouissat,الرويسات,Ouargla,30,Ouargla,ورقلة,30001
963,Sidi Khouiled,سيدي خويلد,Sidi Khouiled,30,Ouargla,ورقلة,30004
964,Ain Biya,عين البية,Bethioua,31,Oran,وهران,31026
965,Ain Kerma,عين الكرمة,Bouhadjar,31,Oran,وهران,36018
966,Ain Turk,عين الترك,Aïn El Turk,31,Oran,وهران,31300
967,Arzew,أرزيو,Arzew,31,Oran,وهران,31200
968,Ben Freha,بن فريحة,Gdyel,31,Oran,وهران,31020
969,Bethioua,بطيوة,Bethioua,31,Oran,وهران,31007
970,Bir El Djir,بئر الجير,Bir El Djir,31,Oran,وهران,31003
971,Boufatis,بوفاتيس,Oued Tlelat,31,Oran,وهران,31014
972,Bousfer,بوسفر,Aïn El Turk,31,Oran,وهران,31016
973,Boutlelis,بوتليليس,Boutlelis,31,Oran,وهران,31024
974,El Ancor,العنصر,Aïn El Turk,31,Oran,وهران,31010
975,El Braya,البراية,Oued Tlelat,31,Oran,وهران,31018
976,El Kerma,الكرمة,Es Senia,31,Oran,وهران,31017
977,Es Senia,السانية,Es Senia,31,Oran,وهران,31100
978,Gdyel,قديل,Gdyel,31,Oran,وهران,31002
979,Hassi Ben Okba,حاسي بن عقبة,Bir El Djir,31,Oran,وهران,31019
980,Hassi Bounif,حاسي بونيف,Bir El Djir,31,Oran,وهران,31004
981,Hassi Mefsoukh,حاسي مفسوخ,Gdyel,31,Oran,وهران,31021
982,Marsat El Hadjadj,مرسى الحجاج,Bethioua,31,Oran,وهران,31008
983,Mers El Kebir,المرسى الكبير,Aïn El Turk,31,Oran,وهران,31015
984,Messerghin,مسرغين,Boutlelis,31,Oran,وهران,31023
985,Oran,وهران,Oran,31,Oran,وهران,31000
986,Oued Tlelat,وادي تليلات,Oued Tlelat,31,Oran,وهران,31011
987,Sidi Ben Yebka,سيدي بن يبقى,Arzew,31,Oran,وهران,31022
988,Sidi Chami,سيدي الشحمي,Es Senia,31,Oran,وهران,31013
989,Tafraoui,طفراوي,Oued Tlelat,31,Oran,وهران,31012
990,Boualem,بوعلام,Boualem,32,El Bayadh,البيض,32005
991,Bougtoub,بوقطب,Bougtoub,32,El Bayadh,البيض,32009
992,Brezina,بريزينة,Brezina,32,El Bayadh,البيض,32003
993,Cheguig,الشقيق,Rogassa,32,El Bayadh,البيض,32015
994,El Bayadh,البيض,El Bayadh,32,El Bayadh,البيض,32000
995,El Kheiter,الخيثر,Bougtoub,32,El Bayadh,البيض,32010
996,Ghassoul,الغاسول,Brezina,32,El Bayadh,البيض,32004
997,Kef El Ahmar,الكاف الأحمر,Rogassa,32,El Bayadh,البيض,32021
998,Krakda,كراكدة,Brezina,32,El Bayadh,البيض,32013
999,Rogassa,رقاصة,Rogassa,32,El Bayadh,البيض,32001
1000,Sidi Ameur,سيدي عامر,Boualem,32,El Bayadh,البيض,32016
1001,Sidi Slimane,سيدي سليمان,Boualem,32,El Bayadh,البيض,32019
1002,Sidi Tiffour,سيدي طيفور,Boualem,32,El Bayadh,البيض,32020
1003,Stitten,ستيتن,Boualem,32,El Bayadh,البيض,32002
1004,Tousmouline,توسمولين,Bougtoub,32,El Bayadh,البيض,32018
1005,Bordj Omar Driss,برج عمر إدريس,Bordj Omar Driss,33,Illizi,إليزي,33002
1006,Debdeb,دبداب,Debdeb,33,Illizi,إليزي,33001
1007,Illizi,إيليزي,Illizi,33,Illizi,إليزي,33000
1008,In Amenas,إن أمناس,In Amenas,33,Illizi,إليزي,33100
1009,Ain Taghrout,عين تاغروت,Aïn Taghrout,34,Bordj Bou Arreridj,برج بوعريريج,34001
1010,Ain Tesra,عين تسرة,Ras El Oued,34,Bordj Bou Arreridj,برج بوعريريج,34003
1011,B. B. Arreridj,برج بوعريرج,Bordj Bou Arreridj,34,Bordj Bou Arreridj,برج بوعريريج,34000
1012,Belimour,بليمور,Bordj Ghedir,34,Bordj Bou Arreridj,برج بوعريريج,34006
1013,Ben Daoud,بن داود,Mansoura,34,Bordj Bou Arreridj,برج بوعريريج,34018
1014,Bir Kasdali,بئر قاصد علي,Bir Kasdali,34,Bordj Bou Arreridj,برج بوعريريج,34011
1015,Bordj Ghedir,برج الغدير,Bordj Ghedir,34,Bordj Bou Arreridj,برج بوعريريج,34007
1016,Bordj Zemmoura,برج زمورة,Bordj Zemoura,34,Bordj Bou Arreridj,برج بوعريريج,34027
1017,Colla,القلة,Djaafra,34,Bordj Bou Arreridj,برج بوعريريج,34030
1018,Djaafra,جعافرة,Djaafra,34,Bordj Bou Arreridj,برج بوعريريج,34031
1019,El Achir,الياشير,Medjana,34,Bordj Bou Arreridj,برج بوعريريج,34023
1020,El Annasseur,العناصر,Bordj Ghedir,34,Bordj Bou Arreridj,برج بوعريريج,34008
1021,El Euch,العش,El Hamadia,34,Bordj Bou Arreridj,برج بوعريريج,34014
1022,El M'hir,المهير,Mansoura,34,Bordj Bou Arreridj,برج بوعريريج,34019
1023,El Main,الماين,Djaafra,34,Bordj Bou Arreridj,برج بوعريريج,34032
1024,Elhammadia,الحمادية,El Hamadia,34,Bordj Bou Arreridj,برج بوعريريج,34015
1025,Ghailasa,غيلاسة,Bordj Ghedir,34,Bordj Bou Arreridj,برج بوعريريج,34009
1026,Haraza,حرازة,Mansoura,34,Bordj Bou Arreridj,برج بوعريريج,34020
1027,Hasnaoua,حسناوة,Medjana,34,Bordj Bou Arreridj,برج بوعريريج,34024
1028,Khelil,خليل,Bir Kasdali,34,Bordj Bou Arreridj,برج بوعريريج,34012
1029,Ksour,القصور,El Hamadia,34,Bordj Bou Arreridj,برج بوعريريج,34016
1030,Mansoura,المنصورة,Mansoura,34,Bordj Bou Arreridj,برج بوعريريج,34021
1031,Medjana,مجانة,Medjana,34,Bordj Bou Arreridj,برج بوعريريج,34025
1032,Ouled Brahem,أولاد أبراهم,Ras El Oued,34,Bordj Bou Arreridj,برج بوعريريج,34005
1033,Ouled Dahmane,أولاد دحمان,Bordj Zemoura,34,Bordj Bou Arreridj,برج بوعريريج,34028
1034,Ouled Sidi-Brahim,أولاد سيدي ابراهيم,Mansoura,34,Bordj Bou Arreridj,برج بوعريريج,34022
1035,Rabta,الرابطة,El Hamadia,34,Bordj Bou Arreridj,برج بوعريريج,34017
1036,Ras El Oued,رأس الوادي,Ras El Oued,34,Bordj Bou Arreridj,برج بوعريريج,34100
1037,Sidi-Embarek,سيدي أمبارك,Bir Kasdali,34,Bordj Bou Arreridj,برج بوعريريج,34013
1038,Taglait,تقلعيت,Bordj Ghedir,34,Bordj Bou Arreridj,برج بوعريريج,34010
1039,Tassamert,تسامرت,Bordj Zemoura,34,Bordj Bou Arreridj,برج بوعريريج,34029
1040,Tefreg,تفرق,Djaafra,34,Bordj Bou Arreridj,برج بوعريريج,34033
1041,Teniet En Nasr,ثنية النصر,Medjana,34,Bordj Bou Arreridj,برج بوعريريج,34026
1042,Tixter,تيكستار,Aïn Taghrout,34,Bordj Bou Arreridj,برج بوعريريج,34002
1043,Afir,أعفير,Dellys,35,Boumerdès,بومرداس,35016
1044,Ammal,عمال,Thenia,35,Boumerdès,بومرداس,35030
1045,Baghlia,بغلية,Baghlia,35,Boumerdès,بومرداس,35003
1046,Ben Choud,بن شود,Dellys,35,Boumerdès,بومرداس,35017
1047,Beni Amrane,بني عمران,Thenia,35,Boumerdès,بومرداس,35031
1048,Bordj Menaiel,برج منايل,Bordj Menaiel,35,Boumerdès,بومرداس,35100
1049,Boudouaou,بودواو,Boudouaou,35,Boumerdès,بومرداس,35200
1050,Boudouaou El Bahri,بودواو البحري,Boudouaou,35,Boumerdès,بومرداس,35007
1051,Boumerdes,بومرداس,Boumerdès,35,Boumerdès,بومرداس,35000
1052,Bouzegza Keddara,بوزقزة قدارة,Boudouaou,35,Boumerdès,بومرداس,35009
1053,Chabet El Ameur,شعبة العامر,Isser,35,Boumerdès,بومرداس,35025
1054,Corso,قورصو,Boumerdès,35,Boumerdès,بومرداس,35001
1055,Dellys,دلس,Dellys,35,Boumerdès,بومرداس,35300
1056,Djinet,جنات,Bordj Menaiel,35,Boumerdès,بومرداس,35014
1057,El Kharrouba,الخروبة,Boudouaou,35,Boumerdès,بومرداس,35008
1058,Hammedi,حمادي,Khemis El Khechna,35,Boumerdès,بومرداس,35021
1059,Isser,يسر,Isser,35,Boumerdès,بومرداس,35500
1060,Khemis El Khechna,خميس الخشنة,Khemis El Khechna,35,Boumerdès,بومرداس,35400
1061,Larbatache,الاربعطاش,Khemis El Khechna,35,Boumerdès,بومرداس,35020
1062,Leghata,لقاطة,Bordj Menaiel,35,Boumerdès,بومرداس,35013
1063,Naciria,الناصرية,Naciria,35,Boumerdès,بومرداس,35026
1064,Ouled Aissa,أولاد عيسى,Naciria,35,Boumerdès,بومرداس,35027
1065,Ouled Hedadj,أولاد هداج,Boudouaou,35,Boumerdès,بومرداس,35010
1066,Ouled Moussa,أولاد موسى,Khemis El Khechna,35,Boumerdès,بومرداس,35019
1067,Si Mustapha,سي مصطفى,Isser,35,Boumerdès,بومرداس,35023
1068,Sidi Daoud,سيدي داود,Baghlia,35,Boumerdès,بومرداس,35004
1069,Souk El Had,سوق الحد,Thenia,35,Boumerdès,بومرداس,35029
1070,Taourga,تاورقة,Baghlia,35,Boumerdès,بومرداس,35005
1071,Thenia,الثنية,Thenia,35,Boumerdès,بومرداس,35600
1072,Tidjelabine,تيجلابين,Boumerdès,35,Boumerdès,بومرداس,35002
1073,Timezrit,تيمزريت,Isser,35,Boumerdès,بومرداس,35024
1074,Zemmouri,زموري,Bordj Menaiel,35,Boumerdès,بومرداس,35012
1075,Ain El Assel,عين العسل,El Tarf,36,El Tarf,الطارف,36001
1076,Ain Kerma,عين الكرمة,Bouhadjar,36,El Tarf,الطارف,36018
1077,Asfour,عصفور,Besbes,36,El Tarf,الطارف,36012
1078,Ben M Hidi,بن مهيدي,Ben Mehidi,36,El Tarf,الطارف,36008
1079,Berrihane,بريحان,Ben Mehidi,36,El Tarf,الطارف,36010
1080,Besbes,البسباس,Besbes,36,El Tarf,الطارف,36200
1081,Bougous,بوقوس,El Tarf,36,El Tarf,الطارف,36002
1082,Bouhadjar,بوحجار,Bouhadjar,36,El Tarf,الطارف,36400
1083,Bouteldja,بوثلجة,Bouteldja,36,El Tarf,الطارف,36021
1084,Chebaita Mokhtar,شبيطة مختار,Drean,36,El Tarf,الطارف,36015
1085,Chefia,الشافية,Bouteldja,36,El Tarf,الطارف,36023
1086,Chihani,شحاني,Drean,36,El Tarf,الطارف,36016
1087,Drean,الذرعـان,Drean,36,El Tarf,الطارف,36300
1088,Echatt,الشط,Ben Mehidi,36,El Tarf,الطارف,36009
1089,El Aioun,العيون,El Kala,36,El Tarf,الطارف,36007
1090,El Kala,القالة,El Kala,36,El Tarf,الطارف,36100
1091,El Tarf,الطارف,El Tarf,36,El Tarf,الطارف,36000
1092,Hammam Beni Salah,حمام بني صالح,Bouhadjar,36,El Tarf,الطارف,36020
1093,Lac Des Oiseaux,بحيرة الطيور,Bouteldja,36,El Tarf,الطارف,36022
1094,Oued Zitoun,وادي الزيتون,Bouhadjar,36,El Tarf,الطارف,36019
1095,Raml Souk,رمل السوق,El Kala,36,El Tarf,الطارف,36006
1096,Souarekh,السوارخ,El Kala,36,El Tarf,الطارف,36005
1097,Zerizer,زريزر,Besbes,36,El Tarf,الطارف,36013
1098,Zitouna,الزيتونة,El Tarf,36,El Tarf,الطارف,36003
1099,Oum El Assel,أم العسل,Tindouf,37,Tindouf,تندوف,37010
1100,Tindouf,تندوف,Tindouf,37,Tindouf,تندوف,37000
1101,Ammari,عماري,Ammari,38,Tissemsilt,تيسمسيلت,38002
1102,Beni Chaib,بني شعيب,Bordj Bou Naama,38,Tissemsilt,تيسمسيلت,38006
1103,Beni Lahcene,بني لحسن,Bordj Bou Naama,38,Tissemsilt,تيسمسيلت,38007
1104,Bordj Bounaama,برج بونعامة,Bordj Bou Naama,38,Tissemsilt,تيسمسيلت,38005
1105,Bordj El Emir Abdelkader,برج الأمير عبد القادر,Bordj El Emir Abdelkader,38,Tissemsilt,تيسمسيلت,38009
1106,Boucaid,بوقائد,Lazharia,38,Tissemsilt,تيسمسيلت,38018
1107,Khemisti,خميستي,Khemisti,38,Tissemsilt,تيسمسيلت,38011
1108,Larbaa,الأربعاء,Lazharia,38,Tissemsilt,تيسمسيلت,38019
1109,Lardjem,لرجام,Lardjem,38,Tissemsilt,تيسمسيلت,38013
1110,Layoune,العيون,Khemisti,38,Tissemsilt,تيسمسيلت,38012
1111,Lazharia,الأزهرية,Lazharia,38,Tissemsilt,تيسمسيلت,38017
1112,Maacem,المعاصم,Ammari,38,Tissemsilt,تيسمسيلت,38003
1113,Melaab,الملعب,Lardjem,38,Tissemsilt,تيسمسيلت,38014
1114,Ouled Bessam,أولاد بسام,Tissemsilt,38,Tissemsilt,تيسمسيلت,38001
1115,Sidi Abed,سيدي عابد,Ammari,38,Tissemsilt,تيسمسيلت,38004
1116,Sidi Boutouchent,سيدي بوتوشنت,Theniet El Had,38,Tissemsilt,تيسمسيلت,38021
1117,Sidi Lantri,سيدي العنتري,Lardjem,38,Tissemsilt,تيسمسيلت,38015
1118,Sidi Slimane,سيدي سليمان,Bordj Bou Naama,38,Tissemsilt,تيسمسيلت,38008
1119,Tamellahet,تملاحت,Lardjem,38,Tissemsilt,تيسمسيلت,38016
1120,Theniet El Had,ثنية الاحد,Theniet El Had,38,Tissemsilt,تيسمسيلت,38100
1121,Tissemsilt,تيسمسيلت,Tissemsilt,38,Tissemsilt,تيسمسيلت,38000
1122,Youssoufia,اليوسفية,Bordj El Emir Abdelkader,38,Tissemsilt,تيسمسيلت,38010
1123,Bayadha,البياضة,Bayadha,39,El Oued,الوادي,39006
1124,Ben Guecha,بن  قشة,Taleb Larbi,39,El Oued,الوادي,39018
1125,Debila,الدبيلة,Debila,39,El Oued,الوادي,39200
1126,Douar El Maa,دوار الماء,Taleb Larbi,39,El Oued,الوادي,39017
1127,El Ogla,العقلة,Robbah,39,El Oued,الوادي,39004
1128,El-Oued,الوادي,El Oued,39,El Oued,الوادي,39000
1129,Guemar,قمار,Guemar,39,El Oued,الوادي,39100
1130,Hamraia,الحمراية,Reguiba,39,El Oued,الوادي,39011
1131,Hassani Abdelkrim,حساني عبد الكريم,Debila,39,El Oued,الوادي,39013
1132,Hassi Khalifa,حاسي خليفة,Hassi Khalifa,39,El Oued,الوادي,39300
1133,Kouinine,كوينين,El Oued,39,El Oued,الوادي,39001
1134,Magrane,المقرن,Magrane,39,El Oued,الوادي,39020
1135,Mih Ouansa,اميه وانسة,Mih Ouansa,39,El Oued,الوادي,39021
1136,Nakhla,النخلة,Robbah,39,El Oued,الوادي,39003
1137,Oued El Alenda,وادي العلندة,Mih Ouansa,39,El Oued,الوادي,39005
1138,Ourmes,ورماس,Guemar,39,El Oued,الوادي,39008
1139,Reguiba,الرقيبة,Reguiba,39,El Oued,الوادي,39010
1140,Robbah,الرباح,Robbah,39,El Oued,الوادي,39002
1141,Sidi Aoun,سيدي عون,Magrane,39,El Oued,الوادي,39019
1142,Taghzout,تغزوت,Guemar,39,El Oued,الوادي,39009
1143,Taleb Larbi,الطالب العربي,Taleb Larbi,39,El Oued,الوادي,39016
1144,Trifaoui,الطريفاوي,Hassi Khalifa,39,El Oued,الوادي,39015
1145,Ain Touila,عين الطويلة,Aïn Touila,40,Khenchela,خنشلة,40300
1146,Babar,بابار,Babar,40,Khenchela,خنشلة,40001
1147,Baghai,بغاي,El Hamma,40,Khenchela,خنشلة,40010
1148,Bouhmama,بوحمامة,Bouhmama,40,Khenchela,خنشلة,40002
1149,Chechar,ششار,Chechar,40,Khenchela,خنشلة,40100
1150,Chelia,شلية,Bouhmama,40,Khenchela,خنشلة,40003
1151,Djellal,جلال,Chechar,40,Khenchela,خنشلة,40007
1152,El Hamma,الحامة,El Hamma,40,Khenchela,خنشلة,40200
1153,El Mahmal,المحمل,Ouled Rechache,40,Khenchela,خنشلة,40017
1154,El Oueldja,الولجة,Chechar,40,Khenchela,خنشلة,40008
1155,Ensigha,انسيغة,El Hamma,40,Khenchela,خنشلة,40012
1156,Kais,قايس,Kais,40,Khenchela,خنشلة,40014
1157,Khenchela,خنشلة,Khenchela,40,Khenchela,خنشلة,40000
1158,Khirane,خيران,Chechar,40,Khenchela,خنشلة,40009
1159,M'sara,مصارة,Bouhmama,40,Khenchela,خنشلة,40004
1160,M'toussa,متوسة,Aïn Touila,40,Khenchela,خنشلة,40020
1161,Ouled Rechache,أولاد رشاش,Ouled Rechache,40,Khenchela,خنشلة,40018
1162,Remila,الرميلة,Kais,40,Khenchela,خنشلة,40015
1163,Tamza,طامزة,El Hamma,40,Khenchela,خنشلة,40013
1164,Taouzianat,تاوزيانت,Kais,40,Khenchela,خنشلة,40016
1165,Yabous,يابوس,Bouhmama,40,Khenchela,خنشلة,40005
1166,Ain Soltane,عين سلطان,Sedrata,41,Souk Ahras,سوق أهراس,41017
1167,Ain Zana,عين الزانة,Ouled Driss,41,Souk Ahras,سوق أهراس,41016
1168,Bir Bouhouche,بئر بوحوش,Bir Bou Haouch,41,Souk Ahras,سوق أهراس,41013
1169,Drea,الدريعة,Taoura,41,Souk Ahras,سوق أهراس,41008
1170,Haddada,الحدادة,Heddada,41,Souk Ahras,سوق أهراس,41009
1171,Hanencha,الحنانشة,Mechroha,41,Souk Ahras,سوق أهراس,41002
1172,Khedara,الخضارة,Heddada,41,Souk Ahras,سوق أهراس,41010
1173,Khemissa,خميسة,Sedrata,41,Souk Ahras,سوق أهراس,41022
1174,M'daourouche,مداوروش,M'daourouch,41,Souk Ahras,سوق أهراس,41200
1175,Machroha,المشروحة,Mechroha,41,Souk Ahras,سوق أهراس,41003
1176,Merahna,المراهنة,Merahna,41,Souk Ahras,سوق أهراس,41011
1177,Oued Kebrit,وادي الكبريت,Oum El Adhaim,41,Souk Ahras,سوق أهراس,41023
1178,Ouillen,ويلان,Merahna,41,Souk Ahras,سوق أهراس,41018
1179,Ouled Driss,أولاد إدريس,Ouled Driss,41,Souk Ahras,سوق أهراس,41004
1180,Ouled Moumen,أولاد مومن,Heddada,41,Souk Ahras,سوق أهراس,41012
1181,Oum El Adhaim,أم العظايم,Oum El Adhaim,41,Souk Ahras,سوق أهراس,41015
1182,Ragouba,الراقوبة,M'daourouch,41,Souk Ahras,سوق أهراس,41021
1183,Safel El Ouiden,سافل الويدان,Bir Bou Haouch,41,Souk Ahras,سوق أهراس,41020
1184,Sedrata,سدراتة,Sedrata,41,Souk Ahras,سوق أهراس,41100
1185,Sidi Fredj,سيدي فرج,Merahna,41,Souk Ahras,سوق أهراس,41019
1186,Souk Ahras,سوق أهراس,Souk Ahras,41,Souk Ahras,سوق أهراس,41000
1187,Taoura,تاورة,Taoura,41,Souk Ahras,سوق أهراس,41007
1188,Terraguelt,ترقالت,Oum El Adhaim,41,Souk Ahras,سوق أهراس,41024
1189,Tiffech,تيفاش,M'daourouch,41,Souk Ahras,سوق أهراس,41005
1190,Zaarouria,الزعرورية,Taoura,41,Souk Ahras,سوق أهراس,41006
1191,Zouabi,الزوابي,Bir Bou Haouch,41,Souk Ahras,سوق أهراس,41025
1192,Aghbal,أغبال,Gouraya,42,Tipaza,تيبازة,42006
1193,Ahmer El Ain,أحمر العين,Ahmar El Ain,42,Tipaza,تيبازة,42018
1194,Ain Tagourait,عين تاقورايت,Bou Ismail,42,Tipaza,تيبازة,42012
1195,Attatba,الحطاطبة,Kolea,42,Tipaza,تيبازة,42024
1196,Beni Mileuk,بني ميلك,Damous,42,Tipaza,تيبازة,42026
1197,Bou Haroun,بوهارون,Bou Ismail,42,Tipaza,تيبازة,42019
1198,Bou Ismail,بواسماعيل,Bou Ismail,42,Tipaza,تيبازة,42500
1199,Bourkika,بورقيقة,Ahmar El Ain,42,Tipaza,تيبازة,42004
1200,Chaiba,الشعيبة,Kolea,42,Tipaza,تيبازة,42011
1201,Cherchell,شرشال,Cherchell,42,Tipaza,تيبازة,42200
1202,Damous,الداموس,Damous,42,Tipaza,تيبازة,42300
1203,Douaouda,دواودة,Fouka,42,Tipaza,تيبازة,42003
1204,Fouka,فوكة,Fouka,42,Tipaza,تيبازة,42400
1205,Gouraya,قوراية,Gouraya,42,Tipaza,تيبازة,42009
1206,Hadjout,حجوط,Hadjout,42,Tipaza,تيبازة,42100
1207,Hadjret Ennous,حجرة النص,Cherchell,42,Tipaza,تيبازة,42027
1208,Khemisti,خميستي,Bou Ismail,42,Tipaza,تيبازة,42005
1209,Kolea,القليعة,Kolea,42,Tipaza,تيبازة,42600
1210,Larhat,الأرهاط,Damous,42,Tipaza,تيبازة,42002
1211,Menaceur,مناصر,Sidi Amar,42,Tipaza,تيبازة,42001
1212,Merad,مراد,Hadjout,42,Tipaza,تيبازة,42015
1213,Messelmoun,مسلمون,Gouraya,42,Tipaza,تيبازة,42021
1214,Nador,الناظور,Sidi Amar,42,Tipaza,تيبازة,42010
1215,Sidi Ghiles,سيدي غيلاس,Cherchell,42,Tipaza,تيبازة,42020
1216,Sidi Rached,سيدي راشد,Ahmar El Ain,42,Tipaza,تيبازة,42022
1217,Sidi Semiane,سيدي سميان,Cherchell,42,Tipaza,تيبازة,42025
1218,Sidi-Amar,سيدي عامر,Sidi Amar,42,Tipaza,تيبازة,42008
1219,Tipaza,تيبازة,Tipaza,42,Tipaza,تيبازة,42000
1220,Ahmed Rachedi,أحمد راشدي,Oued Endja,43,Mila,ميلة,43012
1221,Ain Beida Harriche, عين البيضاء أحريش,Aïn Beida Harriche,43,Mila,ميلة,43300
1222,Ain Mellouk,عين الملوك,Chelghoum Laid,43,Mila,ميلة,43004
1223,Ain Tine,عين التين,Mila,43,Mila,ميلة,43002
1224,Amira Arres,اعميرة اراس,Terrai Bainen,43,Mila,ميلة,43016
1225,Benyahia Abderrahmane,بن يحي عبد الرحمن,Tadjenanet,43,Mila,ميلة,43030
1226,Bouhatem,بوحاتم,Bouhatem,43,Mila,ميلة,43027
1227,Chelghoum Laid,شلغوم العيد,Chelghoum Laid,43,Mila,ميلة,43100
1228,Chigara,الشيقارة,Sidi Merouane,43,Mila,ميلة,43023
1229,Derrahi Bousselah,دراحي بوصلاح,Bouhatem,43,Mila,ميلة,43028
1230,El Ayadi Barbes,العياضي برباس,Aïn Beida Harriche,43,Mila,ميلة,43021
1231,El Mechira,مشيرة,Teleghma,43,Mila,ميلة,43026
1232,Ferdjioua,فرجيوة,Ferdjioua,43,Mila,ميلة,43200
1233,Grarem Gouga,القرارم قوقة,Grarem Gouga,43,Mila,ميلة,43008
1234,Hamala,حمالة,Grarem Gouga,43,Mila,ميلة,43009
1235,Mila,ميلة,Mila,43,Mila,ميلة,43000
1236,Minar Zarza,مينار زارزة,Tassadane Haddada,43,Mila,ميلة,43019
1237,Oued Athmenia,وادي العثمانية,Chelghoum Laid,43,Mila,ميلة,43005
1238,Oued Endja,وادي النجاء,Oued Endja,43,Mila,ميلة,43010
1239,Oued Seguen,وادي سقان,Teleghma,43,Mila,ميلة,43025
1240,Ouled Khalouf,أولاد اخلوف,Tadjenanet,43,Mila,ميلة,43031
1241,Rouached,الرواشد,Rouached,43,Mila,ميلة,43013
1242,Sidi Khelifa,سيدي خليفة,Mila,43,Mila,ميلة,43001
1243,Sidi Merouane,سيدي مروان,Sidi Merouane,43,Mila,ميلة,43022
1244,Tadjenanet,تاجنانت,Tadjenanet,43,Mila,ميلة,43500
1245,Tassadane Haddada,تسدان حدادة,Tassadane Haddada,43,Mila,ميلة,43018
1246,Tassala Lematai,تسالة لمطاعي,Terrai Bainen,43,Mila,ميلة,43017
1247,Teleghma,التلاغمة,Teleghma,43,Mila,ميلة,43400
1248,Terrai Bainen,ترعي باينان,Terrai Bainen,43,Mila,ميلة,43015
1249,Tiberguent,تيبرقنت,Rouached,43,Mila,ميلة,43014
1250,Yahia Beniguecha,يحي بني قشة,Ferdjioua,43,Mila,ميلة,43007
1251,Zeghaia,زغاية,Oued Endja,43,Mila,ميلة,43011
1252,Ain-Benian,عين البنيان,Aïn Defla,44,Aïn Defla,عين الدفلى,44001
1253,Ain-Bouyahia,عين بويحيى,Aïn Defla,44,Aïn Defla,عين الدفلى,44002
1254,Ain-Defla,عين الدفلى,Aïn Defla,44,Aïn Defla,عين الدفلى,44000
1255,Ain-Lechiakh,عين الاشياخ,Aïn Lechiakh,44,Aïn Defla,عين الدفلى,44005
1256,Ain-Soltane,عين السلطان,Aïn Defla,44,Aïn Defla,عين الدفلى,44003
1257,Ain-Torki,عين التركي,Aïn Defla,44,Aïn Defla,عين الدفلى,44004
1258,Arib,عريب,Djendel,44,Aïn Defla,عين الدفلى,44008
1259,Bathia,بطحية,Bathia,44,Aïn Defla,عين الدفلى,44009
1260,Belaas,بلعاص,El Attaf,44,Aïn Defla,عين الدفلى,44010
1261,Ben Allal,بن علال,Rouina,44,Aïn Defla,عين الدفلى,44011
1262,Bir-Ould-Khelifa,بئر ولد خليفة,Hammam Righa,44,Aïn Defla,عين الدفلى,44013
1263,Birbouche,بربوش,El Attaf,44,Aïn Defla,عين الدفلى,44012
1264,Bordj-Emir-Khaled,برج الأمير خالد,Bordj Emir Khaled,44,Aïn Defla,عين الدفلى,44100
1265,Boumedfaa,بومدفع,Boumedfaa,44,Aïn Defla,عين الدفلى,44200
1266,Bourached,بوراشد,Djendel,44,Aïn Defla,عين الدفلى,44016
1267,Djelida,جليدة,Djelida,44,Aïn Defla,عين الدفلى,44017
1268,Djemaa Ouled Cheikh,جمعة أولاد الشيخ,El Amra,44,Aïn Defla,عين الدفلى,44018
1269,Djendel,جندل,Djendel,44,Aïn Defla,عين الدفلى,44300
1270,El-Abadia,العبادية,El Abadia,44,Aïn Defla,عين الدفلى,44020
1271,El-Amra,العامرة,El Amra,44,Aïn Defla,عين الدفلى,44021
1272,El-Attaf,العطاف,El Attaf,44,Aïn Defla,عين الدفلى,44400
1273,El-Maine,الماين,Miliana,44,Aïn Defla,عين الدفلى,44024
1274,Hammam-Righa,حمام ريغة,Hammam Righa,44,Aïn Defla,عين الدفلى,44025
1275,Hassania,الحسانية,Khemis Miliana,44,Aïn Defla,عين الدفلى,44023
1276,Hoceinia,الحسينية,Miliana,44,Aïn Defla,عين الدفلى,44026
1277,Khemis-Miliana,خميس مليانة,Khemis Miliana,44,Aïn Defla,عين الدفلى,44500
1278,Mekhatria,المخاطرية,Rouina,44,Aïn Defla,عين الدفلى,44028
1279,Miliana,مليانة,Miliana,44,Aïn Defla,عين الدفلى,44600
1280,Oued Chorfa,وادي الشرفاء,Hammam Righa,44,Aïn Defla,عين الدفلى,44030
1281,Oued Djemaa,واد الجمعة,Boumedfaa,44,Aïn Defla,عين الدفلى,44031
1282,Rouina,الروينة,Rouina,44,Aïn Defla,عين الدفلى,44032
1283,Sidi-Lakhdar,سيدي الأخضر,Khemis Miliana,44,Aïn Defla,عين الدفلى,44033
1284,Tacheta Zegagha,تاشتة زقاغة,El Amra,44,Aïn Defla,عين الدفلى,44034
1285,Tarik-Ibn-Ziad,طارق بن زياد,Aïn Lechiakh,44,Aïn Defla,عين الدفلى,44006
1286,Tiberkanine,تبركانين,Aïn Lechiakh,44,Aïn Defla,عين الدفلى,44007
1287,Zeddine,زدين,Rouina,44,Aïn Defla,عين الدفلى,44035
1288,Ain Ben Khelil,عين بن خليل,Mecheria,45,Naâma,النعامة,45008
1289,Ain Sefra,عين الصفراء,Aïn Sefra,45,Naâma,النعامة,45200
1290,Asla,عسلة,Assela,45,Naâma,النعامة,45006
1291,Djenienne Bourezg,جنين بورزق,Moghrar,45,Naâma,النعامة,45007
1292,El Biodh,البيوض,Mecheria,45,Naâma,النعامة,45011
1293,Kasdir,القصدير,Makman Ben Amer,45,Naâma,النعامة,45010
1294,Makmen Ben Amar,مكمن بن عمار,Makman Ben Amer,45,Naâma,النعامة,45009
1295,Mecheria,المشرية,Mecheria,45,Naâma,النعامة,45100
1296,Moghrar,مغرار,Moghrar,45,Naâma,النعامة,45005
1297,Naama,النعامة,Naama,45,Naâma,النعامة,45000
1298,Sfissifa,سفيسيفة,Sfissifa,45,Naâma,النعامة,45004
1299,Tiout,تيوت,Aïn Sefra,45,Naâma,النعامة,45003
1300,Aghlal,أغلال,Aïn Kihal,46,Aïn Témouchent,عين تموشنت,46007
1301,Ain El Arbaa,عين الأربعاء,Aïn El Arbaa,46,Aïn Témouchent,عين تموشنت,46002
1302,Ain Kihal,عين الكيحل,Aïn Kihal,46,Aïn Témouchent,عين تموشنت,46006
1303,Ain Temouchent,عين تموشنت,Aïn Témouchent,46,Aïn Témouchent,عين تموشنت,46000
1304,Ain Tolba,عين الطلبة,Aïn Kihal,46,Aïn Témouchent,عين تموشنت,46008
1305,Aoubellil,عقب الليل,Aïn Kihal,46,Aïn Témouchent,عين تموشنت,46009
1306,Beni Saf,بني صاف,Beni Saf,46,Aïn Témouchent,عين تموشنت,46100
1307,Bouzedjar,بوزجار,El Amria,46,Aïn Témouchent,عين تموشنت,46014
1308,Chaabat El Ham,شعبة اللحم,El Malah,46,Aïn Témouchent,عين تموشنت,46020
1309,Chentouf,شنتوف,Hammam Bou Hadjar,46,Aïn Témouchent,عين تموشنت,46024
1310,El Amria,العامرية,El Amria,46,Aïn Témouchent,عين تموشنت,46200
1311,El Maleh,المالح,El Malah,46,Aïn Témouchent,عين تموشنت,46300
1312,El Messaid,المساعيد,El Amria,46,Aïn Témouchent,عين تموشنت,46016
1313,Emir Abdelkader,الأمير عبد القادر,Taher,46,Aïn Témouchent,عين تموشنت,18006
1314,Hammam Bou Hadjar,حمام بوحجر,Hammam Bou Hadjar,46,Aïn Témouchent,عين تموشنت,46400
1315,Hassasna,الحساسنة,Hammam Bou Hadjar,46,Aïn Témouchent,عين تموشنت,46025
1316,Hassi El Ghella,حاسي الغلة,El Amria,46,Aïn Témouchent,عين تموشنت,46017
1317,Oued Berkeche,وادي برقش,Hammam Bou Hadjar,46,Aïn Témouchent,عين تموشنت,46023
1318,Oued Sebbah,وادي الصباح,Aïn El Arbaa,46,Aïn Témouchent,عين تموشنت,46005
1319,Ouled Boudjemaa,أولاد بوجمعة,El Amria,46,Aïn Témouchent,عين تموشنت,46015
1320,Ouled Kihal,أولاد الكيحل,El Malah,46,Aïn Témouchent,عين تموشنت,46021
1321,Oulhaca El Gheraba,ولهاصة الغرابة,Oulhaca El Gheraba,46,Aïn Témouchent,عين تموشنت,46026
1322,Sidi Ben Adda,سيدي بن عدة,Aïn Témouchent,46,Aïn Témouchent,عين تموشنت,46001
1323,Sidi Boumediene,سيدي بومدين,Aïn El Arbaa,46,Aïn Témouchent,عين تموشنت,46004
1324,Sidi Ouriache,سيدي ورياش,Oulhaca El Gheraba,46,Aïn Témouchent,عين تموشنت,46027
1325,Sidi Safi,سيدي صافي,Beni Saf,46,Aïn Témouchent,عين تموشنت,46011
1326,Tamzoura,تامزورة,Aïn El Arbaa,46,Aïn Témouchent,عين تموشنت,46003
1327,Terga,تارقة,El Malah,46,Aïn Témouchent,عين تموشنت,46019
1328,Berriane,بريان,Berriane,47,Ghardaïa,غرداية,47100
1329,Bounoura,بونورة,Bounoura,47,Ghardaïa,غرداية,47002
1330,Dhayet Bendhahoua,ضاية بن ضحوة,Daia Ben Dahoua,47,Ghardaïa,غرداية,47004
1331,El Atteuf,العطف,Bounoura,47,Ghardaïa,غرداية,47003
1332,El Guerrara,القرارة,El Guerrara,47,Ghardaïa,غرداية,47200
1333,Ghardaia,غرداية,Ghardaia,47,Ghardaïa,غرداية,47000
1334,Mansoura,المنصورة,Mansoura,47,Ghardaïa,غرداية,47006
1335,Metlili,متليلي,Metlili,47,Ghardaïa,غرداية,47300
1336,Sebseb,سبسب,Metlili,47,Ghardaïa,غرداية,47008
1337,Zelfana,زلفانة,Zelfana,47,Ghardaïa,غرداية,47009
1338,Ain Rahma,عين الرحمة,Yellel,48,Relizane,غليزان,48032
1339,Ain-Tarek,عين طارق,Aïn Tarek,48,Relizane,غليزان,48002
1340,Ammi Moussa,عمي موسى,Ammi Moussa,48,Relizane,غليزان,48100
1341,Belaassel Bouzagza,بلعسل بوزقزة,El Matmar,48,Relizane,غليزان,48014
1342,Bendaoud,بن داود,Relizane,48,Relizane,غليزان,48001
1343,Beni Dergoun,بني درقن,Zemmora,48,Relizane,غليزان,48036
1344,Beni Zentis,بني زنطيس,Sidi M'Hamed Ben Ali,48,Relizane,غليزان,48029
1345,Dar Ben Abdelah,دار بن عبد الله,Zemmora,48,Relizane,غليزان,48037
1346,Djidiouia,جديوية,Djidioua,48,Relizane,غليزان,48200
1347,El H'madna,الحمادنة,El Hamadna,48,Relizane,غليزان,48011
1348,El Hassi,الحاسي,Ammi Moussa,48,Relizane,غليزان,48005
1349,El Ouldja,الولجة,Ammi Moussa,48,Relizane,غليزان,48006
1350,El-Guettar,القطار,Mazouna,48,Relizane,غليزان,48018
1351,El-Matmar,المطمر,El Matmar,48,Relizane,غليزان,48013
1352,Had Echkalla,حد الشكالة,Aïn Tarek,48,Relizane,غليزان,48003
1353,Hamri,حمري,Djidioua,48,Relizane,غليزان,48009
1354,Kalaa,القلعة,Yellel,48,Relizane,غليزان,48033
1355,Lahlef,لحلاف,Oued Rhiou,48,Relizane,غليزان,48025
1356,Mazouna,مازونة,Mazouna,48,Relizane,غليزان,48300
1357,Mediouna,مديونة,Sidi M'Hamed Ben Ali,48,Relizane,غليزان,48030
1358,Mendes,منداس,Mendes,48,Relizane,غليزان,48019
1359,Merdja Sidi Abed,مرجة سيدي عابد,Oued Rhiou,48,Relizane,غليزان,48023
1360,Ouarizane,واريزان,Oued Rhiou,48,Relizane,غليزان,48024
1361,Oued El Djemaa,وادي الجمعة,El Hamadna,48,Relizane,غليزان,48012
1362,Oued Essalem,وادي السلام,Mendes,48,Relizane,غليزان,48020
1363,Oued-Rhiou,وادي رهيو,Oued Rhiou,48,Relizane,غليزان,48400
1364,Ouled Aiche,أولاد يعيش,Ammi Moussa,48,Relizane,غليزان,48007
1365,Ouled Sidi Mihoub,أولاد سيدي الميهوب,Djidioua,48,Relizane,غليزان,48010
1366,Ramka,الرمكة,Ramka,48,Relizane,غليزان,48026
1367,Relizane,غليزان,Relizane,48,Relizane,غليزان,48000
1368,Sidi Khettab,سيدي  خطاب,El Matmar,48,Relizane,غليزان,48015
1369,Sidi Lazreg,سيدي لزرق,Mendes,48,Relizane,غليزان,48021
1370,Sidi M'hamed Benali,سيدي أمحمد بن علي,Sidi M'Hamed Ben Ali,48,Relizane,غليزان,48028
1371,Sidi M'hamed Benaouda,سيدي امحمد بن عودة,El Matmar,48,Relizane,غليزان,48016
1372,Sidi Saada,سيدي سعادة,Yellel,48,Relizane,غليزان,48034
1373,Souk El Had,سوق الحد,Ramka,48,Relizane,غليزان,48027
1374,Yellel,يلل,Yellel,48,Relizane,غليزان,48031
1375,Zemmoura,زمورة,Zemmora,48,Relizane,غليزان,48500
1376,Aougrout,أوقروت,Aougrout,49,Timimoun,تيميمون,49003
1377,Charouine,شروين,Charouine,49,Timimoun,تيميمون,49008
1378,Deldoul,دلدول,Aougrout,49,Timimoun,تيميمون,49005
1379,Ksar Kaddour,قصر قدور,Tinerkouk,49,Timimoun,تيميمون,49007
1380,Metarfa,المطارفة,Aougrout,49,Timimoun,تيميمون,49004
1381,Ouled Aissa,أولاد عيسى,Charouine,49,Timimoun,تيميمون,49010
1382,Ouled Said,أولاد السعيد,Timimoun,49,Timimoun,تيميمون,49002
1383,Talmine,طالمين,Charouine,49,Timimoun,تيميمون,49009
1384,Timimoun,تيميمون,Timimoun,49,Timimoun,تيميمون,49001
1385,Tinerkouk,تنركوك,Tinerkouk,49,Timimoun,تيميمون,49006
1386,Bordj Badji Mokhtar,برج باجي مختار,Bordj Badji Mokhtar,50,Bordj Badji Mokhtar,برج باجي مختار,50001
1387,Timiaouine,تيمياوين,Bordj Badji Mokhtar,50,Bordj Badji Mokhtar,برج باجي مختار,50002
1388,Besbes,بسباس,Sidi Khaled,51,Ouled Djellal,أولاد جلال,51005
1389,Chaiba,الشعيبة,Kolea,51,Ouled Djellal,أولاد جلال,42011
1390,Doucen,الدوسن,Ouled Djellal,51,Ouled Djellal,أولاد جلال,51003
1391,Ouled Djellal,أولاد جلال,Ouled Djellal,51,Ouled Djellal,أولاد جلال,51001
1392,Ras El Miad,رأس الميعاد,Sidi Khaled,51,Ouled Djellal,أولاد جلال,51006
1393,Sidi Khaled,سيدي  خالد,Sidi Khaled,51,Ouled Djellal,أولاد جلال,51004
1394,Beni-Abbes,بني عباس,Beni Abbes,52,Béni Abbès,بني عباس,52001
1395,Beni-Ikhlef,بن يخلف,El Ouata,52,Béni Abbès,بني عباس,52006
1396,El Ouata,الواتة,El Ouata,52,Béni Abbès,بني عباس,52005
1397,Igli,إقلي,Igli,52,Béni Abbès,بني عباس,52010
1398,Kerzaz,كرزاز,Kerzaz,52,Béni Abbès,بني عباس,52003
1399,Ksabi,القصابي,Ouled Khoudir,52,Béni Abbès,بني عباس,52009
1400,Ouled-Khodeir,أولاد خضير,Ouled Khoudir,52,Béni Abbès,بني عباس,52008
1401,Tamtert,تامترت,Beni Abbes,52,Béni Abbès,بني عباس,52002
1402,Timoudi,تيمودي,Kerzaz,52,Béni Abbès,بني عباس,52004
1403,Ain Salah,عين صالح,In Salah,53,In Salah,عين صالح,53001
1404,Foggaret Ezzoua,فقارة الزوى,In Salah,53,In Salah,عين صالح,53002
1405,Inghar,إينغر,In Ghar,53,In Salah,عين صالح,53003
1406,Ain Guezzam,عين قزام,In Guezzam,54,In Guezzam,عين قزام,54001
1407,Tin Zouatine,تين زواتين,Tin Zaouatine,54,In Guezzam,عين قزام,54002
1408,Benaceur,بن ناصر,Taibet,55,Touggourt,توقرت,55012
1409,Blidet Amor,بلدة اعمر,Tamacine,55,Touggourt,توقرت,55006
1410,El Alia,العالية,Ouargla,55,Touggourt,توقرت,30009
1411,El-Hadjira,الحجيرة,El Hadjira,55,Touggourt,توقرت,55009
1412,M'naguer,المنقر,Taibet,55,Touggourt,توقرت,55013
1413,Megarine,المقارين,Megarine,55,Touggourt,توقرت,55007
1414,Nezla,النزلة,Touggourt,55,Touggourt,توقرت,55002
1415,Sidi Slimane,سيدي سليمان,Megarine,55,Touggourt,توقرت,55008
1416,Taibet,الطيبات,Taibet,55,Touggourt,توقرت,55011
1417,Tebesbest,تبسبست,Touggourt,55,Touggourt,توقرت,55003
1418,Temacine,تماسين,Tamacine,55,Touggourt,توقرت,55005
1419,Touggourt,تقرت,Touggourt,55,Touggourt,توقرت,55001
1420,Zaouia El Abidia,الزاوية العابدية,Touggourt,55,Touggourt,توقرت,55004
1421,Bordj El Haouass,برج الحواس,Djanet,56,Djanet,جانت,56002
1422,Djanet,جانت,Djanet,56,Djanet,جانت,56001
1423,Djamaa,جامعة,Djamaa,57,El M'Ghair,المغير,57005
1424,El-M'ghaier,المغير,El M'Ghair,57,El M'Ghair,المغير,57001
1425,M'rara,المرارة,Djamaa,57,El M'Ghair,المغير,57006
1426,Oum Touyour,أم الطيور,El M'Ghair,57,El M'Ghair,المغير,57002
1427,Sidi Amrane,سيدي عمران,Djamaa,57,El M'Ghair,المغير,57007
1428,Sidi Khelil,سيدي خليل,El M'Ghair,57,El M'Ghair,المغير,57003
1429,Still,سطيل,El M'Ghair,57,El M'Ghair,المغير,57004
1430,Tenedla,تندلة,Djamaa,57,El M'Ghair,المغير,57008
1431,El Meniaa,المنيعة,El Meniaa,58,El Meniaa,المنيعة,58001
1432,Hassi Fehal,حاسي الفحل,El Meniaa,58,El Meniaa,المنيعة,58003
1433,Hassi Gara,حاسي القارة,El Meniaa,58,El Meniaa,المنيعة,58002
1434,Aflou,أفلو,Aflou,59,Aflou,آفلو,59001
1435,Ain Sidi Ali,عين سيدي علي,Gueltat Sidi Saad,59,Aflou,آفلو,59006
1436,Brida,بريدة,Brida,59,Aflou,آفلو,59007
1437,El Beidha,البيضاء,Aflou,59,Aflou,آفلو,59002
1438,El Ghicha,الغيشة,El Ghicha,59,Aflou,آفلو,59011
1439,Gueltat Sidi Saad,قلتة سيدي سعد,Gueltat Sidi Saad,59,Aflou,آفلو,59005
1440,Hadj Mechri,الحاج مشري,Hadj Mechri,59,Aflou,آفلو,59009
1441,Oued M'zi,وادي مزي,Aflou,59,Aflou,آفلو,59004
1442,Oued Morra,وادي مرة,Aflou,59,Aflou,آفلو,59003
1443,Sebgag,سبقاق,El Ghicha,59,Aflou,آفلو,59012
1444,Sidi Bouzid,سيدي بوزيد,Brida,59,Aflou,آفلو,59008
1445,Taouiala,تاويالة,Hadj Mechri,59,Aflou,آفلو,59010
1446,Azil Abedelkader,عزيل عبد القادر,Azil Abdelkader,60,Barika,بريكة,63007
1447,Barika,بريكة,Barika,60,Barika,بريكة,63001
1448,Bitam,بيطام,Barika,60,Barika,بريكة,63002
1449,Djezzar,الجزار,Seggana,60,Barika,بريكة,63006
1450,M Doukal,إمدوكل,Barika,60,Barika,بريكة,63003
1451,Ouled Ammar,أولاد عمار,Azil Abdelkader,60,Barika,بريكة,63008
1452,Seggana,سقانة,Seggana,60,Barika,بريكة,63005
1453,Tilatou,تيلاطو,Tilatou,60,Barika,بريكة,63004
1454,Ain Zaatout,عين زعطوط,El Kantara,61,El Kantara,القنطرة,62005
1455,Branis,برانيس,Djemorah,61,El Kantara,القنطرة,62003
1456,Djemorah,جمورة,Djemorah,61,El Kantara,القنطرة,62002
1457,El Kantara,القنطرة,El Kantara,61,El Kantara,القنطرة,62001
1458,El Outaya,الوطاية,El Outaya,61,El Kantara,القنطرة,62004
1459,Bir-El-Ater,بئر العاتر,Bir El Ater,62,Bir El Ater,بئر العاتر,65001
1460,El Ogla El Malha,العقلة المالحة,Negrine,62,Bir El Ater,بئر العاتر,65004
1461,Ferkane,فركان,Bir El Ater,62,Bir El Ater,بئر العاتر,65002
1462,Negrine,نقرين,Negrine,62,Bir El Ater,بئر العاتر,65003
1463,Bouihi,البويهي,Sidi Djillali,63,El Aricha,العريشة,61004
1464,El Aricha,العريشة,El Aricha,63,El Aricha,العريشة,61001
1465,El Gor,القور,El Aricha,63,El Aricha,العريشة,61002
1466,Sidi Djillali,سيدي الجيلالي,Sidi Djillali,63,El Aricha,العريشة,61003
1467,Bougara,بوقرة,Zmalet El Emir Abdelkader,64,Ksar Chellala,قصر الشلالة,67004
1468,Hamadia,حمادية,Rechaiga,64,Ksar Chellala,قصر الشلالة,67006
1469,Ksar Chellala,قصر الشلالة,Ksar Chellala,64,Ksar Chellala,قصر الشلالة,67001
1470,Rechaiga,الرشايقة,Rechaiga,64,Ksar Chellala,قصر الشلالة,67005
1471,Serghine,سرغين,Ksar Chellala,64,Ksar Chellala,قصر الشلالة,67002
1472,Zmalet El Emir Abdelkade,زمالة  الأمير عبد القادر,Ksar Chellala,64,Ksar Chellala,قصر الشلالة,14027
1473,Ain Fekka,عين فقه,Sidi Laadjel,65,Aïn Oussara,عين وسارة,68010
1474,Ain Oussera,عين وسارة,Ain Oussera,65,Aïn Oussara,عين وسارة,68001
1475,Benhar,بنهار,Ain Oussera,65,Aïn Oussara,عين وسارة,68002
1476,Birine,بيرين,Birine,65,Aïn Oussara,عين وسارة,68004
1477,Bouira Lahdab,بويرة الأحداب,Bouira Lahdab,65,Aïn Oussara,عين وسارة,68006
1478,El Khemis,الخميس,Birine,65,Aïn Oussara,عين وسارة,68005
1479,Guernini,قرنيني,Ain Oussera,65,Aïn Oussara,عين وسارة,68003
1480,Had Sahary,حد الصحاري,Bouira Lahdab,65,Aïn Oussara,عين وسارة,68007
1481,Hassi Fedoul,حاسي فدول,Sidi Laadjel,65,Aïn Oussara,عين وسارة,68009
1482,Sidi Laadjel,سيدي لعجال,Sidi Laadjel,65,Aïn Oussara,عين وسارة,68008
1483,Amourah,عمورة,Amourah,66,Messaad,مسعد,69008
1484,Deldoul,دلدول,Messaad,66,Messaad,مسعد,69003
1485,Faidh El Botma,فيض البطمة,Sed Rahal,66,Messaad,مسعد,69007
1486,Guettara,قطارة,Messaad,66,Messaad,مسعد,69002
1487,Messaad,مسعد,Messaad,66,Messaad,مسعد,69001
1488,Oum Laadham,أم العظام,Selmana,66,Messaad,مسعد,69005
1489,Sed Rahal,سد الرحال,Sed Rahal,66,Messaad,مسعد,69006
1490,Selmana,سلمانة,Selmana,66,Messaad,مسعد,69004
1491,Ain Boucif,عين بوسيف,Ain Boucif,67,Ksar El Boukhari,قصر البخاري,66007
1492,Ain Ouksir,عين اقصير,Chellalet El Adhaoura,67,Ksar El Boukhari,قصر البخاري,66018
1493,Aziz,عزيز,Aziz,67,Ksar El Boukhari,قصر البخاري,66012
1494,Boghar,بوغار,Boghar,67,Ksar El Boukhari,قصر البخاري,66019
1495,Bouaiche,بوعيش,Chahbounia,67,Ksar El Boukhari,قصر البخاري,26053
1496,Boughzoul,بوغزول,Chahbounia,67,Ksar El Boukhari,قصر البخاري,66005
1497,Chabounia,الشهبونية,Chahbounia,67,Ksar El Boukhari,قصر البخاري,66004
1498,Chelalet El Adhaoura,شلالة العذاورة,Chellalet El Adhaoura,67,Ksar El Boukhari,قصر البخاري,66015
1499,Cheniguel,شنيقل,Chellalet El Adhaoura,67,Ksar El Boukhari,قصر البخاري,66016
1500,Derrag,دراق,Aziz,67,Ksar El Boukhari,قصر البخاري,66014
1501,El Ouinet,العوينات,Ain Boucif,67,Ksar El Boukhari,قصر البخاري,66011
1502,Kef Lakhdar,الكاف الاخضر,Ain Boucif,67,Ksar El Boukhari,قصر البخاري,66008
1503,Ksar El Boukhari,قصر البخاري,Ksar El Boukhari,67,Ksar El Boukhari,قصر البخاري,66001
1504,M'fatha,مفاتحة,Ksar Boukhari,67,Ksar El Boukhari,قصر البخاري,26059
1505,Ouled Antar,أولاد عنتر,Boghar,67,Ksar El Boukhari,قصر البخاري,66020
1506,Ouled Emaaraf,أولاد امعرف,Aïn Boucif,67,Ksar El Boukhari,قصر البخاري,26045
1507,Ouled Hellal,أولاد هلال,Boghar,67,Ksar El Boukhari,قصر البخاري,66021
1508,Oum El Djellil,أم الجليل,Aziz,67,Ksar El Boukhari,قصر البخاري,66013
1509,Saneg,السانق,Ksar El Boukhari,67,Ksar El Boukhari,قصر البخاري,66003
1510,Sidi Demed,سيدي دامد,Ain Boucif,67,Ksar El Boukhari,قصر البخاري,66010
1511,Tafraout,تفراوت,Chellalet El Adhaoura,67,Ksar El Boukhari,قصر البخاري,66017
1512,Ain El Melh,عين الملح,Ain El Melh,68,Bou Saâda,بوسعادة,64016
1513,Ain Fares,عين فارس,Ain El Melh,68,Bou Saâda,بوسعادة,64018
1514,Ain Rich,عين الريش,Ain El Melh,68,Bou Saâda,بوسعادة,64017
1515,Ben Srour,بن سرور,Ben Srour,68,Bou Saâda,بوسعادة,64007
1516,Benzouh,بن زوه,Ouled Sidi Brahim,68,Bou Saâda,بوسعادة,28026
1517,Bir Foda,بئر فضة,Aïn El Melh,68,Bou Saâda,بوسعادة,28014
1518,Bou Saada,بوسعادة,Bou Saada,68,Bou Saâda,بوسعادة,64001
1519,Djebel Messaad,جبل مساعد,Djebel Messaad,68,Bou Saâda,بوسعادة,64014
1520,El Hamel,الهامل,Bou Saada,68,Bou Saâda,بوسعادة,64002
1521,El Houamed,الحوامد,Khoubana,68,Bou Saâda,بوسعادة,28040
1522,Khoubana,خبانة,Khoubana,68,Bou Saâda,بوسعادة,64004
1523,M'cif,مسيف,Khoubana,68,Bou Saâda,بوسعادة,28039
1524,Medjedel,امجدل,Medjedel,68,Bou Saâda,بوسعادة,28041
1525,Menaa,مناعة,Menaa,68,Bou Saâda,بوسعادة,05028
1526,Mohamed Boudiaf,محمد بوضياف,Ben Srour,68,Bou Saâda,بوسعادة,64010
1527,Ouled Sidi Brahim,أولاد سيدي ابراهيم,Ouled Sidi Brahim,68,Bou Saâda,بوسعادة,64011
1528,Ouled Slimane,أولاد سليمان,Ben Srour,68,Bou Saâda,بوسعادة,64008
1529,Oulteme,ولتام,Bou Saada,68,Bou Saâda,بوسعادة,64003
1530,Sidi Ameur,سيدي عامر,Sidi Ameur,68,Bou Saâda,بوسعادة,64012
1531,Sidi M'hamed,سيدي امحمد,Ain El Melh,68,Bou Saâda,بوسعادة,64020
1532,Slim,سليم,Djebel Messaad,68,Bou Saâda,بوسعادة,64015
1533,Tamsa,تامسة,Sidi Ameur,68,Bou Saâda,بوسعادة,64013
1534,Zarzour,زرزور,Ben Srour,68,Bou Saâda,بوسعادة,64009
1535,Ain El Orak,عين العراك,El Abiodh Sidi Cheikh,69,El Abiodh Sidi Cheikh,الأبيض سيدي الشيخ,60002
1536,Arbaouat,اربوات,El Abiodh Sidi Cheikh,69,El Abiodh Sidi Cheikh,الأبيض سيدي الشيخ,60003
1537,Boussemghoun,بوسمغون,Boussemghoun,69,El Abiodh Sidi Cheikh,الأبيض سيدي الشيخ,60005
1538,Chellala,شلالة,Chellala,69,El Abiodh Sidi Cheikh,الأبيض سيدي الشيخ,60006
1539,El Bnoud,البنود,El Abiodh Sidi Cheikh,69,El Abiodh Sidi Cheikh,الأبيض سيدي الشيخ,60004
1540,El Mehara,المحرة,Chellala,69,El Abiodh Sidi Cheikh,الأبيض سيدي الشيخ,60007
1541,Labiodh Sidi Cheikh,الأبيض سيدي الشيخ,El Abiodh Sidi Cheikh,69,El Abiodh Sidi Cheikh,الأبيض سيدي الشيخ,60001
