id,operator,name,address,commune,wilaya_code,lat,lng,sources
10101,yalidine,Agence de Adrar,"Rue Benhachem Maamar, Adrar",Adrar,1,27.875695678434518,-0.28488572885492014,guepex|yalidine
10102,easyandspeed,Agence El Hataba (Adrar),"Rue Allal, Section 22, Groupe de propriété 262, porte n°01, Commune et Wilaya d’Adrar",Adrar,1,27.877111483781547,-0.29309172883587653,yalidine
10401,yalidine,Agence Reggane,شارع الأمير عبد القادر حي 20 مسكن للتوفير و الاحتياط,Reggane,1,26.722592393828023,0.16756553837153132,yalidine
11201,easyandspeed,Agence Aoulef,"Cité Amanat, Section 035, Groupe de propriété 026, porte N°23,Commune Aoulef, Wilaya d’Adrar",Aoulef,1,26.97104710045972,1.0833315383800848,yalidine
20701,guepex,Agence BOUKADIR,"Quartier ouest , rue des frères Ben Daoudia , section 82 grp de Propriéte n°105- BOUKADIR",Boukadir,2,36.06282900000001,1.120954542328247,yalidine
21101,yalidine,Agence de Chlef,route national N4 Chlef,Chlef,2,36.170713,1.334965,guepex|yalidine
21102,guepex,Agence de Chlef,"Cité Cherifi Kadour, 113",Chlef,2,36.16073470034724,1.3307245621473522,guepex|yalidine
21103,zimou-express,Agence Hay El Nasr,"Agence Zimou Express, Hay El Nasr, Ouled Mohmed-Zone 04 (A coté de l'arrêt de bus)",Chlef,2,36.15265428128475,1.3612961909921888,yalidine
23401,guepex,Agence de Ténès,"Bt A2 Rdc Local 28, Sortie Ouest Route De Mostaganem",Ténès,2,36.50473150265476,1.286761899576662,guepex|yalidine
30102,easyandspeed,Agence Laghouat (Cité OASIS),"Cité l'OASIS, centre ville Laghouat, Laghouat.",Laghouat,3,33.811561602108206,2.8597337097525823,guepex|yalidine
31901,yalidine,Agence de Aflou,"Hai Zahi Ben Aissa, Route El Bayadh (à coté de la centrale de police)",Aflou,59,34.11114198779646,2.0961174596054004,guepex|yalidine
40101,yalidine,Agence de Oum el Bouaghi,Cité El Moustakbel,Oum el Bouaghi,4,35.871998629133536,7.1077427693234645,guepex|yalidine
40301,yalidine,Agence de Aïn M'lila,Route Messas (à coté superette Amiche),Aïn M'lila,4,36.04672082846558,6.568678708926481,guepex|yalidine
50101,yalidine,Agence des 500 Logements,Lotissement Meddour (En Face Lycee 500 Logements),Batna,5,35.55062452513792,6.154746735050948,guepex|yalidine
50103,guepex,Agence du CHU Route de Tazoult,"Cité frères Lombarkia, ex parc à fourrage",Batna,5,35.53111052619345,6.19182254228705,guepex|yalidine
50401,guepex,Agence Merouana,"75 Logements, ancienne station de taxis, commune de Merouana, wilaya de Batna,",Merouana,5,35.62656585854621,5.9135896423282475,yalidine
54201,guepex,Agence de Barika,"Boulevard Azil Abdul Rahman, Rue Les Freres Debache, Route De Batna",Barika,60,35.3798441310065,5.378196883423196,guepex|yalidine
60101,guepex,Agence de Béjaïa (Cité Tobal),"Cité Tobal en face de Syken collège, Béjaïa",Béjaïa,6,36.74944866542828,5.071125525141842,guepex|yalidine
60102,yalidine,Agence de Béjaïa (Edimco),"Zone Industrielle, Rue Mahfoudi Fateh, Edimco, (Derrière le centre commercial Ritadj-Mall)",Béjaïa,6,36.74500763190776,5.056510728863536,guepex|yalidine
62501,yalidine,Agence de Akbou,Cite 16 Logement Eplf,Akbou,6,36.45941780427994,4.536392157727091,guepex|yalidine
64001,guepex,Agence de El Kseur,"Rue Zema Abdelkader, commune d’El Ksar.",El Kseur,6,36.68097107653013,4.849056638630961,guepex|yalidine
70402,easyandspeed,Agence de Biskra (Zone Ouest),"Coopératif du verger N°22 Zone Ouest, Biskra",Biskra,7,34.86410253083451,5.715919862126138,guepex|yalidine
71601,yalidine,Agence El Kantara,Coopérative El Amel cité 5 juillet,El Kantara,61,35.21802847673691,5.710244600219768,yalidine
73201,guepex,Agence de Tolga,نهج كرباع الرساي رسوطة الغربية بلدية طولقة ، ولاية بسكرة .,Tolga,7,34.727838807198324,5.3788457709935225,guepex|yalidine
80101,yalidine,Agence de Béchar (Centre Ville),"Cite Hai El Badr, Lot N°50, Secteur N°49, Local 01, Béchar",Béchar,8,31.605981803220686,-2.232912635019772,guepex|yalidine
80102,easyandspeed,Agence Béchar (Cité Es Salam),"Quartier Essalam, Section 21, Groupe foncier n° 524, Béchar",Béchar,8,31.62948007960236,-2.22078959025644,guepex|yalidine
90101,yalidine,Agence de Blida,La zone indistruelle Ben Boulaid (Devant Family Shop),Blida,9,36.49196812851148,2.8424850849082146,guepex|yalidine
90102,guepex,Agence de Bab Dzair,"21 Centre d'artisans, Rue d'Alger, Bab Dzair, Blida",Blida,9,36.472777177490215,2.8313255422774586,guepex|yalidine
90301,yalidine,Agence Bouinan,"Bouinan, Blida",Bouinan,9,36.53255364167086,2.9891507153446097,yalidine
90701,yalidine,Agence Ouled Yaïch,"Rue de la Mosquée, Ouled Yaïch, Blida",Ouled Yaïch,9,36.495598820799735,2.8604034367518314,guepex|yalidine
91601,guepex,Agence Mouzaia (Blida),"Quartier du Marché Groupe 36, Mouzaia, Blida",Mouzaia,9,36.466839890514564,2.686858928650103,guepex|yalidine
92001,guepex,Agence de Boufarik,"64 Rue Si Ben Youcef, Boufarik, Blida",Boufarik,9,36.57409336434954,2.9140737574757805,guepex|yalidine
92101,zimou-express,Agence de Larbaa,"Rue El Emir Khaled, Larbaa, Blida",Larbaa,9,36.5666270734497,3.1543977163459918,guepex|yalidine
100101,guepex,Agence Ain Bessem,"Rue Abdelkader Bouziane, Section 46 Groupe de propriété n°156 Commune d’Aïn Bessem",Aïn Bessem,10,36.29384322085325,3.6756484464787,yalidine
101601,yalidine,Agence de Bouira,Lotissement Amar Khoudja B0 (A Gauche Du Nouveau Rond Point D'Aigle En Allant Vers Le Boulevard),Bouira,10,36.37042045017322,3.8758492313266446,guepex|yalidine
103101,yalidine,Agence de Lakhdaria,"cité si Lakhdar Derrière l'Algérienne des Eaux, À côté du laboratoire Boudina.",Lakhdaria,10,36.563972759374806,3.5993137308374,guepex|yalidine
104101,guepex,Agence de Sour El Ghouzlane,"N°03 Cite Sayeh, Section 13",Sour El Ghouzlane,10,36.143071573354455,3.6951283180568684,guepex|yalidine
110101,guepex,Agence de Tamanrasset (Gataâ El Oued),Cité Gataâ El Oued N 742 743 Commune Tamanrasset,Tamanrasset,11,22.78495481213817,5.517133685352839,guepex|yalidine
110102,yalidine,Agence Tamanrasset (Tahaggart),Tahaggart CHARKIA EN FACE MOSQUEE F.ZAHRAA,Tamanrasset,11,22.791772342647075,5.519063835582057,guepex|yalidine
110103,easyandspeed,Agence Tamanrasset (Sorro Ivolutif),حي سورو (تجزئة 505 قطعة) بلدية تامنراست,Tamanrasset,11,22.80004375984567,5.545667632367685,guepex
120101,yalidine,Agence de Tébessa,Boulevard Houari Boumediene (En Face De La Pharmacie Hazourli),Tébessa,12,35.396636906679085,8.109079713415683,guepex|yalidine
120103,yalidine,Centre de tri Skanska (Tébessa),"Cité El Amel, Skanska, Tébessa",Tébessa,12,35.40498213138372,8.100629186509849,guepex|yalidine
120301,guepex,Agence Cheria (Tébessa),رقم 10مكرر التحصيص البلدي رقم 02,Cheria,12,35.27905616702475,7.757957548028531,guepex|yalidine
130101,guepex,Agence de Tlemcen (Bel-Air),"Quartier Mohammed 05, Bel-Air, Tlemcen",Tlemcen,13,34.87551290379688,-1.3211592999999997,guepex|yalidine
130103,yalidine,Agence de Tlemcen (Mansourah),"Boulevard Imama (En face la piscine Olympique), Mansourah, Tlemcen",Tlemcen,13,34.88115577405357,-1.332723451208682,guepex|yalidine
130104,easyandspeed,Agence Tlemcen Amandiers,"Cité El-Kiffane, Local 02, Section 116 llot.p33, Tlemcen",Tlemcen,13,34.88819960107972,-1.3274392711641239,yalidine
130401,yalidine,Agence Remchi,"Rue Takia Ben Abdallah, GP 111, Section 62, en face de la Banque CPA Remchi et à côté de l'imprimerie Bensalah",Remchi,13,35.064552027377694,-1.4317729336527052,guepex|yalidine
132701,yalidine,Agence de Maghnia,"Tafna N°4 Cite Perri, Maghnia, Tlemcen",Maghnia,13,34.844893260256576,-1.721598911713723,guepex|yalidine
135001,yalidine,Agence Chetouane,"Zone industrielle, Chetouane, Tlemcen",Chetouane,13,34.90893882311112,-1.2930467499547136,guepex|yalidine
143901,yalidine,Agence de Tiaret,"Rue police Amer, n 161",Tiaret,14,35.36817378579679,1.3328889101032386,guepex|yalidine
150101,guepex,Agence de Bekkar,"Cite Bekkar Classe: 78 Propriété Groupe 137 (En Face la Placette), Bekkar, Tizi Ouzou",Tizi Ouzou,15,36.70517616666733,4.058703310312472,guepex|yalidine
150102,yalidine,Agence de Nouvelle Ville,"Nouvelle Ville, Tizi Ouzou",Tizi Ouzou,15,36.69298682328048,4.051372364416736,guepex|yalidine
151101,guepex,Agence de Tizi Gheniff,"Rue Fatoum Amar, Rez-de-Chaussee Bt:17, N° 02, Tizi Gheniff, Tizi Ouzou",Tizi Gheniff,15,36.59031892958808,3.7745891447025954,guepex|yalidine
151801,yalidine,Agence de Azazga,"01 Rue Djurdjura, Immeuble Ait Amara (Dépôt), Azazga, Tizi Ouzou",Azazga,15,36.74390989580551,4.367373988328014,guepex|yalidine
153201,yalidine,Agence Beni Douala,"Beni Douala, Tizi Ouzou",Beni Douala,15,36.61951273368813,4.070628242328079,yalidine
154701,guepex,Agence de Draâ Ben Khedda,"Touares 01, Draâ Ben Khedda, Tizi Ouzou",Draâ Ben Khedda,15,36.728128393643594,3.9659861144322925,guepex|yalidine
160101,guepex,Agence Sacré-Cœur,"116 Didouche Mourad, Sacré Cœur, Alger",Alger Centre,16,36.7635831801555,3.0471151913967005,guepex|yalidine
160501,guepex,Agence de Bab El Oued,"107 Rue Colonel Lotfi, Bab El Oued, Alger",Bab El Oued,16,36.788921063414854,3.0485394932807495,guepex|yalidine
160902,easyandspeed,Agence Bir Mourad Rais,"14 Rue des Trois, Rue des Frères Bouadou, Bir Mourad Raïs, Alger",Bir Mourad Raïs,16,36.738515044397246,3.0539694576708545,guepex|yalidine
161201,yalidine,Agence de Birkhadem,"Cité Les Vergers Villa N°1, Birkhadem, Alger",Birkhadem,16,36.728714872725824,3.0553242452285136,guepex|yalidine
161401,guepex,Agence de Baraki,"Route de Larbâa (à Coté de la Supérette Promo+), Baraki, Alger",Baraki,16,36.665013766367615,3.091836877210686,guepex|yalidine
161503,wecanservices,Agence El Harrach (Beaulieu),"128 Rue Boubaghla Lot: 08 GPE MTE N°229 Lot N°02 RDC, Beaulieu, Oued Smar, Alger",Oued Smar,16,36.71179225866924,3.1575205669471558,guepex|yalidine
161601,wecanservices,Agence de Bachdjerrah,"Bachdjerrah 3 Derrière l’ancien APC, à Environ 80m du Métro, Bachdjerrah, Alger",Bachdjerrah,16,36.71901560003096,3.109847971163656,guepex|yalidine
161701,yalidine,Agence de Hussein Dey,"Route Tripoli N°152, El Magharia, Alger",Hussein Dey,16,36.73593184624371,3.117008726064961,guepex|yalidine
161801,yalidine,Agence Kouba,"Lotissement 26 Tranche 56 Local:01, Ben Omar, Kouba, Alger",Kouba,16,36.72543355719765,3.0908529119026102,yalidine
162003,easyandspeed,Agence d'El Hamiz,"Cité les Orangers Groupe (A) Villa N°431, El Hamiz (En face le Stade), El Hamiz, Alger",Dar El Beïda,16,36.724635189426365,3.2386747288555875,guepex|yalidine
162102,yalidine,Agence Bab Ezzouar,"EPLF - Bab Ezzouar, Alger",Bab Ezzouar,16,36.720456069053455,3.1842058696201057,yalidine
163001,yalidine,Agence de Bordj El Kiffan,"Rue 1er Novembre 26 Cité Mimouni N:04, Bordj El Kiffan, Alger",Bordj El Kiffan,16,36.74863150288901,3.20052947265849,guepex|yalidine
163302,zimou-express,Agence Les Eucalyptus,"Rue Les Eucalyptus, N°56, Palais Rouge, Les Eucalyptus, Alger",Les Eucalyptus,16,36.66711648843321,3.1427310694191215,guepex|yalidine
163401,guepex,Agence de Birtouta,"06 Rue El Moudjahid Hamida Mouhamed (à Côté de Super Marquet Saadi), Birtouta, Alger",Birtouta,16,36.645369231973724,3.0043017206575358,guepex|yalidine
163901,yalidine,Agence Bordj El Bahri (Café Chergui),"Groupe de Propriété N°3065, Section 02, Rez-de-chaussée, Commune de Bordj El Bahri, Wilaya d'Alger",Bordj El Bahri,16,36.780248835053634,3.249505410050749,guepex|yalidine
164201,zimou-express,Agence de Rouïba,"Rue Hassiba Ben Bouali (Chemin Polyclinique), Rouïba, Alger",Rouïba,16,36.73755329601874,3.280255195985044,guepex|yalidine
164301,yalidine,Agence de DNC (Reghaïa),"Cité El Ouancharis, DNC, Route de Ain Taya (En face Société Générale), Reghaïa, Alger",Reghaïa,16,36.74734575091702,3.3423594000001984,guepex|yalidine
164401,guepex,Agence de Aïn Benian,"19 Route Al-Jamilah, Division Kargon, Aïn Benian, Alger",Aïn Benian,16,36.80041848415821,2.9025755690190453,guepex|yalidine
164601,guepex,Agence de Zeralda,"Local Commercial RDC, Cité Yesswel Kouider N°01, Zeralda, Alger",Zeralda,16,36.71270234813457,2.8343161757238713,guepex|yalidine
164701,zimou-express,Agence de Sidi Abdellah,"Cité 1400 local C6 Bt C6 Sidi Abdallah, Alger",Mahelma,16,36.689675206551044,2.8608359999999995,guepex|yalidine
165001,yalidine,Agence Dar Diaf,"Dar Diaf (à Côté De La Supérette Sedda), Cheraga, Alger",Cheraga,16,36.76825125970716,2.964346070388397,guepex|yalidine
165002,yalidine,HUB Cheraga (Plateau),"10, Rue Aïn Benian Partie: 192 C2, Cheraga, Alger",Cheraga,16,36.77458263742349,2.954507842328247,guepex|yalidine
165101,guepex,Agence de Ouled Fayet,"19 Route du Stade Communal, Ouled Fayet, Alger",Ouled Fayet,16,36.731778405827896,2.9569217546192674,guepex|yalidine
165301,guepex,Agence de Draria,"Cité Darbush 145, Habitation 400, Bâtiment 2, Draria, Alger",Draria,16,36.72112076655928,2.9899307253169414,guepex|yalidine
170501,yalidine,Agence de Aïn Oussara,"Cité Mohamed Boudiaf (Rue en face la BNA, à coté de douche Rebhi), Ain Oussara, Djelfa",Aïn Oussara,65,35.44999644877334,2.9044317099914543,guepex|yalidine
171401,yalidine,Agence de Djelfa,"Cité Boutrifis, Route de Boussaâda, Lotissement 137 N 06 Immeuble Djouaf Ameur, Djelfa",Djelfa,17,34.6810443367391,3.277842246383707,guepex|yalidine
180101,yalidine,Agence de Jijel,Village Mustapha RDC ROUTE SOUMMAM N°24,Jijel,18,36.82170292619886,5.758994169977939,guepex|yalidine
180102,easyandspeed,Agence de Jijel Bourmel,Lotissement Bourmel Jijel,Jijel,18,36.81386408918035,5.742336097583295,yalidine
180501,guepex,Agence de Taher,"Immeuble Des Bailleurs, Section 58, Groupement De Propriete N°111, Quartier Zemouch",Taher,18,36.77014887982159,5.8945063102513835,guepex|yalidine
180901,guepex,Agence de El Milia,Rue Boulakirba Zidane,El Milia,18,36.74812705604037,6.27440627114814,guepex|yalidine
181401,yalidine,Agence Kaous (Jijel),"Cité Amoura Messouad N°02 Commune Kaous,Jijel",Kaous,18,36.77631535560025,5.8116844576712765,guepex|yalidine
190202,easyandspeed,Agence Aïn Arnat,"Quartier 400 logements, commune d’Aïn Arnat, site n°01, acte n°12, immeuble n°10, daïra d’Aïn Arnat, wilaya de Sétif",Aïn Arnat,19,36.19147228980431,5.329148996421013,yalidine
190701,guepex,Agence de Aïn Oulmene,"Subdivision 264, lot — zone urbaine, Aïn Oulmène.",Aïn Oulmene,19,35.92853421113711,5.29630369691054,guepex|yalidine
192601,guepex,Agence de Bougaa,"Rue Mohamed Chinoune, Bougaa, Sétif",Bougaa,19,36.33332614477243,5.0910191674128775,guepex|yalidine
193202,yalidine,Desk El Eulma,"Rue Abdelaziz Khaled, N°119 (à Côté du Hôtel El Bez), Eulma, Sétif",El Eulma,19,36.15225059777369,5.695548728857927,guepex|yalidine
193203,easyandspeed,Agence El Eulma (Cité Sonatrach Smara S),"Smara Sud, Section 14, Bloc N° 82+, Logement Participatif N° 06, El Eulma, Sétif",El Eulma,19,36.15150000000002,5.667,guepex|yalidine
194901,zimou-express,Agence de Sétif Tinar,"Cité 600 logts Tinar,cité N°04,Bt N°19,local N°17",Ouled Sabor,19,36.17157923395763,5.499381416584906,guepex
195501,yalidine,Agence Maabouda,"Cite D'Al-Ma'Bouda, Escalier 1 Du Batiment B Section 203 Groupe 77 Parcelle 5",Sétif,19,36.18965846309601,5.391857886372733,guepex|yalidine
195502,guepex,Agence El Hidhab,"Cité El Hidhab, 110 Logements Participatifs, Bâtiment B, Classe 71",Sétif,19,36.21033727296476,5.445401329161286,guepex|yalidine
195504,guepex,Agence Centre Ville,"Cité des Frères Mezouache, Section 240, Ilot 67, Rez-de-chaussée, Commune de Sétif",Sétif,19,36.188733083758066,5.414652623367429,yalidine
195505,yalidine,Agence Sétif (1014 Logement),"373 شارع مركاش عبد الحميد اولاد ابراهم (التعاونية العقارية مالك ابن نبي) قسم 180 مجموع الملكية رقم 21, سطيف",Sétif,19,36.19528768347021,5.434247999999999,yalidine
195506,yalidine,Agence de Tinar (Sétif),حي 600 مسكن تينار سيت 04 عم 19 يحمل 17 سطيف,Sétif,19,36.17110866093928,5.499059271164125,yalidine
201101,yalidine,Agence de Saïda,cité Riadh (à coté de la mosquée Riadh),Saïda,20,34.84330195332345,0.15648539493396532,guepex|yalidine
210501,guepex,Agence de Azzaba,"Enseigne Cite Za'Af Rabeh, Azzaba, Skikda",Azzaba,21,36.73820784300283,7.103309891478236,guepex|yalidine
211401,guepex,Agence de Collo,"Boulevard Ruwaibah Taher, Collo, Skikda",Collo,21,37.00947083691242,6.56541830758666,guepex|yalidine
211801,guepex,Agence de El Harrouch,"Cite 24 Logements Sociaux Covalent Sonatiba, El Harrouch, Skikda",El Harrouch,21,36.652696909280046,6.842743529091004,guepex|yalidine
212201,yalidine,Agence Filfila,Cité KHAZOUZ Tahar 32 N16 Rez de chaussé,Filfila,21,36.900991594853664,7.050328233410561,yalidine
213501,yalidine,Centre de tri et Agence Messiouen (Skikda),"30 logement Bt 02 Rue de Chaussée, Skikda",Skikda,21,36.85877780359665,6.8959575386774015,yalidine
213502,yalidine,Nouvelle Agence Skikda L'espérance,"Rue El Reboua El Djamila, Partie N°01 Rez-de-chaussée, Skikda",Skikda,21,36.873354511972565,6.904929615263629,guepex|yalidine
213503,guepex,Agence de Faubourg (Skikda),"Rue Bachir BOUKADOUM BT: 06 local N°1, Faubroug, Skikda",Skikda,21,36.86915957909143,6.907464813490152,guepex|yalidine
213601,yalidine,Agence Tamalous,"Raf Souk Villa 03 N°04, Tamalous, Skikda",Tamalous,21,36.8376805589239,6.644938996450436,yalidine
223601,yalidine,Agence Sidi Bel Abbès,"Rue Mascara, (à Coté de l'hôtel Beni Talla), Sidi Bel Abbès",Sidi Bel Abbes,22,35.18434154452605,-0.6141983368596451,guepex|yalidine
223602,guepex,Agence Benhamouda (Sidi Bel Abbès),"Benhamouda, (Monté Sogral avant la mosquée El Safaa), Sidi Bel Abbès",Sidi Bel Abbes,22,35.22229568347109,-0.6257365146791259,guepex|yalidine
230101,yalidine,Agence de Valmascort,Avenue Seddik Benyahia Résidence * Fadi el Djamal *,Annaba,23,36.917000917596404,7.7527438280073016,guepex|yalidine
230102,guepex,Agence de Sidi Brahim,Champs de mars numéro n°3,Annaba,23,36.89262144958703,7.752825084569422,guepex|yalidine
230103,yalidine,Agence Sidi Achour,"إقامة المنظر الجميل, Rte de Sidi Achour, Annaba",Annaba,23,36.885157221183945,7.71491466148644,guepex|yalidine
230501,guepex,Agence de El Bouni,"El Bouni – Centre, Section n°47, Groupe de propriété n°135, Immeuble n°01",El Bouni,23,36.8559068,7.750210399999999,guepex|yalidine
241901,yalidine,Nouvelle Agence Guelma,"Route Ain Larbi, local N°01, Guelma",Guelma,24,36.45597784442608,7.426379566015017,guepex|yalidine
243001,guepex,Agence de Oued Zenati,Magasin Num 02,Oued Zenati,24,36.30792321013235,7.160464035448827,guepex|yalidine
250401,yalidine,Agence Belle Vue,"70 Rue Belle Vue, Les Combattants (Ancienne Ville)",Constantine,25,36.3529999173718,6.608103735250445,guepex|yalidine
250402,guepex,Agence Sidi Mabrouk,نهج لعراقب احمد رقم 09,Constantine,25,36.36117011786894,6.636566271164361,guepex|yalidine
250403,zimou-express,Agence de Constantine (Zouaghi),"Illot N°01 , 212, ain el bay, zouaghi, Constantine",Constantine,25,36.31233464226101,6.625446226981942,guepex|yalidine
250501,yalidine,Agence de Didouche Mourad,El Riadh n°10,Didouche Mourad,25,36.44833167015881,6.630756215108476,guepex|yalidine
250601,guepex,Agence d'El Khroub,Cité Bouhali Mohamed Said El Khroub,El Khroub,25,36.264496940142756,6.689403542328722,guepex|yalidine
250602,yalidine,Agence Nouvelle Ville Ali Mendjeli,"Zone d'Activité N°47 Nouvelle Ville, Ali Mendjeli , El Khroub, Constantine",El Khroub,25,36.25992159231852,6.593449177806023,guepex|yalidine
250605,guepex,Agence nouvelle ville Ali mendjli Square,650 lpa عمارة 24 زاوية محل 145,El Khroub,25,36.22914576332777,6.5751325423287215,guepex|yalidine
260701,yalidine,Agence Médéa (Beni Slimane),مجموعة ملكية رقم 44 قسم 44 بالتجزئة 55 حصة بني سليمان,Beni Slimane,26,36.228267439084156,3.310825256843856,guepex|yalidine
260801,guepex,Agence Berrouaghia,"Lotissement Ali Ben Haoua Cité Mohammedi , Berrouaghia, Médéa",Berrouaghia,26,36.1324003304314,2.911086,yalidine
263301,yalidine,Agence de Médéa (M’sallah),"Rue M’sallah, Médéa",Médéa,26,36.25896865121911,2.7612782711641226,guepex|yalidine
263302,guepex,Agence de Médéa (Pole Urbain),Cité 80 Logs LSP Pole Urbain (à coté de la station de service Benhafri),Médéa,26,36.267663838556054,2.7906953509033734,guepex|yalidine
265901,yalidine,Agence Tablat,"Rue Nationale N:08, Tablat, Médéa.",Tablat,26,36.40665669612093,3.3224722,guepex|yalidine
271801,yalidine,Agence de Salamandre,"Salamandre (Rond Point De La Douane), Mostaganem",Mostaganem,27,35.9213552114013,0.07318708477898198,guepex|yalidine
271802,guepex,Agence de Kharouba (Mostaganem),"Cité 600 Logement Kharouba, Mostaganem",Mostaganem,27,35.975042654997694,0.10676934149873608,guepex|yalidine
281001,guepex,Agence de Berhoum,محل رقم 03 مجموعة ملكية 333 قسم 02 حي زيغود يوسف بلدية برهوم,Berhoum,28,35.65709385298696,5.030348826732219,guepex|yalidine
281201,yalidine,Agence de Bou Saâda,Cite 20 Aout 636/N°05 A,Bou Saâda,68,35.22031324045397,4.178352103974209,guepex|yalidine
282802,yalidine,Agence Salem Shopping Mall,"Salem Shopping Mall, centre commercial (en face la daïra)",M'Sila,28,35.711826195939764,4.533467813415232,guepex|yalidine
283901,guepex,Agence Sidi Aïssa,بلدية سيدي عيسى E03 محل 07 حي الوئام المدني مجموعة ملكية 05 قسم 46 عمارة,Sidi Aïssa,28,35.872334331109606,3.7830036541912944,guepex|yalidine
292801,yalidine,Agence de Mascara,zone 08 a coté de la poste Emir Abdelkader,Mascara,29,35.401212227438585,0.1493982676612564,guepex|yalidine
300801,yalidine,Agence de Hassi Messaoud,"Derrière la CNAS, à coté de la clinique Ibn Sina",Hassi Messaoud,30,31.688989360431812,6.068568678310962,guepex|yalidine
301301,guepex,Agence de Ouargla Centre Ville,حي حركات,Ouargla,30,31.96296665406084,5.324182871163383,guepex|yalidine
301302,yalidine,Agence de Ouargla (Chetti el Wekal),"Ave 1er novembre 1954, El Mkhadma, (Arrêt de tram Chatte El Wakla)",Ouargla,30,31.942699293799976,5.312770721210608,guepex|yalidine
310101,yalidine,Saint Hubert,Rue de l'ANP Projet rue 153 GV 50-89 part 2 et 3 (Entre CPA ET CASNOS),Oran,31,35.67576049674193,-0.6399573752101966,guepex
310102,guepex,Agence Cité Djamel,"Rond-point Cité Djamel (En Allant vers Hai Sabah), Cité Djamel, Oran",Oran,31,35.69672884038709,-0.6024611501953713,guepex|yalidine
310103,zimou-express,Agence de Gambetta,"54 avenue d'arcole, Bouguerri Khelifa, Gambetta",Oran,31,35.70584160555386,-0.6116408828756563,guepex|yalidine
310104,speedmail,Agence de Canastel,"25, Rue Akid Lotfi Local N° 02, Canastel, Oran",Oran,31,35.7453859649244,-0.5692101104496627,yalidine
310105,guepex,Agence MARAVAL,"Cité El Othmania, rue Boubkeur Belkaid N° 01, local N° 01, rez-de-chaussée, commune d'Oran-ORAN",Oran,31,35.671703284198706,-0.6511472711641236,yalidine
310301,yalidine,Agence El Morchid,"Coopérative Immobilière Dar El Amel N°68, El Morchid, Oran",Bir El Djir,31,35.710492588656976,-0.5869307488573879,guepex|yalidine
310302,yalidine,Agence Fernand Ville,"65 Rue 1er Novembre Hai Khemisti ,Part 4 (Mosquée el Kods), Fernand Ville, Oran",Bir El Djir,31,35.730398307760176,-0.5790437244693557,guepex|yalidine
310303,easyandspeed,Agence ILAF Belkaïd (Oran),"Groupe 122 Logement - Résidence ILAF Belkaïd, Oran",Bir El Djir,31,35.74383317481581,-0.5439541698194157,guepex|yalidine
310601,guepex,Agence de Arzew,17 Lotissement N 66 Plan Lot 167,Arzew,31,35.84733672313886,-0.31784657704458,guepex|yalidine
320101,yalidine,Agence de El Bayadh,Rue Mohamed Touil (A Cote Auberge Hanna),El Bayadh,32,33.68182465412115,1.0147081430506253,guepex|yalidine
330101,guepex,Agence de Illizi,Chemin Ain El Kours Cite Salam,Illizi,33,26.506170413905355,8.489622372352972,guepex|yalidine
330601,guepex,Agence In Amenas,القسم 12 مجموعة ملكية 56-342 مسكن بلدية ان اميناس,In Amenas,33,28.050180003262113,9.578835500000002,guepex|yalidine
340601,yalidine,Agence BBA,Cite 17 octobre rue ameur tahar N°5,Bordj Bou Arreridj,34,36.06645344498292,4.769203684656494,guepex|yalidine
340603,guepex,Agence BBA Nouveau Lycée,محلات تجارية الطيب خيرة قسم 118 مم 66 بورج بوعريريج 0,Bordj Bou Arreridj,34,36.06763941313039,4.751931084654626,guepex|yalidine
342801,guepex,Agence Ras El Oued,"Lotissement de 399 lots – Section 38, Groupe de propriété n°123, Commune de Ras El Oued",Ras El Oued,34,35.953356346061796,5.034863845916339,yalidine
350101,yalidine,Agence de Boumerdès,"Cité Foés bâtiment B local N°04, Boumerdès",Boumerdes,35,36.75100407593048,3.457471537963522,guepex|yalidine
350201,guepex,Agence Boudouaou,مشروع 36 مسكن ترقوي اجتماعي عمارة ا حصة 13 طابق ارضي بن عجال بودواو ولاية بومرداس,Boudouaou,35,36.726786801760525,3.4001317999999996,guepex|yalidine
350501,guepex,Agence de Bordj Menaiel,"Rue Bouira Boualem, Section 02 Magasin 02",Bordj Menaiel,35,36.73815152136307,3.7220183039667347,guepex|yalidine
353601,wecanservices,Agence Hammedi,"Hammedi Centre Ville, Boumerdès",Hammedi,35,36.67993548309194,3.2586671865098484,guepex|yalidine
361301,yalidine,Agence Dréan El Tarf,"Rue lmzaouda Al-arbi el Dréan, El Tarf",Dréan,36,36.684014174423325,7.748788786509849,guepex|yalidine
361701,yalidine,Agence de El Tarf,"Rue N°44 Cite Les Vergers, El Tarf",El Tarf,36,36.7670884594558,8.308140442356349,guepex|yalidine
370201,yalidine,Agence de Tindouf,"Cites Moussani (à Coté de La Radio), Tindouf",Tindouf,37,27.66861750577877,-8.142957799721954,guepex|yalidine
382101,yalidine,Agence de Tissemsilt,Rue Bouis Ali Num 33 B Section 067 Groupe De Propriete 048,Tissemsilt,38,35.608883217279704,1.8021440576717562,guepex|yalidine
390101,yalidine,Agence de El Oued,"Cite El Moudjahidine (En face Pharmacie Daghoum), El Oued",El Oued,39,33.35200172931514,6.853196485244896,guepex|yalidine
401302,yalidine,Agence Route de Meskiana,"Route de Meskiana N°30 lot 66, Khenchela",Khenchela,40,35.43154087131633,7.150444186509847,guepex|yalidine
410101,yalidine,Agence de Souk Ahras,"Cité El Louz Lot 64 (les Amandiers), Souk Ahras",Souk Ahras,41,36.27400574751086,7.954879870917144,guepex|yalidine
420101,yalidine,Agence Tipaza,"24 Cité M'hamed Bougara (El Garari), Tipaza",Tipaza,42,36.5878925852878,2.439693415722701,guepex|yalidine
421201,easyandspeed,Agence Hadjout (Rue de stade),"Rue de stade RDC, Hadjout, Tipaza",Hadjout,42,36.516211255024885,2.4099873153425557,guepex|yalidine
422201,guepex,Agence Cherchell,"N°05 Rue MELHANI Abderrahmane, Cherchell, Tipaza",Cherchell,42,36.60585555938602,2.1906684576712783,guepex|yalidine
422601,yalidine,Agence Bou Ismaïl,lotissement polyclinique,Bou Ismaïl,42,36.64678685003436,2.6896308468112315,yalidine
423501,guepex,Agence Koléa,"Lotissement Amara N°1 Route de Fouka (En Face CEM Noureddine Bouguera), Koléa, Tipaza",Koléa,42,36.64581758047096,2.7600519959998246,guepex|yalidine
430801,yalidine,Agence de Chelghoum Laid,"Rue 01 Novembre, A Côté D'Hôtel El Rhumel",Chelghoum Laid,43,36.1590068466165,6.160283164642531,guepex|yalidine
431302,guepex,Agence Ferdjioua,المحل 01الحصة 04 رقم04 تجزئة التعاونية العقارية الوفاق بلدية فرجيوة,Ferdjioua,43,36.41260899999998,5.9401969999999995,guepex|yalidine
431601,yalidine,Centre de tri Mila,Rue De Zerghia (A Coté Du Point De Vente Iris Et Gam Assurance),Mila,43,36.45296552261307,6.2564604692148205,guepex|yalidine
431602,yalidine,Agence de Mila,الطابق الأرضي شارع بن قارة النوار بلدية ميلة,Mila,43,36.453507370376734,6.26164827116396,yalidine
440101,guepex,Agence de Aïn Defla,"Cite Khyat Mohammed (L’Arrêt De La Zone Industrielle En Face La Pompe d'essence), Aïn Defla",Aïn Defla,44,36.25140783716136,1.9415038000000007,guepex|yalidine
440103,yalidine,Agence Aïn Defla (Centre Ville),"Rue Tberbi Tayeb, local N:04 et 05, Centre Ville, Aïn Defla",Aïn Defla,44,36.26391769866092,1.9673689999999997,yalidine
442601,guepex,Agence de Khemis Miliana,"Le Cote Ouest du Quartier La Cadette Route National, Khemis Miliana, Aïn Defla",Khemis Miliana,44,36.26046455568064,2.202986246810656,guepex|yalidine
450201,guepex,Agence de Mecheria,"Rue Abdellaoui Mohammed Cité Iben Badis (Connue Hadj Taleb, Près De Pharmacie Abbad Amina Et École Primaire)",Mecheria,45,33.54236058678445,-0.28489289145698227,guepex|yalidine
460401,yalidine,Agence de Aïn Témouchent,"Sonne N:5/ N:605/ D:228 Logements, Hai Zitoun (à coté de la nouvelle agence de transport), Aïn TémouchentN",Aïn Témouchent,46,35.31160813323017,-1.1468406674238103,guepex|yalidine
460701,guepex,Agence de Beni Saf,"Cité Sohbi, Zone Urbaine (En Face de la pompe d'essence), Beni Saf. Aïn Témouchent",Beni Saf,46,35.30573507836949,-1.3524657019668493,guepex|yalidine
470201,speedmail,Agence Bounoura,"Cité Bahman local 07 Route d’el Atteuf, Bounoura, Ghardaïa",Bounoura,47,32.47228618234048,3.705232,yalidine
470701,guepex,Agence de Thenia (Ghardaïa),"Thenia à coté de Lycée Moufdi Zakaria, Ghardaïa",Ghardaïa,47,32.51422379314845,3.680928631621788,guepex|yalidine
470702,yalidine,Agence de Bouhraoua,Bouhraoua (En face centre d'exposition),Ghardaïa,47,32.518556971150865,3.6696240790628734,guepex|yalidine
483001,yalidine,Agence de Relizane,"Boulevard 69, Zaghloul (En Face La Banque d'Algérie), Relizane",Relizane,48,35.74256254570214,0.5546923698242852,guepex|yalidine
490901,yalidine,Agence de Timimoun,Rue Mohamed El Hashemi,Timimoun,49,29.25928043831401,0.23095582639144044,guepex|yalidine
512601,yalidine,Agence de Ouled Djellal,Rue Gasmi Ibrahim (En Face Ecole Mazen School),Ouled Djellal,51,34.43692622498558,5.069068600603627,guepex|yalidine
530801,yalidine,Agence de In Salah,Centre ville (à coté de la poste et la maison de jeune),In Salah,53,27.1977485821485,2.4788359630505163,guepex|yalidine
552001,yalidine,Agence de Touggourt,"Cité Rimal 01 (à Coté de La Pharmacie Harkati Route Nationale N°03), Touggourt",Touggourt,55,33.10026087453198,6.052441603706706,guepex|yalidine
560201,guepex,Agence de Djanet,Tin Khatma,Djanet,56,24.55986182082406,9.481856717098914,guepex|yalidine
572701,yalidine,Agence de El M'Ghair,"Lotissement 360 Logements Nouvelle Zone Urbaine, El M'Ghair",El M'Ghair,57,33.95575864498291,5.908902723517538,guepex|yalidine
572801,guepex,Agence de Djamaa,"Cite Essalam (A Cote Du Clinique Douaa), Djamaa, El M'Ghair",Djamaa,57,33.53384327436235,5.983139975719593,guepex|yalidine
580601,yalidine,Agence de El Menia,"Route Unite Africaine, El Menia",El Menia,58,30.578857742061352,2.8802528030169148,guepex|yalidine
anderson-1-adrar,anderson,Anderson Adrar,حي سقوان بالقرب من مسجد الامام المغيلي (جامع أڤوجيل ),Adrar,1,27.8746366,-0.2851299,anderson
anderson-2-chlef,anderson,Anderson Chlef,حي الشرقي (لاسيا) شارع أول نوفمبر مقابل بنك AGB,Chlef,2,36.1694931,1.3368643,anderson
anderson-2-tenes,anderson,Anderson Chlef (Tenes),تنس / مشروع 47 مسكن شارع بوفاديس.,Tenes,2,36.510426,1.3036347,anderson
anderson-3-laghouat,anderson,Anderson Laghouat,Cite bouameur maamourah laghouat,Laghouat,3,33.7966668,2.8681025,anderson
anderson-4-ain-m-lila,anderson,Anderson Oum El Bouaghi (Ain M'Lila),"Quartier El Hana, route Massas, à côté de l’agence Parcours Voyages.",Ain M'Lila,4,36.0446389,6.5673333,anderson
anderson-4-oum-el-bouaghi,anderson,Anderson Oum El Bouaghi,حي المستقبل بجانب الولاية ام البواقي,Oum El Bouaghi,4,35.8729657,7.1057378,anderson
anderson-5-batna,anderson,Anderson Batna,حي برج الغولة طريق مصنع النسيج ( تيكستيل ) بجانب الثانوية الخاصة أجيال المستقبل [إبن رشد] سابقاً ، وسط المدينة باتنة,Batna,5,35.5553633,6.1687515,anderson
anderson-6-akbou,anderson,Anderson Bejaia (Akbou),Trémie guendouza av. Mohamed boudiaf akbou 0601,Akbou,6,36.4551538,4.5366191,anderson
anderson-6-bejaia,anderson,Anderson Bejaia,Zone industrielle edimco section 2 bâtiment A A côté de cité somacob et la salle de sport power fitness femme,Bejaia,6,36.744193,5.050761,anderson
anderson-6-el-kseur,anderson,Anderson Bejaia (El Kseur),"12 Rue Markhouf A / Aziz, El Kseur , ( 06003 ).",El Kseur,6,36.6776982,4.8543145,anderson
anderson-7-biskra,anderson,Anderson Biskra,التعاونية العقارية الإزدهار,Biskra,7,34.864374,5.716201,anderson
anderson-9-blida,anderson,Anderson Blida,Les rosiers en face la mosquée Abi Dher de sidi Mhamed,Blida,9,36.4737624,2.8137982,anderson
anderson-9-boufarik,anderson,Anderson Blida (Boufarik),شارع سي بن يوسف حصة رقم 01 بوفاريك,Boufarik,9,36.5723808,2.9143193,anderson
anderson-9-el-affroune,anderson,Anderson Blida (El Affroune),شارع غريس محمد رقم 27 العفرون - البليدة,El Affroune,9,36.4728506,2.625021,anderson
anderson-10-bouira,anderson,Anderson Bouira,"حي 24 مسكن تساهمي عمارة ""ب"" قطعة رقم (4) قسم ""43"" (فرشاتي)",Bouira,10,36.375328,3.8801157,anderson
anderson-10-lakhdaria,anderson,Anderson Bouira (Lakhdaria),حي حمانة مشروع 18+ 161مسكن محل رقم09 عمارة 02 الطابق الأرضي القطعة 63 قسم 11 مج 24 -بلدية الأخضرية,Lakhdaria,10,36.5699844,3.5938759,anderson
anderson-11-tamenrasset,anderson,Anderson Tamenrasset,qartier Mouflon derrière maison des finances (trésor)Tamenrasset ville حي موفلون وراء دار المالية(تمنراست ),Tamenrasset,11,22.787448,5.535159,anderson
anderson-12-tebessa,anderson,Anderson Tebessa,شارع شيخ العربي التبسي 2 (سكانسكا),Tebessa,12,35.411727,8.09311,anderson
anderson-13-maghnia,anderson,Anderson Tlemcen (Maghnia),"route de Oujda Hai Ouled Bensaber, Maghnia",Maghnia,13,34.8439306,-1.7590876,anderson
anderson-13-tlemcen,anderson,Anderson Tlemcen,Kiffane Lot Benchaib (derrière l'hôtel Ibis),Tlemcen,13,34.8896016,-1.3347242,anderson
anderson-14-tiaret,anderson,Anderson Tiaret,بجانب اذاعة تيارت وسط المدينة,Tiaret,14,35.3703125,1.3215625,anderson
anderson-15-azazga,anderson,Anderson Tizi Ouzou (Azazga),محل رقم 01 طابق أرضي عمارة بي 2 حي 22 مسكن تيزي بوشن حصة 07,Azazga,15,36.7465105,4.3600273,anderson
anderson-15-boghni,anderson,Anderson Tizi Ouzou (Boghni),RN30 à proximité de la pompe a essence NAFTAL. Sortie ouest de boghni.,Boghni,15,36.5456705,3.9446262,anderson
anderson-15-tizi-ouzou,anderson,Anderson Tizi Ouzou,Local N2 RDC coop le printemps rue cité Mohamed arezki coté 5 juillet à côté de DHL,Tizi Ouzou,15,36.7143535,4.0401659,anderson
anderson-16-ain-benian,anderson,Anderson Alger (Ain Benian),alger,Ain Benian,16,36.8022867,2.9035852,anderson
anderson-16-ain-naaja,anderson,Anderson Alger (Ain Naaja),حي 440 مسكن إجتماعي تساهمي عين المالحة عمارة 27 ب محل رقم 241 ، بلدية جسر قسنطينة .,Ain Naaja,16,36.6983758,3.0536182,anderson
anderson-16-bab-ezzouar,anderson,Anderson Alger (Bab Ezzouar),حي 2068 مسكن عمارة 35 محل رقم 01 أ بلدية باب الزوار,Bab Ezzouar,16,36.7172117,3.1862957,anderson
anderson-16-bordj-el-bahri,anderson,Anderson Alger (Bordj El Bahri),Alger plage,Bordj El Bahri,16,36.7914375,3.2400625,anderson
anderson-16-cheraga,anderson,Anderson Alger (Cheraga),Cartier issat idir numero 03 cheraga,Cheraga,16,36.754208,2.955954,anderson
anderson-16-dely-ibrahim,anderson,Anderson Alger (Dely Ibrahim),"Route de cheraga , dely Brahim",Dely Ibrahim,16,36.7545608,2.9727278,anderson
anderson-16-draria,anderson,Anderson Alger (Draria),حي دريوش 145 عمارة 7 محل 150 درارية,Draria,16,36.711775,3.0037823,anderson
anderson-16-eucalyptus,anderson,Anderson Alger (Eucalyptus),شارع رقم 02 حي الكبير الطابق الارضي بلدية الكاليتوس,Eucalyptus,16,36.66368,3.1459888,anderson
anderson-16-kouba,anderson,Anderson Alger (Kouba),Ferme pons garidi,Kouba,16,36.7193663,3.0760657,anderson
anderson-16-oued-semar,anderson,Anderson Alger (Oued Semar),"Zone industrielle Oued Smar BP 02M Alger, 16309",Oued Semar,16,36.7037424,3.1921938,anderson
anderson-16-reghaia,anderson,Anderson Alger (Reghaia),حي 822 مسكن عميروش رغاية,Reghaia,16,36.7421788,3.3351587,anderson
anderson-16-rouiba,anderson,Anderson Alger (Rouiba),تجزئة الثانوية رقم 198 أ - بلدية رويبة,Rouiba,16,36.742523,3.287285,anderson
anderson-16-sacre-coeur,anderson,Anderson Alger Centre (Sacre Coeur),شارع صالح الجزائر العاصمة,Sacre Coeur,16,36.7639065,3.0466763,anderson
anderson-16-sidi-abdellah,anderson,Anderson Alger (Sidi Abdellah),Cité 1137 logts sidi abdellah Q19 site 3,Sidi Abdellah,16,36.680569,2.856332,anderson
anderson-17-ain-oussara,anderson,Anderson Djelfa (Ain Oussara),حي محمد بوضياف ، شارع دبي مقابل محل سيفو كوسميتيك,Ain Oussara,65,35.4515,2.9041043,anderson
anderson-18-jijel,anderson,Anderson Jijel,رقم 02 شارع المجاهدين - باب الصور بجانب مخبر التحاليل بورويد,Jijel,18,36.8205624,5.7617147,anderson
anderson-19-ain-azal,anderson,Anderson Setif (Ain Azal),CNEP عين ازال وسط المدينة بجانب بنك,Ain Azal,19,35.8182626,5.5142744,anderson
anderson-19-ain-oulmane,anderson,Anderson Setif (Ain Oulmane),Rue 8 mai 1945 Ainoulmen -Setif,Ain Oulmane,19,35.9215018,5.2965008,anderson
anderson-19-bouaroua,anderson,Anderson Setif (Bouaroua),حي بوعروة سطيف وسط,Bouaroua,19,36.1926875,5.4238125,anderson
anderson-19-el-eulma,anderson,Anderson Setif (El Eulma),حي 100 مسكن تساهمي ع 10 رقم 102 العلمة,El Eulma,19,36.1621667,5.6684722,anderson
anderson-19-el-hidhab,anderson,Anderson Setif (El Hidhab),حي الهضاب وراء حديقة لعرائس,El Hidhab,19,36.2073134,5.4459186,anderson
anderson-21-skikda,anderson,Anderson Skikda,Rue Mohamed namous la monté de hammam darraji en face la direction sonalgaz,Skikda,21,36.8684949,6.9065309,anderson
anderson-22-sidi-bel-abbes,anderson,Anderson Sidi Bel Abbes,حي العربي بن مهيدي رقم 36 شارع خيرة نبية القطعة 94 بلدية سيدي بلعباس,Sidi Bel Abbes,22,35.205652,-0.638027,anderson
anderson-22-telagh,anderson,Anderson Sidi Bel Abbes (Telagh),شارع كيفرو كيفران رقم 30 محل أ بلدية تلاغ سيدي بلعباس,Telagh,22,34.7817027,-0.5701457999999999,anderson
anderson-23-annaba,anderson,Anderson Annaba,11 rue necib arifa l’olympia à côté du bureau de main d’œuvre,Annaba,23,36.9022229,7.7548934,anderson
anderson-23-el-bouni,anderson,Anderson Annaba (El Bouni),Cité belle vue 900 logts à côté d'Algérie Télécom,El Bouni,23,36.8548242,7.7495921,anderson
anderson-24-guelma,anderson,Anderson Guelma,شارع حساني الصالح رقم ب90 قالمة,Guelma,24,36.4644714,7.4378448,anderson
anderson-25-ali-mendjeli,anderson,Anderson Constantine (Ali Mendjeli),NOUVELLE VILLE UV 05,Ali Mendjeli,25,36.2640595,6.585286,anderson
anderson-25-sidi-mebrouk,anderson,Anderson Constantine (Sidi Mebrouk),Sidi mebrouk,Sidi Mebrouk,25,36.357738,6.631505,anderson
anderson-26-medea,anderson,Anderson Medea,Pôle urbain Médéa,Medea,26,36.2656287,2.7931331,anderson
anderson-27-mostaganem-2,anderson,Anderson Mostaganem 2,حي فولتير، كما محطة الوقود الحاج دحو، شارع وهران,Mostaganem 2,27,35.9281395,0.0817619,anderson
anderson-28-bou-saada,anderson,Anderson Msila (Bou Saada),محل (أ) حي النصر 123/18 بلدية بوسعادة. بالقرب من جمعية كافل اليتيم,Bou Saada,68,35.205233299999996,4.1711009,anderson
anderson-28-msila,anderson,Anderson Msila,حي تعاونية المقراني، مقابل ملعب ورتال البشير، بجانب دار الشباب ميمون الحاج,Msila,28,35.7181043,4.5290072,anderson
anderson-29-mascara,anderson,Anderson Mascara,la zone 8 la route de la salle des fêtes bent el soltana,Mascara,29,35.4069028,0.1487064,anderson
anderson-30-ouargla,anderson,Anderson Ouargla,المخادمة طريق المقبرة اونفاص سوبيرات ميم,Ouargla,30,31.9513284,5.316845,anderson
anderson-31-ain-turk,anderson,Anderson Oran (Ain Turk),شارع فلسطين مقابل الضمان الاجتماعي CNAS عين الترك,Ain Turk,31,35.745968,-0.7699921,anderson
anderson-31-gambitta,anderson,Anderson Oran (Gambitta),Trait d'union à côté feux rouges courbet,Gambitta,31,35.705922,-0.6121345,anderson
anderson-31-khemisti,anderson,Anderson Oran (Khemisti),حي الأمير شارع محمد خميستي زاوية لارتيري رقم 46 قطعة 4 بلدية وهران,Khemisti,31,35.7033712,-0.6417061,anderson
anderson-31-marval,anderson,Anderson Oran (Marval),"Cité Othemania (ex-Maraval), Résidence Rosa Lina, en face de la cité de la Douane",Marval,31,35.6726483,-0.6517417,anderson
anderson-32-el-bayadh,anderson,Anderson El Bayadh,شارع أيت عميري وسط المدينة بجانب أوريدو,El Bayadh,32,33.6824588,1.0147051999999999,anderson
anderson-33-illizi,anderson,Anderson Illizi,حي الوقواق بجانب كانكايري معطالله، شارع الأقواس,Illizi,33,26.5005608,8.4750368,anderson
anderson-33-in-amenas,anderson,Anderson Illizi (In Amenas),بجانب مسجد السنة,In Amenas,33,28.0502676,9.5851922,anderson
anderson-34-bordj-bou-arreridj,anderson,Anderson Bordj Bou Arreridj,شارع ب 15 تعاونية وراء مستشفى الاطفال بجانب متوسطة بوسعيد كمال,Bordj Bou Arreridj,34,36.0831333,4.7521879,anderson
anderson-35-bordj-menaiel,anderson,Anderson Boumerdes (Bordj Menaiel),Les coopérative à côté des urgences,Bordj Menaiel,35,36.7454308,3.7243852,anderson
anderson-35-dellys,anderson,Anderson Boumerdes (Dellys),حي المجاهد المرحوم مزاري علي الطريق الوطني رقم 24,Dellys,35,36.9164375,3.8994375,anderson
anderson-36-el-taref,anderson,Anderson El Taref,المحل رقم 03 شارع تين خميس قسم 032 قطعة رقم 166 بلدية الطارف,El Taref,36,36.7678923,8.3116179,anderson
anderson-39-oued-souf,anderson,Anderson Oued Souf,حي الرمال طريق مجمع مصطفاوي بالقرب من مجمع السلام الطبي,Oued Souf,39,33.3526934,6.8543181,anderson
anderson-40-khenchla,anderson,Anderson Khenchla,في النصر تحت سوق النساء خنشلة,Khenchla,40,35.422583,7.1428731,anderson
anderson-41-souk-ahras,anderson,Anderson Souk Ahras,"حي الشهيد 2 حصة رقم 98 سوق أهراس ""بجانب المركز الاستشفائي العسكري",Souk Ahras,41,36.268958,7.945396,anderson
anderson-42-hadjout,anderson,Anderson Tipaza (Hadjout),امام ثانوية ركايزي محمد حجوط,Hadjout,42,36.5146852,2.4103836,anderson
anderson-42-kolea,anderson,Anderson Tipaza (Kolea),شارع بوناطيرو جلول مج 110 قسم 03 بلدية القليعة,Kolea,42,36.6367665,2.7637623,anderson
anderson-42-tipaza,anderson,Anderson Tipaza,Cite 50+20 logts LSP TIPAZA,Tipaza,42,36.5875036,2.4395768,anderson
anderson-43-chelghoum-laid,anderson,Anderson Mila (Chelghoum Laïd),شارع أول نوفمبر 1954 محل رقم 61 مكرر 05 بلدية شلغوم العيد,Chelghoum Laïd,43,36.1588798,6.1601747,anderson
anderson-43-mila,anderson,Anderson Mila,تونسي ميلة بجانب محطة الحافلات الديانسي سابقا تحت مستشفى طوبال,Mila,43,36.4511844,6.2618387,anderson
anderson-44-ain-defla,anderson,Anderson Ain Defla,Cite khiatte Mohammed Ain Defla,Ain Defla,44,36.2514183,1.9419406,anderson
anderson-44-khemis-miliana,anderson,Anderson Ain Defla (Khemis Miliana),شارع وعلي عبد القادر طريق الكازورال مقابل الملعب البلدي,Khemis Miliana,44,36.2584624,2.2167253,anderson
anderson-45-mechria,anderson,Anderson Naama (Mechria),شارع زيغود يوسف مقابل مقر الدائره رقم الباب 4,Mechria,45,33.5438281,-0.27844209999999997,anderson
anderson-46-ain-temouchent,anderson,Anderson Ain Temouchent,4 Rue Mohamed boudiaf - Les Castors - a coté du trésor,Ain Temouchent,46,35.305305,-1.13871,anderson
anderson-47-ghardaia,anderson,Anderson Ghardaia,شارع ديدوش مراد حي الحاج مسعود بلدية غرداية,Ghardaia,47,32.491873399999996,3.6818807,anderson
anderson-48-oued-rhiou,anderson,Anderson Relizane (Oued Rhiou),شارع بوعبد الله العمارة A الطابق الارضي بلدية وادي ارهيو,Oued Rhiou,48,35.964477,0.913028,anderson
anderson-51-ouled-djellal,anderson,Anderson Ouled Djellal,حيّ المجاهدين، مقابل مركز الدرك الوطني و امام دار عبد المجيد بن منيب,Ouled Djellal,51,34.437999,5.070243,anderson
anderson-53-in-salah,anderson,Anderson In Salah,حي قصر العرب سنترفيل,In Salah,53,27.1997532,2.4780846,anderson
anderson-55-touggourt,anderson,Anderson Touggourt,تقرت دراع البروض,Touggourt,55,33.084897,6.047403,anderson
anderson-56-djanet,anderson,Anderson Djanet,حي تين خاتمة بجانب الصادق لبيع قطع الغيار، الطريق المؤدي إلى بني وسكن,Djanet,56,24.5581426,9.4832618,anderson
anderson-57-el-m-ghair,anderson,Anderson El M'Ghair,حي 19 مارس بالقرب من المحكمة بجانب مكتبة الامارة للورق - المغير,El M'Ghair,57,33.9501558,5.9278506,anderson
maystro-adrar,maystro,Maystro Adrar,,Adrar,1,27.8791237,-0.2700361,maystro
maystro-ain-defla,maystro,Maystro Aïn Defla,,Aïn Defla,44,36.2669473,1.9774878,maystro
maystro-alger-djasr-kasantina,maystro,Maystro Alger(Djasr Kasantina),,Djasr Kasantina,16,36.6981317,3.0533734,maystro
maystro-alger-oued-smar,maystro,Maystro Alger(Oued-Smar),,Oued-Smar,16,36.7009513,3.1958485,maystro
maystro-annaba,maystro,Maystro Annaba,,Annaba,23,36.9041156,7.7435509,maystro
maystro-batna,maystro,Maystro Batna,,Batna,5,35.5469653,6.145607399999999,maystro
maystro-bechar,maystro,Maystro Béchar,,Béchar,8,31.596531,-2.228002,maystro
maystro-biskra,maystro,Maystro Biskra,,Biskra,7,34.854584,5.705953,maystro
maystro-blida,maystro,Maystro Blida,,Blida,9,36.4803176,2.8074011,maystro
maystro-bordj-bou-arreridj,maystro,Maystro Bordj Bou Arreridj,,Bordj Bou Arreridj,34,36.0733564,4.7628961,maystro
maystro-bouira,maystro,Maystro Bouira,,Bouira,10,36.3813726,3.8853853,maystro
maystro-boumerdes,maystro,Maystro Boumerdès,,Boumerdès,35,36.7566151,3.4577887,maystro
maystro-chlef,maystro,Maystro Chlef,,Chlef,2,36.1611433,1.3223713,maystro
maystro-constantine,maystro,Maystro Constantine,,Constantine,25,36.328987,6.573178,maystro
maystro-djelfa,maystro,Maystro Djelfa,,Djelfa,17,34.673476,3.270509,maystro
maystro-ghardaia,maystro,Maystro Ghardaïa,,Ghardaïa,47,32.477619,3.691369,maystro
maystro-guelma,maystro,Maystro Guelma,,Guelma,24,36.4723745,7.4359209,maystro
maystro-jijel,maystro,Maystro Jijel,,Jijel,18,36.8076211,5.7573376,maystro
maystro-laghouat,maystro,Maystro Laghouat,,Laghouat,3,33.7842613,2.8643096,maystro
maystro-m-sila,maystro,Maystro M'Sila,,M'Sila,28,35.707528,4.531012,maystro
maystro-mascara,maystro,Maystro Mascara,,Mascara,29,35.4116749,0.1326818,maystro
maystro-mila,maystro,Maystro Mila,,Mila,43,36.443615199999996,6.2644923,maystro
maystro-mostaganem,maystro,Maystro Mostaganem,,Mostaganem,27,35.9272373,0.091978,maystro
maystro-naama,maystro,Maystro Naâma,,Naâma,45,32.763214,-0.59036,maystro
maystro-oran-es-senia,maystro,Maystro Oran(Es Senia),,Es Senia,31,35.6501028,-0.600357,maystro
maystro-ouargla,maystro,Maystro Ouargla,,Ouargla,30,31.949459,5.323108,maystro
maystro-oum-el-bouaghi,maystro,Maystro Oum El Bouaghi,,Oum El Bouaghi,4,35.8710015,7.097519,maystro
maystro-relizane,maystro,Maystro Relizane,,Relizane,48,35.7392003,0.5500467,maystro
maystro-setif,maystro,Maystro Sétif,,Sétif,19,36.2008788,5.4412821,maystro
maystro-sidi-bel-abbes,maystro,Maystro Sidi Bel Abbès,,Sidi Bel Abbès,22,35.1953245,-0.6250643,maystro
maystro-skikda,maystro,Maystro Skikda,,Skikda,21,36.8690501,6.9022254,maystro
maystro-souk-ahras,maystro,Maystro Souk Ahras,,Souk Ahras,41,36.2750065,7.9547698,maystro
maystro-tebessa,maystro,Maystro Tébessa,,Tébessa,12,35.4068413,8.0965061,maystro
maystro-tiaret,maystro,Maystro Tiaret,,Tiaret,14,35.362613,1.325761,maystro
maystro-tindouf,maystro,Maystro Tindouf,,Tindouf,37,27.667,-8.1435833,maystro
maystro-tipaza,maystro,Maystro Tipaza,,Tipaza,42,36.5864498,2.4634182,maystro
maystro-tizi-ouzou,maystro,Maystro Tizi Ouzou,,Tizi Ouzou,15,36.7009125,4.0623281,maystro
maystro-tlemcen,maystro,Maystro Tlemcen,,Tlemcen,13,34.873628,-1.367563,maystro
noest-01a,noest,Noest Adrar,"Centre-ville, à côté de l’ancien magasin Hadj Grifa, en face du centre commercial, quartier El Hattaba – Adrar",Adrar,1,27.8711914,-0.280946,noest
noest-02a,noest,Noest Chlef,Rue Lac des Forêts (À côté du CNRC),Chlef,2,36.1628644,1.3372987,noest
noest-02b,noest,Noest Chlef «Tenes»,Rue de Cherchell en face l’école primaire les frères Menad Ténès,Tenes,2,36.5145106,1.3135447999999998,noest
noest-03a,noest,Noest Laghouat,Cité Al Ouiam (En face la mosquée Hammani ),Laghouat,3,33.782706,2.8500429,noest
noest-04a,noest,Noest Oum El Bouaghi «Ain Mlila»,"Cité El Hanaa, route du Lycée Messas",Ain Mlila,4,36.0467395,6.5684661,noest
noest-04b,noest,Noest Oum El Bouaghi,Cité 176 logements LSP Batiment 13 – Oum El Bouaghi,Oum El Bouaghi,4,35.869686,7.099584,noest
noest-04c,noest,Noest Oum El Bouaghi «Aïn El Béïda»,Aïn Béïda en face C.N.A.S a coté de Pharmacie Belambri,Aïn El Béïda,4,35.7984017,7.383728,noest
noest-05a,noest,Noest Batna,Cité meddour kchida en face les batiments 500,Batna,5,35.5523375,6.1570744,noest
noest-05b,noest,Noest Batna «Barika»,"Quartier CHAABANI , en face notaire Bachir Farhani, a coté Algerie Telecom",Barika,60,35.3844622,5.3713106,noest
noest-06a,noest,Noest Bejaïa,"rue des frères Tabet ,a 20 mètres de l'hôtel Golden H en face la nouvelle promotion nid d'abeille.",Bejaïa,6,36.7406321,5.059421,noest
noest-06b,noest,Noest Bejaïa «Akbou»,Rue hibouche – arafou En face de djurdjura cars et alliance assurance,Akbou,6,36.4531616,4.5253989,noest
noest-06c,noest,Noest Bejaïa «El-Kseur»,"Rue hamaoui hamid commune El-Kseur, bejaia | Repère: local en face la sempac el-kseur",El-Kseur,6,36.6826244,4.849916,noest
noest-07a,noest,Noest Biskra,"N° 05, cité elboustène,(Hai ELmodjahidine) en face du Centre de formation et de d'intervention rapide de la police",Biskra,7,34.8645282,5.7149563,noest
noest-08a,noest,Noest Béchar,Cité 622 Logement Al Badr N°02 - Bloc 52 (derière la radio EL SAOURA / En face la protection civile),Béchar,8,31.5970299,-2.2255056,noest
noest-09a,noest,Noest Blida,El ramoule à côté de la nouvelle gare routière,Blida,9,36.4983314,2.8297413,noest
noest-09b,noest,Noest Blida « Boufarik »,La résidence Belkbir en face la salle des fetes Layalina,Boufarik,9,36.5774817,2.904031,noest
noest-09c,noest,Noest Blida « Mouzaia »,"54 logements LPP, en face lycée Kacem Nait Kacem, Mouzaia",Mouzaia,9,36.4615672,2.6929852,noest
noest-10a,noest,Noest Bouira,"Villa hamzaoui, ammar khodja , bouira",Bouira,10,36.3695105,3.8762574,noest
noest-10b,noest,Noest Bouira « Lakhdaria »,Route national n°05 projet 55 logts social participatif BT A -lakhdaria – bouira (monté tizi elbir à coté de dépôt de vente Semoule MAMA).,Lakhdaria,10,36.5613564,3.6000653,noest
noest-11a,noest,Noest Tamanrasset,"Quartier Moulay Omar, derrière le siège de la Daïra, à côté du parking de la Direction des Travaux Publics.",Tamanrasset,11,22.800813,5.522891,noest
noest-12a,noest,Noest Tébessa,"a cote du 2eme commissariat de police et du magasin de meubles REDEL, Tébessa",Tébessa,12,35.3961369,8.1035607,noest
noest-12b,noest,Noest Tebessa « El Ouenza »,cité EPLF a coté service des eaux,El Ouenza,12,35.9386406,8.140736799999999,noest
noest-13a,noest,Noest Tlemcen,"Les Dhalias 426 El kiffane, tlemcen",Tlemcen,13,34.8899597,-1.3339893,noest
noest-13b,noest,Noest Tlemcen «Maghnia»,"Ouled ben saber, À côté restaurant Rais",Maghnia,13,34.8438198,-1.7590626,noest
noest-14a,noest,Noest Tiaret,Cité 180 logements CNT local 01 N° 63 – Tiaret,Tiaret,14,35.3576161,1.3283730999999999,noest
noest-14b,noest,Noest Tiaret « Frenda »,Cité 60 logements D121 GP 82 - Frenda,Frenda,14,35.0627634,1.0579201,noest
noest-15a,noest,Noest Tizi Ouzou,"Cité 450 Logements, Nouvelle Ville enface la salle des fetes lilya",Tizi Ouzou,15,36.6960854,4.0488445,noest
noest-15b,noest,Noest Tizi Ouzou «Azazga»,Route nationale N= 12 taddart,Azazga,15,36.7484558,4.376319,noest
noest-16a,noest,Noest Alger « Bir Mourad Rais »,"02, Lotissement Beau Séjour, Bir Mourad Raïs",Bir Mourad Rais,16,36.7360404,3.0516169,noest
noest-16b,noest,Noest Alger « Bab Ezzouar »,"Devant clinique médicale, En face Ecole Hilal School",Bab Ezzouar,16,36.7194225,3.1852509,noest
noest-16c,noest,Noest Alger « Chéraga »,"Place Iben Badis N° 03 - RDC , Chéraga",Chéraga,16,36.7671981,2.9627426,noest
noest-16d,noest,Noest Alger « Reghaia »,"822 Logmts LPP Amirouche Batiment A7 N°04 rez-de-chaussée ,Reghaia",Reghaia,16,36.7413738,3.335029,noest
noest-16e,noest,Noest Alger « Centre - Sacré-Cœur »,"22 Rue Hocine BELADJEL, Sacré-Cœur, Alger Centre, (En face la banque BADR)",Centre - Sacré-Cœur,16,36.7641535,3.0456049,noest
noest-16f,noest,Noest Alger « Baba Hassen »,"Cité Cherchali Boualam, À côté de croissant rouge, Baba Hassen",Baba Hassen,16,36.6971174,2.9707001,noest
noest-16g,noest,Noest Alger « Baraki »,"Baraki, route de Larbaâ, entre la mosquée El Bachir El Ibrahimi et le commissariat de la circonscription administrative.",Baraki,16,36.6646625,3.0906448,noest
noest-16h,noest,Noest Alger « Bordj El Bahri »,"Cité Galoul, lotissement coopératif immobilier, n° 428 (A coté de la crèche IBN BAZ - طريق المرشي كوسيدار الجديدة )",Bordj El Bahri,16,36.781163,3.242941,noest
noest-16i,noest,Noest Alger « Zeralda »,"Local N, Cité 62 local LPP BTN 5C, 02 03 RDC, Zéralda",Zeralda,16,36.7112693,2.8448135999999997,noest
noest-16j,noest,Noest Alger « Birkhadem »,Birkhadem El Malha,Birkhadem,16,36.6988903,3.0532071,noest
noest-17a,noest,Noest Djelfa,"Centre-ville, en face de la Caisse Nationale des Retraites (C.N.R), Quartier Ben Djerma",Djelfa,17,34.666842,3.248441,noest
noest-17b,noest,Noest Djelfa «Ain Ouassara»,"Quartier Mohamed Boudiaf, Section 23, Local n° 30 Bisi, Commune de Ain Oussera.",Ain Ouassara,65,35.4497728,2.9052243,noest
noest-18a,noest,Noest Jijel,"rue26, Avenue Kaoula Mokhtar, cita sans intérdit , Hay IDARI",Jijel,18,36.810522,5.7590539,noest
noest-18b,noest,Noest Jijel « El Milia »,"5 juillet rue du stade EL-MILIA, à côté de la protection civile",El Milia,18,36.7511236,6.2758673,noest
noest-19a,noest,Noest Sétif,Cité Mesoudi Edhouadi 1014-614 Logement (En face la gare Didouche Mourad),Sétif,19,36.1900457,5.4400446,noest
noest-19b,noest,Noest Sétif «El Eulma»,"Tassahoumi, a coté de transport hamouda et hôtel Rato rue Touaher el khayer et à côté de transport el ikhlas, el eulma, Sétif",El Eulma,19,36.1636853,5.671028,noest
noest-19c,noest,Noest Sétif «Ain Oulmene»,"En face CEM Douhil Abdul Hamid,",Ain Oulmene,19,35.9203765,5.2968579,noest
noest-20a,noest,Noest Saïda,Cité Riad en face Maison de l'Environnement,Saïda,20,34.8472452,0.1569585,noest
noest-21a,noest,Noest Skikda,"Rue du Chahid Meziane Salah (Route Bouyali, Immeuble Guerza) شارع الشهيد مزيان صالح (طريق بويعلى,عمارة ڨرزة)",Skikda,21,36.875209,6.9024515,noest
noest-22a,noest,Noest Sidi Bel Abbès,"Rue CPR , En face Masjid El Ansar - حي بني عامر ، مقابل مسجد الانصار",Sidi Bel Abbès,22,35.1934512,-0.6281864,noest
noest-23a,noest,Noest Annaba,"Rue Djemila, Saint Claud (À côté de la mosqué Badr)",Annaba,23,36.9181815,7.7626505,noest
noest-23b,noest,Noest Annaba «El Bouni»,"Fractionnement de la Bouni 2, zone urbaine n° 43, rez-de-chaussée, section 40, groupe de propriété 02, Bouni",El Bouni,23,36.858847499999996,7.7358164,noest
noest-24a,noest,Noest Guelma,"Cité 19 Juin - Numéro 02, en face marché Elbaraka",Guelma,24,36.4556153,7.4254807,noest
noest-25a,noest,Noest Constantine «Zouaghi»,Cité Tlemcen Zouaghi (En face de la gendarmerie),Zouaghi,25,36.314135,6.6231026,noest
noest-25b,noest,Noest Constantine «Ali Mendjeli»,En face de Sarl Natura pro Algérie/entre deux salles des fêtés el baraka et méga,Ali Mendjeli,25,36.264012,6.590242,noest
noest-25c,noest,Noest Constantine,Avenue Kaddour Boumedous (Ciloc) a coté de la direction régionale d’Air Algérie.,Constantine,25,36.3530307,6.6013647,noest
noest-27a,noest,Noest Mostaganem,La pépinière en face la glacière juste à côté de la libraire BENALIOUA ( cité AKID AMIROUCHE boulevard NAFOUSSI OTHMAN),Mostaganem,27,35.9280201,0.0841426,noest
noest-28a,noest,Noest M'Sila,Rue Ichbilia (En face l'université de M'Sila),M'Sila,28,35.7183596,4.5244417,noest
noest-28b,noest,Noest M'Sila «Bousaada»,"Cité El Bader (ESTTIH) a coté de L'annexe de L'APC ,Bousaada",Bousaada,68,35.2077091,4.1793795,noest
noest-29a,noest,Noest Mascara «Mohammadia»,"Rue Larbi Ben M'hidi, a coté de l'agence de Barigou,",Mohammadia,29,35.5936385,0.0711277,noest
noest-29b,noest,Noest Mascara «Ville»,"04 Rue Bouakkaz Ali, La zone 08, Mascara (à côté de salle des fêtes Bent El Solana, et Cafeteria Ali ; En face CNR Mascara)",Ville,29,35.4048774,0.1500431,noest
noest-30a,noest,Noest Ouargla,"Sidi Abdelkader, derrière la maison de jeune",Ouargla,30,31.949313,5.322063,noest
noest-30b,noest,Noest Ouargla «Hassi Messaoud»,"Quartier 1850, rue principale du marché hebdomadaire, en face de l’ancienne agence KIA, Hassi Messaoud",Hassi Messaoud,30,31.703252,6.068045,noest
noest-31a,noest,Noest Oran «Maraval»,Maraval en face fulla moda a côté de supérette El kandi,Maraval,31,35.666547,-0.647599,noest
noest-31b,noest,Noest Oran «Bir El Djir»,Coopérative Immobilière Dar El Amel - N°14 - Local1 RC,Bir El Djir,31,35.7097424,-0.587964,noest
noest-31c,noest,Noest Oran «Gambita»,Gambetta En face arrêt de bus 51 et 11 de (dispensaire cave-gay),Gambita,31,35.706046,-0.6123484,noest
noest-32a,noest,Noest El Bayadh,"Cité jolie vue (Al-Mandhar Al-Jamil), à côté de la Direction de la distribution d'électricité et de gaz",El Bayadh,32,33.6857951,1.0267733,noest
noest-33a,noest,Noest Illizi,(À côté de la wilaya / Près de boulangerie Ben Ziar),Illizi,33,26.5014104,8.4737864,noest
noest-34a,noest,Noest Bordj Bou Arreridj,Rue Tabet Salah Bordj Bou Arreridj (Devant la maison de finance),Bordj Bou Arreridj,34,36.0688535,4.7682776,noest
noest-34b,noest,Noest Ras El Oued,"À l’intersection de la rue Salah Bey et de la rue Moussa N’mar , en face de la Brigade Régionale de la Gendarmerie Nationale de Ras El Oued",Ras El Oued,34,35.9438972,5.0339343,noest
noest-35a,noest,Noest Boumerdès,Cité mimouza en face la piscine olympique Boumerdes,Boumerdès,35,36.7612144,3.4685656,noest
noest-35b,noest,Noest Boumerdès «Ouled Moussa»,La zone industrielle d'Ouled Moussa,Ouled Moussa,35,36.6873686,3.3765771,noest
noest-35c,noest,Noest Boumerdès «Bordj Menaiel»,"Rue Madaoui Ali, LOCAL BOUMZER EN FACE OPHTALMOLOGISTE DOCTEUR BENMOUSSA HOCINE, BORDJ MENAIEL, BOUMERDES",Bordj Menaiel,35,36.7409099,3.7247687,noest
noest-35d,noest,Noest Boumerdès «Dellys»,"La banlieue Est de Dellys, route nationale n° 24, Rez de chaussée bâtiment (B), Local N° B05, DELLYS | Repère : AGENCE IMMOBILLIERE NADJI",Dellys,35,36.9083717,3.9138164,noest
noest-36a,noest,Noest El Taref,City center ( centre commerciale zaydi 1er étage N°10 )wilaya etEl taref,El Taref,36,36.7661401,8.3176794,noest
noest-37a,noest,Noest Tindouf,"Magasin N°03 cité Al-Qasabi, Section 14, Groupement Immobilier N° 165, Commune de Tindouf",Tindouf,37,27.672782,-8.1393436,noest
noest-38a,noest,Noest Tissemsilt,Résidence kaidi (promotion) ancien arrêt des taxis,Tissemsilt,38,35.6091276,1.802564,noest
noest-39a,noest,Noest El Oued,"Cité Al-Rimal, Commune El Oued wilaya El Ouadi (la route menant au tribunal)",El Oued,39,33.3499334,6.8531148,noest
noest-40a,noest,Noest Khenchela,Rue du poid lourd à coté de la clinique du dialyse Messai -Khenchela-,Khenchela,40,35.4222604,7.1393417,noest
noest-41a,noest,Noest Souk Ahres,En face radio souk ahras et l laboratoire des analyses Taghest,Souk Ahres,41,36.2832963,7.94755,noest
noest-42a,noest,Noest Tipaza,"Cité Mohammed Bougara, a coté de ecole privé DAYA Shcool",Tipaza,42,36.5896934,2.443212,noest
noest-42b,noest,Noest Tipaza «Koléa»,"Route d’Alger - Kolea, commune de Kolea, wilaya de Tipaza.",Koléa,42,36.6827781,2.7849735,noest
noest-43a,noest,Noest Mila,chateau d'eau en face protection civile,Mila,43,36.4484201,6.2585029,noest
noest-43c,noest,Noest Mila «Tadjenanet»,Rue 1 novembre en face cem mohamed abdo,Tadjenanet,43,36.1207923,5.9799345,noest
noest-43d,noest,Noest Mila «Ferdjioua»,Rue 1 novembre en face la gam assurance,Ferdjioua,43,36.4091434,5.9531524,noest
noest-44a,noest,Noest Ain Defla,"City Najem, en face de l'entrée du groupement régional de la Gendarmerie Nationale, L’escadron",Ain Defla,44,36.2577372,1.9553713,noest
noest-44b,noest,Noest Ain Defla «Khemis Miliana»,Cité Ahmed ben Abd Allah commune khemismiliana wilaya de Ain defla,Khemis Miliana,44,36.262393599999996,2.2074963999999997,noest
noest-45a,noest,Noest Naâma «Mécheria»,"Route Nationale n°06, à côté de l’hôtel Amine et du centre d’Algérie Télécom",Mécheria,45,33.5444205,-0.2728641,noest
noest-46a,noest,Noest Aïn Témouchent,22A cité des oliviers ain témouchnet 46000(en face du parking de la wilaya),Aïn Témouchent,46,35.3032295,-1.1457067,noest
noest-47a,noest,Noest Ghardaïa,"Rue principale Hadj Messaoud en face la branche municipale, Haj Masoud",Ghardaïa,47,32.4907065,3.6813486,noest
noest-48a,noest,Noest Relizane,"Cité 31 logmt en face la justice, a coté de la banque societé général algerie",Relizane,48,35.7299338,0.5451895,noest
noest-49a,noest,Noest Timimoun,"cité MAHDJOUB N° de la porte 16 , Timimoun en face le stade et SAA",Timimoun,49,29.2585961,0.2389837,noest
noest-52a,noest,Noest Beni Abbes,"A coté la wilaya BENI ABBES , en face LAPIWI ( المجلس الشعبي الولائي (",Beni Abbes,52,30.1322451,-2.1654109,noest
noest-53a,noest,Noest In Salah,"Près de la Direction des travaux publics, en face de l'entrée du radar d'Algérie Télécom",In Salah,53,27.2009682,2.4814744,noest
noest-56a,noest,Noest Djanet,"Centre-ville Tine Khatema, à côté du dentiste, Djanet",Djanet,56,24.5574068,9.4839447,noest
noest-58a,noest,Noest El Meniaa,Rue de l'unite African (À côté de la boulangerie Boussaid) Il se trouve à 20 mètres de la mosquée saad beno abi elouas,El Meniaa,58,30.577354,2.881551,noest
