id,name,wilaya_code,commune_code,commune,lat,lng,geo_precision,geo_method,source,type,code,address,phone,fax,email,manager,communes
01-01,ALEM ADRAR,01,,,27.87609,-0.30196,exact,anem,anem,ALEM,0101,"Cité administrative,route de l'aeroport-sidi Mohammed ben lekbir",(049) 364 - 433,(049) 364 - 433,alem.adrar@anem.dz,BELBALI ABDELAZIZ,"ADRAR,BOUDA,FENOUGHIL,OULED AHMED TIMI,SEBAA,TAMENTIT,TAMEST,TSABIT"
01-02,ALEM REGGANE,01,,,26.71627,0.17441,exact,anem,anem,ALEM,0102,Hai Saada - Reggane,(049) 320 - 373,(049) 320 - 372,alem.reggane@anem.dz,BELHADJ ABBELKADER,"REGGANE,SALI"
01-03,ALEM AOULEF,01,,,26.9682,1.08735,exact,anem,anem,ALEM,0104,rue de l'independance hai Zaouit Hainoun Awlef,(049) 328 - 767,(049) 328 - 713,alem.aoulef@anem.dz,ABBASSI ABDELKADER,"AKABILI,AOULEF,TIMOKTEN,TIT"
01-04,ALEM ZAOUIET KOUNTA,01,,,27.22796,-0.19114,exact,anem,anem,ALEM,0106,Ex siège de la Daïra – Zaouiet Kounta,(049) 974 - 997,(049) 974 - 997,alem.zaouitkount@anem.dz,BAJINE ABDELOUAHED,"IN ZEGMIR,ZAOUIET KOUNTA"
02-01,ALEM CHLEF,02,,,36.16515,1.33711,exact,anem,anem,ALEM,0201,"RUE, MARTYR ARIF MAAMAR-CHLEF",(027) 777 - 611,(027) 773 - 772,alem.chlef@anem.dz,BENAIDA NOURREDDINE,"CHLEF,OUM DROU,SENDJAS"
02-02,ALEM BOUKADIR,02,,,36.06787,1.12432,exact,anem,anem,ALEM,0202,Cité Halima SaLEM - Boukadir,(027) 740 - 125,(027) 740 - 018,alem.boukadir@anem.dz,ZOUGAR DJILALI,"AIN MERANE,BOUKADIR,DAHRA,EL HADJADJ,HERENFA,OUED SLY,OULED BEN ABDELKADER,SOBHA,TAOUGRITE"
02-03,ALEM TENES,02,,,36.50689,1.29658,exact,anem,anem,ALEM,0203,"Lot N° 03, Route de l'hôpital - Tenes",(027) 769 - 734,(027) 767 - 632,alem.tenes@anem.dz,BENGHALIA MUSTAPHA,"ABOU EL HASSEN,BENI HAOUA,BREIRA,EL MARSA,MOUSSADEK,OUED GHOUSSINE,SIDI ABDERRAHMANE,SIDI AKKACHA,TALASSA,TENES"
02-04,ALEM CHETTIA,02,,,36.17839,1.2561,exact,anem,anem,ALEM,0204,Cité Bertali - Chettia,(027) 732 - 660,(027) 731 - 770,alem.chettia@anem.dz,GRIBI MOHAMED,"BENAIRIA,BOUZEGHAIA,CHETTIA,LABIODH MEDJADJA,OULED FARES,TADJENA,ZEBOUDJA"
02-05,ALEM OUED FODDA,02,,,36.18287,1.5298,exact,anem,anem,ALEM,0205,Cité du 1er Novembre  - Oued Fodda,(027) 447 - 351,,alem.ouedfodda@anem.dz,HALIMI HAMID,"BENI BOUATTAB,BENI RACHED,EL KARIMIA,HARCHOUN,OUED FODDA,OULED ABBES"
03-01,ALEM LAGHOUAT,03,,,33.80974,2.85397,exact,anem,anem,ALEM,0301,Cité des 500 Logts - Laghouat,(029) 105 - 525,(029) 105 - 519,alem.laghouat@anem.dz,BOUKERNAFA YASSINE,"AIN MADHI,EL ASSAFIA,EL HAOUAITA,KHENEG,LAGHOUAT,SIDI MAKHLOUF,TADJEMOUT,TADJROUNA"
03-02,ALEM AFLOU,03,,,34.11215,2.08051,exact,anem,anem,ALEM,0302,cité de l’indépendance 02  -  Aflou,(029) 172 - 249,(029) 172 - 273,alem.aflou@anem.dz,BEDRANI MOHAMED,"AFLOU,AIN SIDI ALI,BEIDHA,BRIDA,EL GHICHA,GUELTAT SIDI SAAD,HADJ MECHRI,OUED MORRA,OUED MZI,SEBGAG,SIDI BOUZID,TAOUILA"
03-03,ALEM HASSI R'MEL,03,,,33.26928,3.19591,exact,anem,anem,ALEM,0303,Nouvelle ville - Oued Bellil – Hassi R’mel,(029) 182 - 158,(029) 982 - 168/(029) 182 - 154,alem.hassirmel@anem.dz,BENSLIMANE Abderrahmane,"HASSI DHELAA,HASSI RMEL"
03-04,ALEM KSAR EL HIRANE,03,,,33.79167,3.1436,exact,anem,anem,ALEM,0304,Cité Djenidi Lakhdar - Ksar El Hirane,(029) 139 - 483,(029) 139 - 483,alem.ksarelhirane@anem.dz,LAYADI SLIMANE,"KSAR EL HIRANE,BENNASSER BEN CHOHRA"
04-01,ALEM OUM EL BOUAGHI,04,,,35.87428,7.09317,exact,anem,anem,ALEM,0401,La nouvelle ville POS B en face de l’Université Larbi Ben M’hidi – O.E.B,(032) 541 - 579,(032) 541 - 579,alem.oumelbouaghi@anem.dz,KALI YOUNES,"AIN BABOUCHE,AIN DISS,AIN FAKROUN,AIN ZITOUN,EL FEDJOUDJ BOUGHRARA SAOUDI,HANCHIR TOUMGHANI,KSAR SBAHI,OUM EL BOUAGHI"
04-02,ALEM AIN BEIDA,04,,,35.79152,7.37774,exact,anem,anem,ALEM,0402,Cité des 100 logts  SATO -  Ain El Beida,(032) 682 - 104,(032) 682 - 105/(032) 682 - 108,alem.ainbeida@anem.dz,BELKHIRI Samir,"AIN BEIDA,BERRICHE,EL ZORG,FKIRINA,OUED NINI"
04-03,ALEM AIN MLILA,04,,,36.03502,6.57377,exact,anem,anem,ALEM,0403,Rue Larbi Ben M’hidi - Ain M’lila,(032) 502 - 289,(032) 502 - 037,alem.ainmlila@anem.dz,MAAMERI AMIRA,"AIN KERCHA,AIN MLILA,BIR CHOUHADA,EL HARMILIA,OULED GACEM,OULED HAMLA,OULED ZOUAI,SIGUS,SOUK NAAMANE,EL AMIRIA"
04-04,ALEM MESKIANA,04,,,35.62891,7.6657,exact,anem,anem,ALEM,0404,Cité des 100 logts – Bt Administratif N° 08 - Meskiana,(032) 471 - 599,(032) 471 - 599,alem.meskiana@anem.dz,AISSAOUI AISSA,"BEHIR CHERGUI,DHALAA,EL BELALA,EL DJEZIA,MESKIANA,REHIA"
05-01,ALEM BATNA,05,,,35.53294,6.16281,exact,anem,anem,ALEM,0501,Cité des 1200 Logements - Batna,(033) 301-269,(033) 301 - 269,alem.batna@anem.dz,LAAMARI SAMIRA,"AIN YAGOUT,BATNA,BOULEHILET,BOUMIA,CHEMORA,DJERMA,EL MADHER,FESDIS,OUED CHAABA,OULED FADEL,OUYOUN EL ASSAFIR,SERIANA,TAZOULT,TIMGAD"
05-02,ALEM BARIKA,05,,,35.38662,5.36762,exact,anem,anem,ALEM,0502,Rue Lichani Rabah - Barika,(033) 386 - 361,(033) 386 - 361,alem.barika@anem.dz,ZEGHDOUD ZAHIA,"BARIKA,BITAM,DJEZZAR,MDOUKAL,METKAOUAK,OULED AMMAR,SEGGANA"
05-03,ALEM N'GAOUS,05,,,35.54955,5.62766,exact,anem,anem,ALEM,0503,Ras  El  Ain -  N’Gaous,(033) 362 - 619,(033) 362 - 619,alem.ngaous@anem.dz,MANAA ZOHIR,"BOUMAGUER,NGAOUS,OULED SI SLIMANE,SEFIANE"
05-04,ALEM ARRIS,05,,,35.26171,6.35762,exact,anem,anem,ALEM,0504,Cité Dharaa Ezzitoune - Arris,(033) 345 - 002,(033) 345 - 002,alem.arris@anem.dz,BOUDARN MOHAMMED ELHACHEMI,"ARRIS,BOUZINA,CHIR,FOUM TOUB,GHASSIRA,ICHEMOUL,INOUGHISSENE,KIMMEL,LARBAA,MENAA,OUED TAGA,THENIET EL ABED,TIGHANIMINE,TIGHARGHAR,TKOUT"
05-05,ALEM MEROUANA,05,,,35.63197,5.91378,exact,anem,anem,ALEM,0505,Locaux Commerciaux - Cité el moudjahidine - Merouana,(033) 831 - 718,(033) 831 - 718,alem.merouana@anem.dz,HEMICHE ABDELALI,"HIDOUSSA,KSAR BELEZMA,MEROUANA,OUED EL MA,TAXLENT"
05-06,ALEM AIN TOUTA,05,,,35.37818,5.89697,exact,anem,anem,ALEM,0506,Rue Louchene Taher- Ain Touta,(033) 355 - 216,(033) 355 - 216,alem.aintouta@anem.dz,YAHIAOUI ABDELOUAHAB,"AIN TOUTA,BENI FOUDHALA EL HAKANIA,MAAFA,OULED AOUF,TILATOU"
05-07,ALEM RAS EL AIOUN,05,,,35.67128,5.65019,exact,anem,anem,ALEM,0507,cité manifestation - Ras EL Aioun,(033) 370 - 357,(033) 370 - 357,alem.raslayoun@anem.dz,GHEBACHE HAROUN,"GOSBAT,GUIGBA,LEMCEN,RAHBAT,RAS EL AIOUN,TALKHEMT"
05-08,ALEM AIN DJASSER,05,,,35.85,6,approximate,anem,anem,ALEM,0508,Rue du 1er Novembre - Ain Djasser,(033) 245 - 268,(033) 245 - 268,alem.aindjasser@anem.dz,BENAMARA KAMAL,"AIN DJASSER,EL HASSI,LAZROU,OULED SELLAM,ZANA EL BEIDA"
06-01,ALEM BEJAIA,06,,,36.74492,5.04814,exact,anem,anem,ALEM,0601,"Centre d’affaires ""big center"" - Rez de chaussée - Bd Krim Belkacem - Béjaia",(034) 113 - 256,(034) 113-256,alem.bejaia@anem.dz,BENSALEM MALEK,"BEJAIA,BENI KSILA,BOUKHELIFA,OUED GHIR,TALA HAMZA,TICHI,TOUDJA"
06-02,ALEM AKBOU,06,,,36.46261,4.50394,exact,anem,anem,ALEM,0602,"Cité des 120 Lgts ""Ex caserne"" en face de la Sonelgaz",(034) 187 - 951,(034) 187 - 951,alem.akbou@anem.dz,KHELOUI RABAH,"AKBOU,AMALOU,BENI MAOUCHE,BOUHAMZA,CHELATA,IGHRAM,M CISNA,OUZELLAGUEN,SEDDOUK,TAMOKRA"
06-03,ALEM SIDI AICH,06,,,36.60817,4.68801,exact,anem,anem,ALEM,0603,15/500 logt RHP maala-sidi Aich,(034) 869 - 113,(034) 869 - 114,alem.sidiaich@anem.dz,SADOUN ZAHIA,"ADEKAR,AKFADOU,CHEMINI,LEFLAYE,SIDI AICH,SIDI AYAD,SOUK OUFELLA,TIBANE,TIFRA,TINEBDAR"
06-04,ALEM KHERRATA,06,,,36.47981,5.26416,exact,anem,anem,ALEM,0604,"Cite des 60/600 Lgts Bt B, Local 65,66,67,68 - EPLF - Kherrata",(034) 159 - 103,(034) 159 - 102,alem.kherrata@anem.dz,SLAMANI MOURAD,"AIT SMAIL,DRAA EL KAID,KHERRATA,TASKRIOUT"
06-05,ALEM TAZMALT,06,,,36.38472,4.40053,exact,anem,anem,ALEM,0605,Rue MEZIANE CHABANE - Tazmalt,(034) 317 - 001,(034) 317 - 157,alem.tazmalt@anem.dz,BOUAZIZ MAAMAR,"AIT R_ZINE,BENI MELIKECH,BOUDJELLIL,IGHIL ALI,TAZMALT"
06-06,ALEM EL KSEUR,06,,,36.67568,4.85504,exact,anem,anem,ALEM,0606,Centre commercial  Lot. 130/131 El Kseur,(034) 823 - 230,(034) 823 - 151,alem.elkseur@anem.dz,MIRA CHERIF,"AMIZOUR,BARBACHA,BENI DJELLIL,EL KSEUR,FERRAOUN,IFELAIN ILMATHEN,KENDIRA,SEMAOUNE,TAOURIRT IGHIL,TIMZRIT"
06-07,ALEM Souk El Ténine,06,,,36.62752,5.33017,exact,anem,anem,ALEM,0607,programme 80 logts lpa bloc B,(034) 238 - 255,(034) 238 - 254,alem.soukeltenine@anem.dz,METIDJI Abdelghani,"AOKAS,DARGUINA,MELBOU,SOUK EL TENINE,TAMRIDJET,TIZI NBERBER"
07-01,ALEM BISKRA,07,,,34.84556,5.69976,exact,anem,anem,ALEM,0701,Cité Saada - EL KORS - BISKRA,(033) 655 -868,(033) 655 -877,alem.biskra@anem.dz,NASRI KHALIL,"BISKRA,CHETMA,EL HADJEB,EL HAOUCH,M_CHOUNECHE,MLILI,OUGHLAL,OUMACHE,SIDI OKBA"
07-02,ALEM EL KANTARA,07,,,35.21655,5.71741,exact,anem,anem,ALEM,0703,Cité 1er Novembre 1954  - El Kantara,(033) 696 - 077,(033) 696 - 077,alem.elkantara@anem.dz,DJOUDI NOUREDDINE,"AIN ZAATOUT,BRANIS,DJEMORAH,EL KANTARA,EL OUTAYA"
07-03,ALEM ZERIBET EL OUED,07,,,34.68465,6.51069,exact,anem,anem,ALEM,0704,Rue Saidi Noui - Cité Nouvelle - ZERIBET EL OUED,(033) 553 - 316,(033) 553 - 317,alem.zeribeteloued@anem.dz,REFFAS Ahmed,"AIN NAGA,EL FEIDH,KHANGAT SIDI NADJI,M_ZIRAA,ZERIBET EL OUED"
07-04,ALEM TOLGA,07,,,34.73079,5.38055,exact,anem,anem,ALEM,0705,Avenue Si El Haoués - Tolga,(033) 594 - 118,(033) 594 - 119,alem.tolga@anem.dz,TALEB TAREK,"BORDJ BEN AZZOUZ,BOUCHAGROUN,EL GHROUS,FOUGHALA,LICHANA,LIOUA,MEKHADMA,TOLGA"
08-01,ALEM Bechar,08,,,31.58995,-2.24236,exact,anem,anem,ALEM,0801,La zone bleu bp 498 bechar,(049) 206 - 128,(049) 206 - 128,alem.bechar@anem.dz,MASMOUDI Abdelkader,"BECHAR,BOUKAIS,KENADSA,LAHMAR,MERIDJA,MOUGHEUL"
08-02,ALEM ABADLA,08,,,31.0255,-2.70478,exact,anem,anem,ALEM,0802,Hai SaLEM - Abadla,(049) 256 - 738,(049) 257 - 971,alem.abadla@anem.dz,BENYAHIA MOHAMMED,"ABADLA,ERG FERRADJ,MECHRAA HOUARI BOUMEDIENE,TABELBALA"
08-03,ALEM TAGHIT,08,,,30.92001,-2.02941,exact,anem,anem,ALEM,0803,Taghit centre - Taghit,(049) 253 - 529,(049) 253 - 466,alem.taghit@anem.dz,BELBOUKHARI SLIMANE,TAGHIT
08-04,ALEM BENI OUNIF,08,,,32.05471,-1.28171,exact,anem,anem,ALEM,0804,Rue Commandant Boucherit – Béni Ounif,(049) 252 - 243,(049) 252 - 243,alem.beniounif@anem.dz,HASSI MOKHTAR,BENI OUNIF
09-01,ALEM BLIDA,09,,,36.48,2.84,approximate,anem,anem,ALEM,0901,"97, rue Yousfi Abdelkader  - Blida",(025) 225 - 777,(025) 225 - 776,alem.blida@anem.dz,BOUMEDANE HICHEM,"BENI TAMOU,BLIDA,BOUARFA,OUED EL ALLEUG"
09-02,ALEM BOUFARIK,09,,,36.58,2.91,approximate,anem,anem,ALEM,0902,"07, rue Si Smail - Boufarik",(025) 481 - 950,(025) 481 - 966,alem.boufarik@anem.dz,BENBEKHMA AMAR,"BEN KHELIL,BOUFARIK,CHEBLI,GUERROUAOU,SOUMAA"
09-03,ALEM EL AFFROUN,09,,,36.47159,2.62617,exact,anem,anem,ALEM,0903,Rue Kaibou Mohammed   El Affroun-blida,(025) 382 - 251,(025) 382 - 251,alem.elaffroun@anem.dz,BOURAHLA MOHAMED,"AIN ROMANA,EL AFFROUN,OUED DJER"
09-04,ALEM LARBAA,09,,,36.56001,3.15999,exact,anem,anem,ALEM,0904,Cité  des 300 logements - Djiboulou - Larbaa,(025) 340 - 527,(025) 340 - 680,alem.larbaa@anem.dz,KESRI BILEL,"BOUGARA,DJEBABRA,HAMMAM MELOUANE,LARBAA,MEFTAH,OULED SLAMA,SOUHANE"
09-05,ALEM BOUINAN,09,,,36.49,2.86,approximate,anem,anem,ALEM,0905,Cité des 402 logts - Ouled Yaich- Blida,(025) 435 - 435,(025) 437 - 437,alem.bouinane@anem.dz,BEN AICHA HAMZA,"BENI MERED,BOUINAN,CHREA,OULED YAICH"
09-06,ALEM MOUZAIA,09,,,36.46545,2.68169,exact,anem,anem,ALEM,0906,cite 200 logements mouzaia-blida,(025) 248 - 514,(025) 248 - 513,alem.mouzaia@anem.dz,TAHIR BILLAL,"CHIFFA,MOUZAIA"
10-01,ALEM BOUIRA,10,,,36.37845,3.90231,exact,anem,anem,ALEM,1001,01 rue Med Zammoum - Bouira,(026) 730 - 891,(026) 730 - 890,alem.bouira@anem.dz,BOUDIAF LAMINE,"AHL EL KSAR,AIN TURK,AIT LAAZIZ,BECHLOUL,BOUIRA,EL ASNAM,HAIZER,OULED RACHED,TAGHZOUT"
10-02,ALEM AIN BESSEM,10,,,36.29624,3.68197,exact,anem,anem,ALEM,1002,Cité SAAD MESSILI  – Ain Béssam,(026) 875 - 270,(026) 875 - 270,alem.ainbessam@anem.dz,MEDJRAS HOCINE,"AIN BESSAM,AIN EL HADJAR,AIN LALOUI,BIR GHBALOU,EL HACHIMIA,EL KHABOUZIA,EL MOKRANI,OUED EL BERDI,RAOURAOUA,SOUK EL KHEMIS"
10-03,ALEM LAKHDARIA,10,,,36.56439,3.59384,exact,anem,anem,ALEM,1003,"Cité des 50 Logts LSP Local N° 43, Bloc A1 -Hamana Lakhdaria",(026) 705 - 292,(026) 705 - 292,alem.lakhdaria@anem.dz,MERROUCHE NAOUEL,"AOMAR,BOUDERBALA,BOUKRAM,DJEBAHIA,GUERROUMA,KADIRIA,LAKHDARIA,MAALA,ZBARBAR"
10-04,ALEM M'CHEDELLAH,10,,,36.35855,4.27297,exact,anem,anem,ALEM,1004,Route Nationale N° 30  – M’Chedellah,(026) 793 - 036,(026) 793 - 036,alem.mechdellah@anem.dz,OUARAB KAMEL,"AGHBALOU,ATH MANSOUR,CHORFA,EL ADJIBA,HANIF,MCHEDALLAH,SAHARIDJ"
10-05,ALEM SOUR EL GHOZLANE,10,,,36.14722,3.69056,exact,anem,anem,ALEM,1005,Boulevard Emir Abdelkader – Sour El Ghozlane,(026) 756 - 218,(026) 756 - 218,alem.sourelghozlane@anem.dz,BELAMOURI DJAMILA,"DECHMIA,DIRAH,EL HAKIMIA,MAAMORA,RIDANE,SOUR EL GHOZLANE"
10-06,ALEM BORDJ OKHRIS,10,,,36.08288,3.97376,exact,anem,anem,ALEM,1006,Cité Amiar Essalam - Bordj Okhris,(026) 751 - 030,(026) 751 - 030,alem.bordjkhris@anem.dz,BELKHIRI AHMED,"BORDJ OUKHRISS,HADJERA ZERGA,MEZDOUR,TAGUEDIT"
11-01,ALEM TAMANRASSET,11,,,22.7938,5.53933,exact,anem,anem,ALEM,1101,Centre ville Tamanrasset,(029) 303 -122,(029) 303 -122,alem.tamanrasset@anem.dz,DADAOUALI ABDERRAHMANE,"ABALESSA,IDLES,IN AMGUEL,TAMANRASSET,TAZROUK"
12-01,ALEM TEBESSA,12,,,35.40783,8.10987,exact,anem,anem,ALEM,1201,ex el mohafadha route de constantine tebessa,(037) 591 - 625,(037) 592 - 616,alem.tebessa@anem.dz,ZANAT HOUSSAM EDDINE,"BEKKARIA,BIR DHEHEB,BOULHAF DYR,EL HOUIDJBET,EL KOUIF,HAMMAMET,MORSOT,TEBESSA"
12-02,ALEM BIR EL ATER,12,,,34.75207,8.05845,exact,anem,anem,ALEM,1202,Cité daira - Bir El Ater,(037) 447 - 994,(037) 447 - 994,alem.birelater@anem.dz,HAMZA HICHEM,"BIR EL ATER,FERKANE,NEGRINE,SAFSAF EL OUESRA"
12-03,ALEM OUENZA,12,,,35.95,8.11667,approximate,anem,anem,ALEM,1203,Cité Centrale - Ex Sonitex- El Ouenza,(037) 671 - 399,(037) 761 - 456,alem.elouenza@anem.dz,MAALEM LATIFA,"AIN ZERGA,BOUKHADRA,EL AOUINET,EL MERIDJ,EL OUENZA"
12-04,ALEM CHERIA,12,,,35.26939,7.74998,exact,anem,anem,ALEM,1204,Ex siége social de l,(037) 621 - 415,(037) 622 - 927,alem.cheria@anem.dz,ABID HOUSNI,"BEDJENE,BIR MOKADEM,CHERIA,EL MAZERAA,EL OGLA,GOURIGUEUR,STAH GUENTIS,THLIDJENE"
12-05,ALEM EL MA LABIODH,12,,,35.20495,8.16633,exact,anem,anem,ALEM,1205,Cité Ben Djedda M’henia – El Ma Labiod,(037) 522 - 719,(037) 525 - 821,alem.elmalabiadh@anem.dz,BETTICHE ABDENNOUR,"EL MA LABIOD,EL OGLA EL MALHA,OUM ALI"
13-01,ALEM TLEMCEN,13,,,34.88049,-1.34449,exact,anem,anem,ALEM,1301,Cité 1060 Logts ex Casnos – Imama -Tlemcen,(043) 381 - 687,(043) 381 - 684,alem.tlemcen@anem.dz,CHIKHAOUI ABDELAZIZ,"AIN FEZZA,AMIEUR,CHETOUANE,TLEMCEN"
13-02,ALEM GHAZAOUET,13,,,35.09937,-1.86065,exact,anem,anem,ALEM,1302,Place du colonel Abbes - Ghazaouet,(043) 467 - 723 /,(043) 467 - 721,alem.ghazaouet@anem.dz,DJEBBAR KAMAL,"AIN FETAH,AIN KEBIRA,BAB EL ASSA,DAR YAGHMOURASSENE,DJEBALA,FELLAOUCENE,GHAZAOUET,MERSA BEN MHIDI,MSIRDA FOUAGA,NEDROMA,SOUAHLIA,SOUK THLATA,TIENET"
13-03,ALEM MAGHNIA,13,,,34.85216,-1.73022,exact,anem,anem,ALEM,1303,"67, Bd Mohamed Boudiaf - Maghnia",(043) 397 - 695,(043) 313 - 083,alem.maghnia@anem.dz,ZENAGUI LAHCENE,"BENI BOUSSAID,HAMMAM BOUGHRARA,MAGHNIA,SIDI MEDJAHED,SOUANI"
13-04,ALEM SABRA,13,,,34.82827,-1.52569,exact,anem,anem,ALEM,1304,Rue Negadi Bachir - Sabra,(043) 531 - 722,(043) 531 - 721,alem.sabra@anem.dz,CHERIFI OKACHA,"BOUHLOU,SABRA"
13-05,ALEM REMCHI,13,,,35.05787,-1.42709,exact,anem,anem,ALEM,1305,Boulevard Zighoud Youcef - Remchi,(043) 437 - 186,(043) 437 - 462,alem.remchi@anem.dz,BENNACER MOHAMED,"AIN YOUCEF,BENI KHELLAD,BENI OUARSOUS,EL FEHOUL,HENAYA,HONAINE,OULED RIAH,REMCHI,SEBAA CHIOUKH,ZENATA"
13-06,ALEM SEBDOU,13,,,34.63918,-1.33263,exact,anem,anem,ALEM,1306,16 Rue cheikh Larbi Tebessi - Sebdou,(043) 544 - 314,(043) 544 - 457,alem.sebdou@anem.dz,HESSENAOUI ABDELAZIZ,"EL ARICHA,EL BOUIHI,EL GOR,SEBDOU,SIDI DJILLALI"
13-07,ALEM OULED MIMOUNE,13,,,34.90206,-1.03664,exact,anem,anem,ALEM,1307,Siège de la daira - Ouled Mimoun,(043) 364 - 433,(043) 362 - 211,alem.ouledmimoun@anem.dz,SAIDI MOHAMED,"AIN NEHALA,AIN TALLOUT,BENI SEMIEL,BENSEKRANE,OUED CHOULY,OULED MIMOUN,SIDI ABDELLI"
13-08,ALEM MANSOURAH 13,13,,,34.87746,-1.35599,exact,anem,anem,ALEM,1308,cité administrative BOUHANAK,(043) 216 - 969,(043) 216 - 969,ALEM.Mansourah13@anem.dz,HEDADJI Khaled,"AIN GHORABA,BENI MESTER,MANSOURAH,TERNI BENI HEDIEL"
13-09,ALEM BENI SNOUS,13,,,34.64325,-1.56296,exact,anem,anem,ALEM,1309,Siège Annexe APC EL-KHEMIS BENI SNOUS,(043) 341 - 128,(043) 341 - 128,alem.benisnous@anem.dz,ELHABIRI KHALED,"AZAILS,BENI BAHDEL,BENI SNOUS"
14-01,ALEM TIARET,14,,,35.36598,1.33292,exact,anem,anem,ALEM,1401,Cité du nouveau stade -les préfabriqués - Tiaret,(046) 255 - 487,(Non renseigné),alem.tiaret@anem.dz,HAMEL DJAOUAD,"AIN BOUCHEKIF,DAHMOUNI,DJILLALI BEN AMAR,GUERTOUFA,MACHRAA SFA,MEGHILA,MELLAKOU,OUED LILLI,RAHOUIA,SEBT,SIDI ALI MELLAL,SIDI HOSNI,TAGDEMT,TIARET,TIDDA"
14-02,ALEM FRENDA,14,,,35.06227,1.04893,exact,anem,anem,ALEM,1402,Rue Bayat Mohamed - Frenda,(046) 306 - 287,(046) 306 - 289/(046) 306 - 286,alem.frenda@anem.dz,CHIBI LOTFI,"AIN EL HADID,AIN KERMES,DJEBILET ROSFA,FRENDA,MADNA,MEDRISSA,MEDROUSSA,SIDI ABDERRAHMANE,SIDI BAKHTI,TAKHMARET"
14-03,ALEM KSAR CHELLALA,14,,,35.21407,2.31744,exact,anem,anem,ALEM,1403,Cité Administrative -  Ksar Chellala,(046) 364 - 735,(046) 364 - 734,alem.ksarchellala@anem.dz,MAZOUZI LAKHDAR,"KSAR CHELLALA,RECHAIGA,SERGHINE,ZMALET EMIR ABDELKADER"
14-04,ALEM SOUGUEUR,14,,,35.188,1.4983,exact,anem,anem,ALEM,1404,Boulevard Sidi Abed El Ghani - Sougueur,(046) 436 - 795,(046) 436 - 217/(046) 438 - 421,alem.sougueur@anem.dz,BELGACEM KHALED,"AIN DEHEB,CHEHAIMA,FAIDJA,NAIMA,SIDI  ABDELGHANI,SOUGUEUR,TOUSNINA"
14-05,ALEM MAHDIA,14,,,35.42755,1.75179,exact,anem,anem,ALEM,1405,"Rue Si El- Haoués, Ex siège de l’APC - Mahdia",(046) 464 - 545,(046) 464 - 537,alem.mahdia@anem.dz,HASSACI MOKHTAR,"AIN ZARIT,BOUGARA,HAMADIA,MAHDIA,NADORAH,SEBAINE"
15-01,ALEM TIZI OUZOU,15,,,36.71,4.05,approximate,anem,anem,ALEM,1501,01 boulevard  Haddadou Med Arezki – Tizi Ouzou,(026) 127 - 034,(026) 122 - 017,alem.tiziouzou@anem.dz,SI HADJ MOHAND AHMED,"AIT AISSA MIMOUN,AIT MAHMOUD,BENI AISSI,BENI DOUALA,BENI-ZEMANZER,OUAGUENOUN,TIMIZART,TIZI OUZOU"
15-02,ALEM AIN EL HAMMAM,15,,,36.56984,4.31448,exact,anem,anem,ALEM,1502,Rue COLONEL AMIROUCHE AIN EL HAMMAM,(026) 48 40 08,(026) 48 40 08,alem.ainelhammam@anem.dz,NAIT ABDESSELAM LYNDA,"ABI YOUCEF,AIN EL HAMMAM,AIT YAHIA,AKBIL,IFERHOUNEN,ILILTEN,IMSOUHAL"
15-03,ALEM AZAZGA,15,,,36.73347,4.37257,exact,anem,anem,ALEM,1503,Cité des 60 Logts EPLF Fontaine Romaine - Azazga,(026) 345 - 345,(026) 345 - 334,alem.azazga@anem.dz,MOUCHACHE SOFIANE,"AIT KHELILI,AZAZGA,BENI ZEKI,BOUZEGUENE,FREHA,IDJEUR,IFIGHA,ILOULA OUMALOU,MEKLA,SOUAMA,YAKOUREN,ZEKRI"
15-04,ALEM BOGHNI,15,,,36.54444,3.95325,exact,anem,anem,ALEM,1504,Cité des 18 logements  Boghni,026 23 17 11,026 23 17 11,alem.boghni@anem.dz,KHADIR SI ABDELMADJID,"AGOUNI GUEGHRANE,AIT BOUADDOU,ASSI YOUCEF,BOGHNI,BOUNOUH,MECHTRAS,OUADHIA,TIZI N'TLATA"
15-05,ALEM DRAA EL MIZAN,15,,,36.53364,3.83441,exact,anem,anem,ALEM,1505,Cité 30 Lgts LSP - Draa El Mizan,(026)133 - 209,(026) 133-209,alem.draaelmizane@anem.dz,TAS ABAS,"AIN ZAOUIA,AIT YAHIA MOUSSA,DRAA EL MIZAN,FRIKAT,MKIRA,TIZI GHENIF"
15-06,ALEM LARBAA NATH IRATEN,15,,,36.63918,4.20004,exact,anem,anem,ALEM,1506,RDC Centre culturel Mezzani Ahcène  L.N.Irathen,(026) 493 - 329,(026) 493 - 398,alem.larbaanathirathene@anem.dz,LOUNI Amar,"AIT AGGOUACHA,AIT OUMALOU,IRDJEN,LARBA NAIT IRATHEN,TIZI RACHED"
15-07,ALEM OUACIF,15,,,36.52575,4.20541,exact,anem,anem,ALEM,1507,Cité du marché ex Abattoir - Ouacifs,(026) 331 -952,(026) 331 -952,alem.ouacif@anem.dz,SI SEGHIR FARID,"AIT BOUMAHDI,AIT TOUDERT,BENI YENNI,IBOUDRAREN,OUACIF,YATAFEN"
15-08,ALEM TIGZIRT,15,,,36.88921,4.13219,exact,anem,anem,ALEM,1508,Cité 192 LSP Bloc 2-2 RDC Axe Lycée Toumi - Tigzirt,(026) 158 - 492,(026) 158 - 588,alem.tigzirt@anem.dz,KADI KARIM,"BOUDJIMA,IFLISSEN,MAKOUDA,MIZRANA,TIGZIRT"
15-09,ALEM AZZEFOUN,15,,,36.88908,4.42432,exact,anem,anem,ALEM,1509,"Cité 92 Lgts Bloc A1, Local 3,4,5 - Azzefoune Centre",(026) 159 - 135,(026) 159 - 135,alem.azzefoun@anem.dz,BERKANI TOUFIK,"AGHRIB,AIT CHAFFA,AKEROU,AZEFFOUN"
15-10,ALEM DRAA BEN KHEDDA,15,,,36.73064,3.95685,exact,anem,anem,ALEM,1510,Cité AADL “ 162 Logts “ Bt 03 - Draa Ben Khedda,(026) 274 - 038,(026) 274 - 038,alem.draabenkhedda@anem.dz,HASSANI OUIZA,"DRAA BEN KHEDDA,MAATKA,SIDI NAAMANE,SOUK EL THENINE,TADMAIT,TIRMITINE"
16-01,ALEM SIDI M'HAMED,16,,,36.76026,3.0599,exact,anem,anem,ALEM,1601,"88, rue Hassiba BEN BOUALI -Sidi -M’Hamed",(021) 659 - 416/ 656 - 124,(021) 657 - 750,alem.sidimhamed@anem.dz,MESSAR MOUNIA,"ALGER,EL BIAR,EL MADANIA,EL MOURADIA,HYDRA,MOHAMED BELOUIZDAD,SIDI MHAMED"
16-02,ALEM GUE DE CONSTANTINE(ain naadja),16,,,36.7123,3.08481,exact,anem,anem,ALEM,1602,Cité des 416 logements AADL – Bt E - Ain Naadja,(023) 535 - 428,(023) 535 - 428,alem.guedeconstantine@anem.dz,FRIDI Azzeddinel,"BIR KHADEM,BIR MOURAD RAIS,DJISR KSENTINA,SAOULA"
16-03,ALEM BAB EL OUED,16,,,36.80079,3.04883,exact,anem,anem,ALEM,1603,Boulevard capitaine abderahmane mira bt 86 RC EX : Malakoff - bologhine,(021) 960 - 759,(021) 960 - 757,alem.babeloued@anem.dz,CHABI SOUMIA,"BAB EL OUED,BEN AKNOUN,BENI MESSOUS,BOLOGHINE IBN ZIRI,BOUZAREAH,CASBAH,OUED KORICHE,RAIS HAMIDOU"
16-04,ALEM BAB EZZOUAR,16,,,36.7193,3.18763,exact,anem,anem,ALEM,1604,168 Logts ENPI – Ilot 2D Tour 87 – Local 05 - Bab Ezzouar,(023) 838 - 540,(023) 838 - 004,alem.babezzouar@anem.dz,TALEB MERIEM,"BEB EZZOUAR,BORDJ EL BAHRI,BORDJ EL KIFFAN,DAR EL BEIDA"
16-05,ALEM EL HARRACH,16,,,36.72068,3.13865,exact,anem,anem,ALEM,1605,"13, Rue Malika GAID El HarraCH",(021) 832 - 236 / 831 - 742,(021) 822 - 236,alem.elharrach@anem.dz,GUECIS HAYAT,"BOUROUBA,EL HARRACH,MOHAMMADIA,OUED SMAR"
16-06,ALEM HUSSEIN - DEY,16,,,36.74464,3.09402,exact,anem,anem,ALEM,1606,"Cité AADL, hai el badr - bach djerrah",(023) 885 - 048,(023) 885 - 048,alem.husseindey@anem.dz,MESBAHI SOUHILA,"BACH DJERRAH,EL MAGHARIA,HUSSEIN DEY,KOUBA"
16-07,ALEM BIRTOUTA,16,,,36.64538,2.99634,exact,anem,anem,ALEM,,Rue KHEMISSAT Saad - Birtouta,(023) 584 - 346,(023) 584 - 346,alem.birtouta@anem.dz,MELIANI ZOHRA,"BIRTOUTA,OULED CHEBEL,TASSALA EL MERDJA,KHRAISSIA"
16-08,ALEM ROUIBA,16,,,36.73858,3.28895,exact,anem,anem,ALEM,1608,"Cité 75 Lgts EPLF, Locaux 1, 2, 3 et 4 - Rouiba",(023) 863 - 053,(023) 863 - 053,alem.rouiba@anem.dz,BOURAYOU ILHAM,"AIN TAYA,EL MARSA,HARAOUA,REGHAIA,ROUIBA"
16-09,ALEM ZERALDA,16,,,36.71822,2.84822,exact,anem,anem,ALEM,1609,"01, rue 1er Novembre 1954 - Zéralda",(023) 322 - 004,(023) 322-007,alem.zeralda@anem.dz,TABAI MOHAMED,"MAHELMA,RAHMANIA,SOUIDANIA,STAOUELI,ZERALDA"
16-10,ALEM BARAKI(sidi moussa),16,,,36.64567,3.08354,exact,anem,anem,ALEM,1610,Bloc Administratif - Bentalha,(023) 901 - 399,(023) 901 - 399,alem.baraki@anem.dz,DHIEF Amine,"BARAKI,LES EUCALYPTUS,SIDI MOUSSA"
16-11,ALEM CHERAGA,16,,,36.71941,2.95433,exact,anem,anem,ALEM,1612,cité 1730 logts AADL Ouled fayet,(023) 254 - 903,(023) 254 - 903,alem.cheraga@anem.dz,HASSANI SOFIANE,"AIN BENIAN,CHERAGA,DELY BRAHIM,HAMMAMET,OULED FAYET"
16-12,ALEM DRARIA,16,,,36.73447,2.9941,exact,anem,anem,ALEM,,527 logts AADL 6éme tour ElAchour,(021)333- 517,(021)333- 517,alem.draria@anem.dz,ADDOUN MERIEM,"BABA HASSEN,DOUERA,DRARIA,EL ACHOUR"
17-01,ALEM DJELFA,17,,,34.65889,3.26306,exact,anem,anem,ALEM,,Cité 05 juillet -Cite administratif- Djelfa,(027) 936 -641,/,alem.djelfa@anem.dz,BOUHALI MOHAMED,"BENI YAGOUB,CHAREF,DAR CHIOUKH,DJELFA,EL GUEDDID,MLILIHA,MOUADJEBAR,SIDI BAIZID,EL IDRISSIA,AIN EL CHOUHADA,EL DOUIS"
17-02,ALEM AIN OUSSERA,17,,,35.44863,2.90455,exact,anem,anem,ALEM,1702,cité 100/400 Lgts- ES SALEM-Bt83 -Ain Oussera,(027) 803 - 693,(027) 803 - 693,alem.ainoussera@anem.dz,MAILBI Mohamed Merouane,"AIN OUESSARA,GUERNINI"
17-03,ALEM BIRINE,17,,,35.63289,3.22309,exact,anem,anem,ALEM,1703,Place du 1er Novembre 1954 - Birine,(027) 809- 106,(Non renseigné),alem.birine@anem.dz,BOUCHEMAL NABIL,"BENHAR,BIRINE"
17-04,ALEM HASSI BAHBAH,17,,,35.06964,3.02762,exact,anem,anem,ALEM,1704,Cité du marché couvert à Hassi Bahbah,(027) 961 - 390,(Non renseigné),alem.hassibahbah@anem.dz,KRIFIF ALI,"AIN MAABED,HASSI BAHBAH,HASSI EL EUCH,ZAAFRANE"
17-05,ALEM MESSAAD,17,,,34.15352,3.48802,exact,anem,anem,ALEM,1705,Cité Atlas - Messaad,(027) 987 - 123,(027) 987 - 123,alem.messaad@anem.dz,MOULAY OMAR ASSIA,"AMOURA,DELDOUL,FEIDH EL BOTMA,GUETTARA,MESSAAD,OUM LAADHAM,SED RAHAL,SELMANA"
17-06,ALEM AIN EL IBEL,17,,,34.35239,3.21969,exact,anem,anem,ALEM,,Cité Administrative Houari Boumediene A. El Ibel,(027) 883 - 132,(027) 883 - 132,alem.ainelibel@anem.dz,RINOUBA CHEIKH,"AIN EL IBEL,TADMIT,ZEKAR"
17-07,ALEM SIDI LADJEL,17,,,35.43959,2.51662,exact,anem,anem,ALEM,1707,Centre Ville - Sidi Ladjel,(027) 946 - 204,(027) 946 - 204,alem.sidilaadjal@anem.dz,ZOBIRI AISSA,"EL KHEMIS,HASSI FDOUL,SIDI LAADJEL"
17-08,ALEM HAD SAHARY,17,,,35.34348,3.36041,exact,anem,anem,ALEM,1708,Route de Hassi Bahbah - Had Sahary,/,/,alem.hadsahary@anem.dz,NOUARI BACHIR,"AIN FEKKA,BOUIRA LAHDAB,HAD SAHARY"
18-01,ALEM JIJEL,18,,,36.80823,5.7804,exact,anem,anem,ALEM,1801,3 éme Kilomètre – route de Constantine – Jijel,(034) 477-167,(034) 477-167,alem.jijel@anem.dz,MAOUASSA ZAHIA,"BOUDRIA BENI YADJIS,DJIMLA,EL AOUANA,JIJEL,KAOUS,SELMA BEN ZIADA,TEXENNA"
18-02,ALEM EL MILIA,18,,,36.74797,6.27095,exact,anem,anem,ALEM,1802,Bâtiment multiservice Rue du 20 Août 1955 – El Milia,(034) 524 - 619,(034) 524 - 601,alem.elmilia@anem.dz,LEBSIR MOUNIR,"BOURAOUI BELHADEF,CHEBBALA MILAT,DJEMAA BENI HABIBI,EL ANCER,EL MILIA,KIMIR OUED ADJOUL,OULED RABAH,OULED YAHIA KHADROUCHE,SETTARA,SIDI MAAROUF"
18-03,ALEM TAHER,18,,,36.77159,5.89836,exact,anem,anem,ALEM,1803,Rue des Frères Bousdira - Taher,(034) 546-054,(034) 546-474,alem.taher@anem.dz,BOUANANE WIDAD,"BORDJ TAHER,BOUSSIF OULED AKSEUR,CHAHNA,CHEKFA,EL KENNAR NOUCHFI,EMIR ABDELKADER,OUDJANA,SIDI ABDELAZIZ,TAHER"
18-04,ALEM ZIAMA MANSOURIA,18,,,36.66201,5.43951,exact,anem,anem,ALEM,1804,"Cité Amrouche Ali, Boublatene – Ziama Mansouria",(034) 585 - 143,(034) 585 - 029,alem.ziamamansouria@anem.dz,BOUTAOUI MOKHTAR,"ERRAGUENE,ZIAMA MANSOURIA"
19-01,ALEM SETIF,19,,,36.18802,5.43368,exact,anem,anem,ALEM,1901,Cité Administrative - Ain Tebinet - Sétif,(036) 621-823,(036) 621-823,alem.setif@anem.dz,HARKATI RABIE,"AIN ABESSA,AIN ARNAT,BENI FOUDA,EL OURICIA,GUIDJEL,MEZLOUG,OULED SABOR,SETIF"
19-02,ALEM AIN KEBIRA,19,,,36.36629,5.49982,exact,anem,anem,ALEM,1902,Cité Administrative - Ain Kébira,(036) 596 - 571,(036) 596 - 468,alem.ainkebira@anem.dz,SMARA ADEL,"AIN EL KEBIRA,AIN SEBT,AMOUCHA,BABOR,BENI AZIZ,DEHAMCHA,MAAOUIA,OUED EL BARED,OULED ADDOUANE,SERDJ EL GHOUL,TIZI NBECHAR"
19-03,ALEM BOUGAA,19,,,36.33354,5.09119,exact,anem,anem,ALEM,1903,Rue Chinoun Mohamed - Centre culturel -Bougaa,(036) 400 - 401,(036) 400 - 416,alem.bougaa@anem.dz,GHERBI AZOUZ,"AIN LAGRADJ,AIN ROUA,AIT TIZI,BENI CHEBANA,BENI HOCINE,BENI MOUHLI,BENI OUARTILANE,BOUANDAS,BOUGAA,BOUSSELAM,DRAA KEBILA,GUENZET TASSAMEURT,HAMMAM GUERGOUR,HARBIL,MAOUKLANE,MZADA,TALA IFACENE"
19-04,ALEM EL EULMA,19,,,36.15012,5.70201,exact,anem,anem,ALEM,1904,Cité 500 Logts – Tour 07 Thabet Bouzid – El Eulma,(036) 479 - 235,(036) 479 - 407,alem.eleulma@anem.dz,SEDKA FAROUK,"BAZER SAKRA,BEIDHA BORDJ,BELLAA,BIR EL ARCH,DJEMILA,EL EULMA,EL OUELDJA,GUELTA ZERGA,HAMMAM SKHOUNA,TACHOUDA,TAYA,TELLA"
19-05,ALEM AIN AZEL,19,,,35.81596,5.5081,exact,anem,anem,ALEM,1905,Cité lotissement 188 Logements – Ain Azel,(036) 554 - 386,(036) 554 - 659,alem.ainazel@anem.dz,BELHOUT FOUDIL,"AIN AZAL,AIN LAHDJAR,BOUTALEB,HAMMA"
19-06,ALEM AIN OULMANE,19,,,35.92631,5.2911,exact,anem,anem,ALEM,1906,Cité Administrative ex siège de la Daïra - Ain Oulméne,(036) 564 - 380,(036) 564 - 380,alem.ainoulmane@anem.dz,DIAFAT RIADH,"AIN OULMANE,BIR HADDADA,GUELLAL,KSAR EL ABTAL,OULED SIDI AHMED,OULED TEBBEN,ROSFA,SALAH BEY"
20-01,ALEM SAIDA,20,,,34.84,0.15,approximate,anem,anem,ALEM,2001,Cité freres seddik  rue boumedienne doumi saida,(048) 429 - 012,,alem.saida@anem.dz,KHELIFA KADDA,"AIN SOLTANE,DOUI THABET,OULED BRAHIM,OULED KHALED,SAIDA,TIRCINE,YOUB"
20-02,ALEM AIN EL HADJAR,20,,,34.75946,0.1457,exact,anem,anem,ALEM,2002,Rue des Locaux commerciaux Ain El Hadjar,(048) 401-311,(048) 401-311,alem.ainelhadjar@anem.dz,AMEUR MOHAMED ZINE,"AIN EL HADJAR,MOULAY LARBI,SIDI AHMED"
20-03,ALEM SIDI BOUBEKEUR,20,,,35.03,0.05,approximate,anem,anem,ALEM,2003,"06, Rue Fidah Taieb -  Sidi Boubekeur",(048) 504 - 834,(048) 314 - 734,alem.sidiboubekeur@anem.dz,ADEL ABDELKADER,"HOUNET,SIDI AMAR,SIDI BOUBEKEUR"
20-04,ALEM HASSASNA,20,,,34.83,0.14,approximate,anem,anem,ALEM,2004,Rue Emir Abdelkader - Hassasna,(048) 311-118,(048) 311 - 129,alem.hassasna@anem.dz,GOUACEM BENAISSA,"AIN SKHOUNA,EL HASSASNA,MAAMORA"
21-01,ALEM SKIKDA,21,,,36.86544,6.90051,exact,anem,anem,ALEM,2101,cité 492 logts pole administratif houari boumedine skikda,(038) 747 - 223,(038) 747 - 223,alem.skikda@anem.dz,NAKHOUL OUALID,"AIN ZOUIT,BENI BACHIR,BOUCHTATA,EL HADAIEK,FIL FILA,HAMADI KROUMA,RAMDANE DJAMEL,SKIKDA"
21-02,ALEM AZZABA,21,,,36.74484,7.11179,exact,anem,anem,ALEM,2102,Rue du 1er Novembre 1954 - Azzaba,(038) 969 - 620,,alem.azzaba@anem.dz,DJENDLI MERBOUHA,"AIN CHERCHAR,AZZABA,BEKKOUCHE LAKHDAR,BEN AZZOUZ,DJENDEL SAADI MOHAMED,EL GHEDIR,EL MARSA,ES SEBT"
21-03,ALEM COLLO,21,,,37.00118,6.55414,exact,anem,anem,ALEM,2103,"cite 12/44 logts - DIDOUCHE Mourad, bt 02 – COLLO",(038) 909 - 401,(038) 909 - 401,alem.collo@anem.dz,RAMMACHE MOURAD,"BENI ZID,CHERAIA,COLLO,KANOUA,KERKERA,KHENG MAYOUM,OUED ZHOUR,OULED ATTIA,ZITOUNA"
21-04,ALEM EL HARROUCH,21,,,36.6566,6.83537,exact,anem,anem,ALEM,2104,Rue Bachir Boukadoum Cité 130 logts – El Harrouch,(038) 980 - 115,(038) 980 - 115,alem.elharrouch@anem.dz,BENARBIA HOCINE,"AIN BOUZIANE,BENI OULBANE,EL HARROUCH,EMDJEZ EDCHICH,OULED HEBABA,SALAH BOUCHAOUR,SIDI MEZGHICHE,ZERDEZAS"
21-05,ALEM TAMALOUS,21,,,36.87256,6.63241,exact,anem,anem,ALEM,2105,Groupement du service technique de la Daira de Tamalous,038 937-453,(038) 937 - 453,alem.tamalous@anem.dz,MESBAH NADIA,"AIN KECHRA,BIN EL OUIDEN,OULDJA BOULBELLOUT,OUM TOUB,TAMALOUS"
22-01,ALEM SIDI BEL ABBES,22,,,35.20867,-0.61696,exact,anem,anem,ALEM,2201,CPR – Sidi BelAbbés,(048) 714 - 212,(048) 714 - 212,alem.sidibelabbes@anem.dz,BENHAMADI SOFIANE,"AIN EL BERD,AIN THRID,AMARNAS,HASSI DAHO,MAKEDRA,SEHALA THAOURA,SIDI BEL ABBES,SIDI BRAHIM,SIDI HAMADOUCHE,SIDI KHALED,SIDI LAHCENE,SIDI YACOUB,TENIRA,TESSALA,ZEROUALA"
22-02,ALEM BEN BADIS,22,,,34.95141,-0.91334,exact,anem,anem,ALEM,2202,Cité Aissat Idir – Ben Badis,(048) 739 - 975,(048) 739 - 973,alem.benbadis@anem.dz,KHERADJI YOUCEF,"AIN KADA,BEDRABINE EL MOKRANI,BEN BADIS,BOUKANEFIS,CHETOUANE BELAILA,HASSI ZAHANA,LAMTAR,SIDI ALI BENYOUB,SIDI ALI BOUSSIDI,SIDI DAHO,TABIA"
22-03,ALEM SFISEF,22,,,35.23606,-0.23445,exact,anem,anem,ALEM,2203,cité chahid nouariben abdellah- Sfisef,(048) 795 - 853,(048) 795 - 851,alem.sfisef@anem.dz,KHADEM TARIK,"AIN ADDEN,BELARBI,BOUDJEBAA EL BORDJ,MCID,MOSTEFA BEN BRAHIM,OUED SEFIOUN,SFISEF,TILMOUNI"
22-04,ALEM TELAGH,22,,,34.78667,-0.56792,exact,anem,anem,ALEM,2204,cite chahid nasri bekharradj telagh,(048) 787 - 142,(048) 787 - 143,alem.telagh@anem.dz,HAKMI ABDELKADER,"AIN TINDAMINE,BENACHIBA CHELIA,BIR EL HMAM,DHAYA,EL HACAIBA,MARHOUM,MERINE,MEZAOUROU,MOULAY SLISSEN,OUED SBAA,OUED TAOURIRA,RAS EL MA,REDJEM DEMMOUCHE,SIDI CHAIB,TAFISSOUR,TAOUDMOUT,TEGHALIMET,TELAGH"
23-01,ALEM ANNABA,23,,,36.90236,7.75519,exact,anem,anem,ALEM,2301,"07, Rue Necib Arifa - Annaba",(038) 866 - 738 /405 - 827,(038) 405-631,alem.annaba@anem.dz,MESSAOUDI Née OUANDADJI Fatiha,ANNABA
23-02,ALEM ANNABA 2,23,,,36.88183,7.71471,exact,anem,anem,ALEM,2302,Cité Sidi Achour AADL  bloc w 41 Annaba,(038) 478 - 893,(038) 478 - 864,alem.annaba2@anem.dz,NASRI EL HOCINE,"ANNABA,SERAIDI"
23-03,ALEM EL BOUNI,23,,,36.85305,7.74532,exact,anem,anem,ALEM,2303,Cité des 850 logts n°64 RDC - El Bouni,(038) 525 - 889,(038) 569 - 493,alem.elbouni@anem.dz,BOUZERNA RAOUF,EL BOUNI
23-04,ALEM EL HADJAR,23,,,36.80122,7.73297,exact,anem,anem,ALEM,2304,Cité du 20 Aout 1956 BT 43 et 44  El Hadjar,(038) 893 - 476 /815 - 830,(038) 891 - 282,alem.elhadjar@anem.dz,DAHDOUH KARIMA,"AIN BERDA,CHEURFA,EL HADJAR,EULMA,SIDI AMER"
23-05,ALEM BERRAHAL,23,,,36.83662,7.4526,exact,anem,anem,ALEM,2305,Cité Bahloul Abdelmadjid - Bérrahal,(038) 878 - 111,(038) 457 - 143,alem.berrahal@anem.dz,DEHANE MOHAMMED CHERIF,"BERRAHEL,CHETAIBI,OUED EL ANEB,TREAT"
24-01,ALEM GUELMA,24,,,36.47305,7.4251,exact,anem,anem,ALEM,2401,Rue Medjadli Hocine - Guelma,(037) 144 - 038,(037) 144 - 206,alem.guelma@anem.dz,AMAIRIA TAYEB,"AIN LARBI,BELKHEIR,BENDJERRAH,BOUATI MAHMOUD,BOUMAHRA AHMED,DJEBALLAH KHEMISSI,EL FEDJOUDJ,GUELAAT BOUSBAA,GUELMA,HAMMAM DEBAGH,HELIOPOLIS,HOUARI BOUMEDIENE,KHEZARA,MEDJEZ AMAR,NECHMAYA,ROKNIA"
24-02,ALEM BOUCHEGOUF,24,,,36.47044,7.72835,exact,anem,anem,ALEM,2402,Cité 61 logts - Bouchegouf,(037) 126 - 197,(037) 126 - 197,alem.bouchegouf@anem.dz,BENHAMIDA WASSILA,"AIN BEN BEIDA,BOUCHEGOUF,MEDJEZ SFA,OUED FRAGHA"
24-03,ALEM OUED ZENATI,24,,,36.32007,7.16845,exact,anem,anem,ALEM,2403,Cité Ahmed Bouchama - Oued Zénati,(037) 188 - 228,(037) 188 - 228,alem.ouedzenati@anem.dz,MERIDI ABDELKRIM,"AIN MAKHLOUF,AIN REGGADA,BORDJ SABATH,BOUHAMDANE,OUED ZENATI,RAS EL AGBA,SELIAOUA ANNOUNA,TAMLOUKA"
24-04,ALEM HAMMAM N'BAIL,24,,,36.32444,7.64057,exact,anem,anem,ALEM,2404,Rue de l’ALN - Hammam N’Bail,(037) 221 - 205,(037) 221 - 205,alem.hammamnbail@anem.dz,NAFAA Kheireddine,"AIN SANDEL,BENI MEZLINE,BOUHACHANA,DAHOUARA,HAMMAM NBAIL,OUED CHEHAM"
25-01,ALEM CONSTANTINE,25,,,36.33662,6.59031,exact,anem,anem,ALEM,2501,siege de l  apc du 05 juillet 1962  constantine,(031) 616 - 726,(031) 616 - 726,alem.constantine@anem.dz,ABED MAHIEDDINE,"AIN SMARA,CONSTANTINE"
25-02,ALEM EL KHROUB,25,,,36.26191,6.70282,exact,anem,anem,ALEM,2502,Cité 1660 logts -  Ex siège ORVE – El Khroub,(031) 761 - 356,(031) 761 - 307,alem.elkhroub@anem.dz,MEHDIOUI SALAH,"EL KHROUB,OULED RAHMOUN"
25-03,ALEM HAMMA BOUZIANE,25,,,36.42704,6.6032,exact,anem,anem,ALEM,2503,Siège de la Daïra - Hamma Bouziane,(031) 841 - 414,(031) 841 - 214,alem.hammabouziane@anem.dz,HAGUIB AZIZ,"DIDOUCHE MOURAD,HAMMA BOUZIANE,IBN ZIAD,MESAOUD BOUDJERIOU"
25-04,ALEM SIDI MABROUK,25,,,36.35778,6.63898,exact,anem,anem,ALEM,2504,siège de l’APC de Diksi – Sidi Mabrouk,(031) 732 - 344,(031) 732 - 340,alem.sidimabrouk@anem.dz,DRICI LYNDA,CONSTANTINE
25-05,ALEM ALI MENDJELI,25,,,36.25797,6.57986,exact,anem,anem,ALEM,2505,Cité Administrative – Ali Mendjeli,(031)  780 - 500,(031) 780 - 839,alem.alimendjeli@anem.dz,BOULKRINAT CHOAAYB,EL KHROUB
25-06,ALEM ZIGHOUT YOUCEF,25,,,36.53853,6.71697,exact,anem,anem,ALEM,2506,Cité Bouderssa Allaoua- Bt CNEP Zighoud Youcef,(031)  910 - 052,(031) 917 - 254,alem.zighoutyoucef@anem.dz,BELBEHRI Mohamed,"BENI HAMIDENE,ZIGHOUD YOUCEF"
25-07,ALEM AIN ABID,25,,,36.229,6.94666,exact,anem,anem,ALEM,2507,Centre culturel  Ali Tebib - Ain Abid,(031) 817 - 462,(031) 817 - 846,alem.ainabid@anem.dz,ZERROUK SOREYA,"AIN ABID,BEN BADIS"
26-01,ALEM MEDEA,26,,,36.26062,2.75469,exact,anem,anem,ALEM,2601,Quartier Ain Kebir - MEDEA,(025) 593 - 737,(025) 593 - 779,alem.medea@anem.dz,DENIDNI FARES,"BEN CHICAO,BOUAICHOUNE,DRAA ESSMAR,EL HAMDANIA,HANNACHA,MEDEA,OUAMRI,OUED HARBIL,OULED BOUACHRA,OUZERA,SI MAHDJOUB,TAMESGUIDA,TIZI MAHDI"
26-02,ALEM KSAR EL BOUKHARI,26,,,35.88379,2.74946,exact,anem,anem,ALEM,,Boulevard Mohamed Khemisti – Ksar El Boukhari,(025) 692 - 296,(025) 692 - 217,alem.ksarelboukhari@anem.dz,HATTABI MENOUAR,"KSAR EL BOUKHARI,OULED ANTAR,OULED HALLAL,OUM ELDJLIL, BOUGHARA,SANEG,M’FATHA,MOUDJBER,DERRAG,AZIZ"
26-03,ALEM BERROUAGHIA,26,,,36.13294,2.91577,exact,anem,anem,ALEM,,Cité 483 Bâtiment 408 N° 01- Berrouaghia,(025) 776 - 521,(025) 776 - 471,alem.berrouaghia@anem.dz,BEN ROKIA MOUSSA,"BERROUAGHIA,OUED DIED,REBIAA,SEGHOUANE,ZOUBIRIA,TLET DOUAIR,OMARIA,OULED BRAHIM,BAATA,SIDI NAAMANE"
26-04,ALEM TABLAT,26,,,36.41208,3.30971,exact,anem,anem,ALEM,,Rue Sellali Ali et ses fils - Tablât,(025) 711 - 783,(025) 711 - 758,alem.tablat@anem.dz,NOUARI HAMID,"TABLAT,MEZGHENA,DEUX BASSINS,AISSAOUIA,AZZIZIA,MIHOUB,MEGHRAOUA"
26-05,ALEM BOUGHEZOUL,26,,,35.70472,2.84233,exact,anem,anem,ALEM,,Carrefour quatre chemins - ex siège APC - Boughezoul,(025) 705 - 010,(025) 705 - 130,alem.boughezoul@anem.dz,MEGAGUE MAAMAR,"BOUGHEZOUL,CHAHBOUNIA,BOUAICHE"
26-06,ALEM BENI SLIMANE,26,,,36.23132,3.30667,exact,anem,anem,ALEM,,Hai Zitoune –Centre ville –Béni Slimanee,(025) 715 - 397,(025) 715 - 396,alem.benslimane@anem.dz,ABDENBI REBIHA,"BENI SLIMANE,BOUCHRAHIL,SIDI ERRABIE,SOUAGUI,DJOUAB,BOUSKENE ,KHEMS DJOUAMAA,GUELB EL KEBIR,SEDRAIA,BIR BEN ABED"
26-07,ALEM CHELLALET LAADHAOURA,26,,,35.93795,3.42916,exact,anem,anem,ALEM,,Nouveau pole urbain – Chellalet Laadhaoura,(040) 560 - 160,(025) 752 - 115,alem.chellaletlaadhaoura@anem.dz,ZOUAOUCHA MUSTAPHA,"CHELLALET LAADHAOURA,AIN OUKSIR,CHENIGUEL,TAFRAOUT,SIDI ZAHAR,SIDI ZIANE"
26-08,ALEM AIN BOUCIF,26,,,35.8876,3.14205,exact,anem,anem,ALEM,2608,Nouveau pole urbain“ centre  ville “  Ain Boucif,(025) 550 - 638,(025) 550 - 464,alem.ainboucif@anem.dz,BENMERADI HACÈNE,"AIN BOUCIF,EL AOUINET,KEF LAKHDAR,OULED MAAREF,SIDI DAMED"
27-01,ALEM MOSTAGANEM,27,,,35.93454,0.08727,exact,anem,anem,ALEM,2701,11 avenue Cherik Said - Mostaganem,(045) 427 - 055,(045) 427 - 556,alem.mostaganem@anem.dz,CHOUGRANI SEGHIR,MOSTAGANEM
27-02,ALEM AIN TADLES,27,,,35.99858,0.29387,exact,anem,anem,ALEM,2702,"Rue Chaouache Abdelkader, Ain Tedles",(045) 486 - 090,(045) 486 - 001,alem.aintadles@anem.dz,GUESMIA EL HADJ,"AIN BOUDINAR,AIN SIDI CHERIF,AIN TEDLES,BOUGUIRAT,KHEIR EDDINE,MANSOURAH,MESRA,OUED EL KHEIR,SAFSAF,SAYADA,SIDI BELATTAR,SIRAT,SOUAFLIA,SOUR,TOUAHRIA"
27-03,ALEM SIDI ALI,27,,,36.09887,0.41755,exact,anem,anem,ALEM,2703,"43, Rue de la PALESTINE – Sidi Ali",(045) 451 - 146,,alem.sidiali@anem.dz,LOUAER MOHAMMED SADEK,"ABDELMALEK RAMDANE,ACHAACHA,HADJADJ,KHADRA,NEKMARIA,OULED BOUGHALEM,OULED MAALAH,SIDI ALI,SIDI LAKHDAR,TAZGAIT"
27-04,ALEM MAZAGHRAN,27,,,35.89939,0.07239,exact,anem,anem,ALEM,2704,Route des Oliviers - Mazagran,(045) 375 - 185,(045) 375 - 576,alem.mazagran@anem.dz,ABBANI FATIHA,"AIN NOUISSI,EL HESSIANE,FORNAKA,HASSI MAAMECHE,MEZAGHRANE,STIDIA"
28-01,ALEM M'SILA,28,,,35.71289,4.53408,exact,anem,anem,ALEM,2801,Route de Ichbilia en face de la Cité 600 logts - M’sila,(035) 345 - 417,(035) 345 - 417,alem.msila@anem.dz,CHETOUANE MADANI,"AIN KHADRA,BELAIBA,BERHOUM,CHELLAL,DEHAHNA,KHETTOUTI SED EL DJIR,MAADID,MAARIF,MAGRA,MSILA,MTARFA,OULED ADDI GUEBALA,OULED DERRADJ,OULED MADHI,OULED MANSOUR,SOUMAA"
28-02,ALEM BOUSSAADA,28,,,35.20663,4.17141,exact,anem,anem,ALEM,2802,Ancienne route de Djelfa – Bou Saada,(035) 430 - 727,(035) 430 - 727,alem.bousaada@anem.dz,LAGHOUATI IBRAHIM,"BEN SROUR,BENZOUH,BOUSAADA,EL HAMEL,EL HOUAMED,KHOUBANA,MCIF,MEDJEDEL,MENAA,MOHAMED BOUDIAF,OULED SIDI BRAHIM,OULED SLIMANE,OULTENE,SIDI AMEUR,TAMSA,ZERZOUR"
28-03,ALEM SIDI AISSA,28,,,35.88234,3.78354,exact,anem,anem,ALEM,2803,Cité colonel Lotfi – Sidi Aissa,(035) 407 - 755,(035) 407 - 755,alem.sidiaissa@anem.dz,KHEBAL DJELLOUL,"AIN EL HADJEL,BENI ILMENE,BOUTI SAYEH,SIDI AISSA,SIDI HADJERES"
28-04,ALEM HAMMAM DELAA,28,,,35.9246,4.37899,exact,anem,anem,ALEM,2804,"Cité 50 Logt ,1ére partie, centre ville – H. Dhalaa",(035) 377 - 177,(035) 377 - 277,alem.hammamdelaa@anem.dz,SLAMANI ABDELGHANI,"HAMMAM DHALAA,OUENOUGHA,TARMOUNT"
28-05,ALEM AIN EL MELH,28,,,34.85362,4.15839,exact,anem,anem,ALEM,2805,Ex Bibliothéque Municipale – Cité 100 Logts – A.El Melh,(035) 479 - 212,(035) 589 - 615,alem.ainelmelh@anem.dz,BOUNIF KHALIL,"AIN EL MELH,AIN ERRICH,AIN FARES,BIR FODDA,DJEBEL MESSAAD,SIDI MHAMED,SLIM"
29-01,ALEM MASCARA,29,,,35.3986,0.13939,exact,anem,anem,ALEM,2901,Avenue Bahloul Beldjillali“ Mascara,(045) 721-954,(045) 721-954,alem.mascara@anem.dz,BENHACENE ABDELKRIM,"AIN FARES,EL KEURT,EL MAMOUNIA,FROHA,MASCARA,TIZI"
29-02,ALEM MOHAMMADIA,29,,,35.5891,0.06755,exact,anem,anem,ALEM,2902,"15, Rue Pasteur - Mohammadia",(045) 947 - 644,(045) 947 - 645,alem.mohammadia@anem.dz,ABDELI FODIL,"EL GHOMRI,FERRAGUIG,MOCTADOUZ,MOHAMMADIA,SEDJERARA,SIDI ABDELMOUMENE"
29-03,ALEM SIG,29,,,35.52814,-0.19077,exact,anem,anem,ALEM,2903,Rue Zighoud Youcef - Sig,(045) 649 - 397,(045) 649 - 396,alem.sig@anem.dz,DJEBBAR ABBES,"ALAIMIA,BOUHENNI,CHORFA,EL GAADA,OGGAZ,RAS EL AIN AMIROUCHE,SIG,ZAHANA"
29-04,ALEM TIGHENNIF,29,,,35.41618,0.32598,exact,anem,anem,ALEM,2904,Rue Didouche Moumen - Tighenif,(045) 987 - 151,(045) 971 - 652,alem.tighenif@anem.dz,ELASSA KHALED,"AIN FERAH,EL BORDJ,EL HACHEM,EL MENAOUER,KHALOUIA,NESMOTH,OUED EL ABTAL,SEHAILIA,SIDI ABDELDJABAR,SIDI KADA,TIGHENNIF,ZELMATA"
29-05,ALEM GHRISS,29,,,35.25034,0.16018,exact,anem,anem,ALEM,2905,Cité dardara locaux commerciaux ghriss,(045) 749 - 340,(045) 749 - 365,alem.ghris@anem.dz,SI CHAIB KADA,"AOUF,BENIAN,GHARROUS,GHRISS,GUERDJOUM,MAKDA,MAOUSSA,MATMORE,OUED TAGHIA,SIDI BOUSSAID"
29-06,ALEM BOUHANIFIA,29,,,35.3128,-0.05113,exact,anem,anem,ALEM,2906,Cité benzouina dardara locaux commerciaux Bouhnifia,(045) 768 - 092,(045) 767 - 777,alem.bouhnifia@anem.dz,ABBAS FETHALLAH,"AIN FEKAN,AIN FRASS,BOUHANIFIA,EL GUEITNA,HACINE"
30-01,ALEM OUARGLA 1,30,,,31.95144,5.32145,exact,anem,anem,ALEM,3001,Sidi Abdelkader – Ouargla,(029) 713 - 249,(Non renseigné),alem.ouargla1@anem.dz,MESSAOUDI MOHAMED,OUARGLA
30-02,ALEM ROUISSAT,30,,,31.92761,5.34888,exact,anem,anem,ALEM,3003,Cité Sidi Ennaimi – Rouisset - Ouargla,(029) 645 - 163,(029) 728 - 327,alem.rouisset@anem.dz,ASSEUM YOUCEF,ROUISSAT
30-03,ALEM SIDI KHOUILED,30,,,31.97864,5.41824,exact,anem,anem,ALEM,3004,Cité du 16 avril  - Sidi Khouiled - Ouargla,(029) 721 - 466,(Non renseigné),alem.sidikhouiled@anem.dz,BEN DOB MOHAMMED,"AIN BEIDA,HASSI BEN ABDELLAH,SIDI KHOUILED"
30-04,ALEM HASSI MESSAOUD,30,,,31.71117,6.05546,exact,anem,anem,ALEM,3005,A coté de l’Inspection du Travail -  Hassi Messaoud,(029) 750 - 999,(029) 797 - 599,alem.hassimessaoud@anem.dz,BOUZIANE OTMANE,HASSI MESSAOUD
30-05,ALEM OUARGLA 2,30,,,31.95299,5.31687,exact,anem,anem,ALEM,3009,El Mekhadma - Ouargla,(029) 712 - 080,(029) 718 - 020,alem.ouargla2@anem.dz,BEN SEDGA YOUCEF,OUARGLA
30-06,ALEM N'GOUSSA,30,,,32.1416,5.31059,exact,anem,anem,ALEM,3011,Siege de l’APC - N’Goussa,(029) 723 - 241,(029) 724 - 124,alem.ngoussa@anem.dz,ABAZ REDOUANE,NGOUSSA
30-07,ALEM EL BOURMA,30,,,31.66,9.18,approximate,anem,anem,ALEM,3013,Centre ville - El Borma,(029) 753 - 112,(Non renseigné),alem.elborma@anem.dz,KOUICI MAMAR,EL BORMA
31-01,ALEM ORAN,31,,,35.71372,-0.61378,exact,anem,anem,ALEM,3101,01 Rue Djellat Habib Es- Seddikia -Oran,(041) 590 - 507,(041) 590 - 506,alem.oran@anem.dz,BATOUCHE BENYAHIA,"AIN KERMA,BOUTLELIS,MISSERGHIN,ORAN"
31-02,ALEM ORAN SUD,31,,,35.70554,-0.57549,exact,anem,anem,ALEM,3102,10 Bd ADDA BENAOUDA- plateaux oran,(041) 400 - 919,(041) 402 - 837,alem.oransud@anem.dz,NEKROUF KARIMA,ORAN
31-03,ALEM OUED TLELAT,31,,,35.55,-0.45,approximate,anem,anem,ALEM,3103,Rue Zitouni Ahmed â Oued Tlelat,(041) 184 - 444,(041) 184 - 343,alem.ouedtlelat@anem.dz,BENCHEIKH Zoubida,"BOUFATIS,EL BRAYA,OUED TLELAT,TAFRAOUI"
31-04,ALEM BETHIOUA,31,,,35.67854,-0.08324,exact,anem,anem,ALEM,3104,Rue Sidi AMAR - Béthioua,(041) 769 - 401,(041) 769 - 835,alem.bethioua@anem.dz,KATLIOUI MOHAMMED SALAH EDDINE NOUFEL,"AIN BIYA,BEN FREHA,BETHIOUA,MARSAT EL HADJADJ"
31-05,ALEM ARZEW,31,,,35.86,-0.31,approximate,anem,anem,ALEM,3105,Citi les Pins - Rue du stade - Arzew,(041) 771 - 447,(041) 772 - 011,alem.arzew@anem.dz,ZAOUI FETHI,"ARZEW,GDYEL,HASSI MEFSOUKH,SIDI BEN YABKA"
31-06,ALEM AIN TURK,31,,,35.76,-0.8,approximate,anem,anem,ALEM,3106,Bd Khassani Mohamed Cap Falcon – A. El Turck,(041) 105 - 218,(041) 105 - 277,alem.ainturk@anem.dz,SAHNOUNE ABDELHAMID,"AIN TURK,BOUSFER,EL ANCOR,MERS EL KEBIR"
31-07,ALEM BIR EL DJIR,31,,,35.73,-0.58,approximate,anem,anem,ALEM,3107,"42, Haï Khemisti – Bir El Djir",(041) 739-466,(041) 739 - 389,alem.bireldjir@anem.dz,MEKIDECHE SAMIHA,"BIR EL DJIR,HASSI BEN OKBA,HASSI BOUNIF"
31-08,ALEM ORAN OUEST,31,,,35.71431,-0.61283,exact,anem,anem,ALEM,3108,01 Rue Djellat Habib Es- Seddikia -Oran,(041) 590 - 452,(041) 590 - 452,alem.oranouest@anem.dz,MECHIKI BOUKHALFA,ORAN
31-09,ALEM ES SENIA,31,,,35.65,-0.62,approximate,anem,anem,ALEM,3109,Rue Bahi Amar - Es Sénia,(041) 554 - 335,(041) 554 - 338,alem.essenia@anem.dz,MOHAMED Fatma,"EL KARMA,ES SENIA,SIDI CHAMI"
32-01,ALEM EL BAYADH,32,,,33.66855,1.03423,exact,anem,anem,ALEM,3201,Nouvelle ville Administrative  route d’Aflou -  El Bayadh,(049) 604 - 905,(049) 604 - 905,alem.elbayadh@anem.dz,BELKHIRI NASSIRA,"CHEGUIG,EL BAYADH,KEF EL AHMAR,ROGASSA"
32-02,ALEM BOUGTOB,32,,,34.03956,0.08703,exact,anem,anem,ALEM,3202,"03, Boulevard des Martyrs – Bougtob",(049) 623 - 217,(049) 623 - 211,alem.bougtob@anem.dz,AMARI ABDESSAMAD KAMAL,"BOUGTOUB,EL KHEITHER,TOUSMOULINE"
32-03,ALEM LABIADH SID CHIKH,32,,,32.89808,0.54628,exact,anem,anem,ALEM,3203,Cité Khaloufi Mohamed – Labiod Sidi Cheikh,(049) 636 - 245,(049) 636 - 250,alem.labiadhsidichikh@anem.dz,AISSAOUI Mohamed,"AIN EL ORAK,ARBAOUAT,BOUSSEMGHOUN,CHELLALA,EL ABIODH SIDI CHEIKH,EL BNOUD,EL MEHARA"
32-04,ALEM BOUALEM,32,,,33.73235,1.53443,exact,anem,anem,ALEM,3204,Cité En Nasr - Boualem,(049) 654 - 190,(049) 654 - 282,alem.boualem@anem.dz,KABAR MOHAMED EL AMIN,"HADJ MECHRI BOUALEM,SIDI AMEUR,SIDI SLIMANE,SIDI TIFOUR,STITTEN"
32-05,ALEM BREZINA,32,,,33.10274,1.27502,exact,anem,anem,ALEM,3205,Cité Khalef - Brezina,(049) 621 - 074,(049) 621 - 048,alem.brezina@anem.dz,BELMEBROUK Mohamed,"BREZINA,GHASSOUL,KRAKDA"
33-01,ALEM ILLIZI,33,,,26.50945,8.47228,exact,anem,anem,ALEM,3301,Cité de la nouvelle ville - Illizi,(029) 404 - 039,(029) 404 - 038,alem.illizi@anem.dz,BLALI  SLIMANE,ILLIZI
33-02,ALEM IN AMENAS,33,,,28.03961,9.57562,exact,anem,anem,ALEM,3302,Centre ville - In amenas,(029) 459 - 754,(029) 459 - 756,alem.inamenas@anem.dz,DJOUDI ALI,IN AMENAS
33-03,ALEM Debdeb,33,,,29.98713,9.43869,exact,anem,anem,ALEM,3302,Nouvelle Zone Urbaine - DEBDEB,(029) 467 - 342,(029) 467 - 342,alem.debdeb@anem.dz,DOU Saleh,DEBDEB
33-04,ALEM BORDJ OMAR IDRIS,33,,,28.14319,6.81413,exact,anem,anem,ALEM,3303,La Nouvelle zone Urbaine - Bordj Omar Idriss,(029) 460 - 247,(029) 460 - 246,alem.bordjomaridris@anem.dz,BOUDA Mohamed Djaafar,BORDJ OMAR DRISS
33-05,ALEM MANSOURAH,33,,,36.08177,4.46193,exact,anem,anem,ALEM,,Cité Bouamrane - Mansourah,(035) 850 - 282,(035) 850 - 281,alem.mansourah13@anem.dz,DELLAL YOUCEF,"BEN DAOUD,EL ACHIR,EL MHIR,HARAZA,KSOUR,MANSOURA,OULED SIDI BRAHIM"
33-06,ALEM BORDJ GHEDIR,33,,,35.90194,4.8984,exact,anem,anem,ALEM,3404,Ancien siège de la  Daïra - Bordj Ghedir,(035) 861 - 539,(035) 861 - 537,alem.bordjghdir@anem.dz,CHERRAD SOFIANE,"BELIMOUR,BORDJ GHDIR,EL ANSEUR,GHILASSA,TAGLAIT"
34-01,ALEM BORDJ BOU ARRERIDJ,34,,,36.07456,4.76275,exact,anem,anem,ALEM,,Rue Mebarkia Ismail - Bordj Bou Arreridj,(035) 748 - 455,(035) 748 - 455,alem.bba@anem.dz,BOUCHOU ALAEDDINE,"BORDJ BOU ARRERIDJ,BORDJ ZEMOURA,COLLA,DJAAFRA,EL EUCH,EL HAMMADIA,EL MAIN,HASNAOUA,MEDJANA,OULED DAHMANE,RABTA,TAFREG,TESMART,THENIET EL ANSEUR"
34-02,ALEM RAS EL OUED,34,,,35.94486,5.032,exact,anem,anem,ALEM,3402,Rue du 1er  novembre -  Ras El - Oued,(035) 841 - 422,(035) 841 - 165,alem.raseloued@anem.dz,DEGHIMA BADREDDINE,"AIN TAGHROUT,AIN TASSERA,BIR KASDALI,KHELIL,OULED BRAHEM,RAS EL OUED,SIDI EMBAREK,TIXTER"
35-01,ALEM BOUMERDES,35,,,36.7578,3.47542,exact,anem,anem,ALEM,3501,"Cité Ibn Khaldoune, 1200 Lgts - Boumerdés",(024) 793 - 927,(024) 793 - 927,alem.boumerdes@anem.dz,LAADJ BOUALEM,"BOUDOUAOU EL BAHRI,BOUDOUAOU,BOUMERDES,BOUZEGZA KEDDARA,CORSO,EL KHARROUBA,OULED HADJADJ,TIDJELABINE"
35-02,ALEM BORDJ MENAIEL,35,,,36.7504,3.71894,exact,anem,anem,ALEM,3502,rue khettab amar bordjmenail,024787454,,alem.bordjmenail@anem.dz,TAHARI MADANI,"BORDJ MENAIEL,DJINET,LAGHATA,NACIRIA,OULED AISSA,ZEMMOURI"
35-03,ALEM DELLYS,35,,,36.89837,3.90901,exact,anem,anem,ALEM,3503,Cité 200 logts BT N°11 – nouvelle ville -Déllys,(024) 981 - 216,,alem.dellys@anem.dz,DJEMIL RACHID,"AFIR,BAGHLIA,BEN CHOUD,DELLYS,SIDI DAOUD,TAOURGA"
35-04,ALEM THENIA,35,,,36.53259,3.68591,exact,anem,anem,ALEM,3504,Rue Debaghi Messaoud - Thénia,(024) 963 - 039,,alem.thenia@anem.dz,BENYAHIA DJAMILA,"AMMAL,BENI AMRANE,CHABET EL AMEUR,ISSER,SI MUSTAPHA,SOUK EL HAD,THENIA,TIMEZRIT"
35-05,ALEM KHEMIS EL KHECHENA,35,,,,,,,anem,ALEM,3505,"Cité 140 logts  bt ""G"" local N 05-06-07-08-09 OULED MOUSSA",(024) 930 - 422,(024) 930 - 422,ND,TAHARI EL MADANI,"HAMMEDI,KHEMIS EL KHECHNA,LARBATACHE,OULED MOUSSA"
36-01,ALEM EL TARF,36,,,36.76335,8.31095,exact,anem,anem,ALEM,3601,Cité 80 Logts – El Tarf,(038) 302 - 642,(038) 302 - 642,alem.taref@anem.dz,SAHTOUT NADIR,"AIN EL ASSEL,BOUGOUS,El-TARF,ZITOUNA"
36-02,ALEM BEN M'HIDI,36,,,36.77194,7.90528,exact,anem,anem,ALEM,3602,Cité Administrative H. Boumediene - Ben M'hidi,(038) 342 - 684,(038) 342 - 490,alem.benmhidi@anem.dz,GHOUDELBOURK MOHAMED ZINE,"BEN MHIDI,ECHATT"
36-03,ALEM DREAN,36,,,36.68505,7.75207,exact,anem,anem,ALEM,3603,Cité Administrative -1er Novembre 1954 - Dréan,(038) 380 - 376,(038) 380 - 376,alem.drean@anem.dz,BERREDJEM REDOUANE,"CHBAITA MOKHTAR,CHIHANI,DREAN"
36-04,ALEM EL KALA,36,,,36.89694,8.44295,exact,anem,anem,ALEM,3604,Cité FERNANA - EL KALA,(038) 361 - 862,(038) 361 - 862,alem.elkala@anem.dz,DAGHRI ZINE,"EL AIOUN,EL KALA,RAML SOUK,SOUAREKH"
36-05,ALEM BOUTELDJA,36,,,36.78844,8.19783,exact,anem,anem,ALEM,3605,Cité Administrative – Rue Khellil Belgacem Bouteldja,(038) 338 - 186,(038) 338 - 186,alem.bouteldja@anem.dz,TOUAHRI EL HADJ,"BERRIHANE,BOUTELDJA,CHEFIA,LAC DES OISEAUX"
36-06,ALEM BOUHADJAR,36,,,36.50415,8.10848,exact,anem,anem,ALEM,3606,Cité Khemissi Mebarek- Rue du 04 Décembre 1955- Bouhadjar,(038) 327 - 753,,alem.bouhadjar@anem.dz,TACHOUCHE MOHAMED,"AIN KERMA,BOUHADJAR,HAMMAM BENI SALAH,OUED ZITOUN"
36-07,ALEM BESBES,36,,,36.70703,7.84702,exact,anem,anem,ALEM,3607,Rue Zighout Youcef (Cité Ghaza) - Besbes,(038) 395 - 300,(038) 395 - 300,alem.besbes@anem.dz,GAROUI SAMI,"ASFOUR,BESBES,ZERIZER"
37-01,ALEM TINDOUF,37,,,27.67161,-8.13476,exact,anem,anem,ALEM,3701,CITE EL MOUSTAQBAL 109 - TINDOUF,(049) 383 - 445,(049) 384 - 224,alem.tindouf@anem.dz,BENGHOCHI MAKHLOUF,TINDOUF
37-02,ALEM OUM LAASSEL,37,,,28.61595,-6.97971,exact,anem,anem,ALEM,3702,Cité Haidas Bachri - Oum Laassel,(049) 390- 390,(Non renseigné),alem.oumlaassel@anem.dz,HAMIDA SIDAHMED,OUM EL ASSEL
38-01,ALEM TISSEMSILT,38,,,35.59956,1.81105,exact,anem,anem,ALEM,3801,Cité des 300 Logts – Plateau - Tissemsilt,(046) 569 - 145,(046) 569 - 156,alem.tissemsilt@anem.dz,OGAB MOHAMED,"AMMARI,KHEMISTI,LARDJEM,MAACEM,MELAAB,OULED BESSEM,SIDI ABED,SIDI LANTRI,TISSEMSILT"
38-02,ALEM THENIET EL HAD,38,,,35.87118,2.02439,exact,anem,anem,ALEM,3802,Route d’Alger en face de la Cité 162 logts -T.E Had,(046) 584 - 329,(046) 584 - 308,alem.theneitelhad@anem.dz,MOULOUDI Med Abdellah,"BORDJ EL EMIR ABDELKADER,LAYOUNE,SIDI BOUTOUCHENT,THENIET EL HAD,YOUSSOUFIA"
38-03,ALEM BORDJ BOU NAAMA,38,,,35.85081,1.61888,exact,anem,anem,ALEM,3803,Cité Fatmi Boulenouar – Bordj Bou Naama,(046) 503 - 365,(046) 503 - 367,alem.bordjbounaama@anem.dz,MEKDOUR ABDELKARIM,"BENI CHAIB,BENI LAHCENE,BORDJ BOUNAAMA,BOUCAID,LARBAA,LAZHARIA,SIDI SLIMANE,TAMALAHT"
39-01,ALEM EL OUED,39,,,33.39757,6.8754,exact,anem,anem,ALEM,3901,CITE ADMINISTRATIF 08 MAI 1945 EL OUED,(032) 122 - 193,(032) 122 - 194,alem.eloued@anem.dz,SACI ABDENNOUR,"BAYADHA,EL OGLA,EL OUED,KOUININE,MIH OUENSA,NAKHLA,OUED EL ALENDA,ROBBAH,TRIFAOU"
39-02,ALEM GUEMAR,39,,,33.49077,6.79998,exact,anem,anem,ALEM,3903,Porte Ouest  - Guemar,(032) 236 - 291,(032) 236 - 290,alem.guemar@anem.dz,BOUDJELKHA FAYCAL,"GUEMAR,HAMRAIA,OURMES,REGUIBA,TAGHZOUT"
39-03,ALEM DEBILA,39,,,33.50552,6.93882,exact,anem,anem,ALEM,3904,CITE EL WIFAK DEBILA,(032) 269 - 519,(032) 269 - 564,alem.debila@anem.dz,ALLOUACHE HANANE,"BENI GUECHA,DEBILA,DOUAR EL MA,HASSANI ABDELKRIM,HASSI KHELIFA,MAGRANE,SIDI AOUN,TALEB LARBI"
40-01,ALEM KHENCHELA,40,,,35.43004,7.13927,exact,anem,anem,ALEM,4001,Nouvelle ville - Khenchela,(032) 729 - 088,(032) 729 - 089,alem.khenchla@anem.dz,HEMIDI AHMED,"BAGHAI,EL HAMMA,EL MAHMAL,ENSIGHA,KHENCHELA,MTOUSSA,TAMZA"
40-02,ALEM KAIS,40,,,35.49349,6.93182,exact,anem,anem,ALEM,4002,Cité du 08 mai 1945 - Kais,(032) 773 - 333,(032) 773 - 344,alem.kais@anem.dz,RAHMOUNE CHAWKI,"BOUHMAMA,CHELIA,KAIS,MSARA,REMILA,TAOUZIANAT,YABOUS"
40-03,ALEM CHECHAR,40,,,35.03948,7.00475,exact,anem,anem,ALEM,4003,"Place 1er Novembre , Chechar",(032) 353 - 162,(032) 353 - 162,alem.chechar@anem.dz,BOUMAARAF ABDERRAHMAN,"CHERCHAR,DJELLAL,EL OUELDJA,KHIRANE"
40-04,ALEM OULED RECHACHE,40,,,35.29762,7.34566,exact,anem,anem,ALEM,4004,Rue de l’indépendance - Ouled Rechache,(032) 785 - 252,(032) 785 - 249,alem.ouledrechach@anem.dz,BOUTOBBA ABDELMALEK,"AIN TOUILA,OULED RECHACHE"
40-05,ALEM BABAR,40,,,35.16497,7.10576,exact,anem,anem,ALEM,4005,rue sahraoui el rebiai,(032) 752 - 190,(032) 752 - 190,alem.babar@anem.dz,AKROUM ADEL,BABAR
41-01,ALEM SOUK AHRAS,41,,,36.2822,7.93852,exact,anem,anem,ALEM,4101,Route Nationale 16 – Souk Ahras,(037) 731 - 099,(037) 731 - 099,alem.soukahras@anem.dz,BOUCHEMAL YASSINE,"AIN ZANA,OULED DRISS,SOUK-AHRAS,ZAAROURIA"
41-02,ALEM SEDRATA,41,,,36.141,7.52985,exact,anem,anem,ALEM,4102,Cité 200 / 1500 Lgt - Sedrata,(037) 774 - 217,(037) 774 - 217,alem.sedrata@anem.dz,BOUCHAFI SALIM,"AIN SOLTANE,BIR BOU HAOUCH,KHEMISSA,SAFEL EL OUIDEN,SEDRATA,ZOUABI"
41-03,ALEM M'DAOUROUCH,41,,,36.07756,7.81783,exact,anem,anem,ALEM,4103,Cité Mohamed Khemisti - M’Daourouch,(037) 835 - 254,(037) 835 - 254,alem.mdaourouch@anem.dz,HADJADJ MOUNIR,"DREA,MDAOUROUCHE,RAGGOUBA,TIFFECH"
41-04,ALEM TAOURA,41,,,36.16707,8.04073,exact,anem,anem,ALEM,4104,Rue des PTT ex école Seddour Bouziane - Taoura,(037) 781 - 467,(037) 781 - 467,alem.taoura@anem.dz,AZZOUZI TAHAR,"HADDADA,KHEDARA,MERAHNA,OULED MOUMEN,QUILLEN,SIDI FREDJ,TAOURA"
41-05,ALEM MECHROUHA,41,,,36.35943,7.83521,exact,anem,anem,ALEM,4105,cité 01 novembre - mechroha,(037)  856 - 468,(037)  856 - 468,alem.machrouha@anem.dz,MAHAYAS MOHAMMED LAKHDAR,"HANANCHA,MECHROHA"
41-06,aLEM OUM EL ADHAIM,41,,,,,,,anem,ALEM,4106,cité zemzoum brahim,037 833 156,037 833 156,alem.OUMELADHAIM@anem.dz,RIANI Saida,"OUED KEBERIT,OUM EL ADHAIM,TERRAGUELT"
42-01,ALEM TIPAZA,42,,,36.58737,2.45032,exact,anem,anem,ALEM,4201,Cité des 20 logements  Marché couvert - Tipaza,(024) 370 - 073,(024) 370 - 074,alem.tipaza@anem.dz,BRAHITI ABDELKADER,"NADOR,SIDI RACHED,TIPAZA"
42-02,ALEM HADJOUT,42,,,36.50265,2.41862,exact,anem,anem,ALEM,4202,Cité 354 logts Bt C3 route de Meurad - Hadjout,(024) 543 - 357,,alem.hadjout@anem.dz,BERREGOUBA ADLENE,"AHMER EL AIN,BOURKIKA,HADJOUT,MENACEUR,MEURAD,SIDI AMAR"
42-03,ALEM CHERCHELL,42,,,36.60764,2.18964,exact,anem,anem,ALEM,4203,"Rue Ben Difelah , cherchell",(024) 349 - 086,(024) 349 - 086,alem.cherchel@anem.dz,MESSAOUDI KADA,"AGHBAL,BENI MILLEUK,CHERCHEL,DAMOUS,GOURAYA,HADJERET ENNOUS,LARHAT,MESSELMOUN,SIDI GHILES,SIDI SEMIANE"
42-04,ALEM BOUSMAIL,42,,,36.64104,2.68871,exact,anem,anem,ALEM,4204,Rue Emir Abdelkader - Bou Ismail,(024) 322 - 093,(024) 322 - 093,alem.bouismail@anem.dz,BOUDJEMA FAROUK,"AIN TAGOURAIT,BOU ISMAIL,BOUHAROUN,KHEMISTI"
42-05,ALEM KOLEA,42,,,36.65233,2.76444,exact,anem,anem,ALEM,4205,Cité 500 logements - FADES Kerkouba - Koléa,(024) 388 - 402,,alem.kolea@anem.dz,SAIDANI MOHAMED,"CHAIBA,DOUAOUDA,FOUKA,HATTATBA,KOLEA"
43-01,ALEM MILA,43,,,36.43791,6.25669,exact,anem,anem,ALEM,4301,Cité du 08 Mai 1945 - Mila,(031) 479 - 751,(031) 479 - 750,alem.mila@anem.dz,TOLHI ABLA,"AHMED RACHDI,AIN TINE,AMIRA ARRES,CHIGARA,GRAREM GOUGA,HAMALA,MILA,OUED ENDJA,SIDI KHELIFA,SIDI MEROUANE,TASSALA LEMTAI,TERRAI BEINEN,ZEGHAIA"
43-02,ALEM FERDJIOUA,43,,,36.40779,5.94583,exact,anem,anem,ALEM,4302,Cité du vieux marché - Ferdjioua,(031)495 - 394,,alem.ferdjioua@anem.dz,KIHEL ABBOUD,"AIN BEIDA HARRICHE,BOUHATEM,DERRADJI BOUSSELAH,EL AYADI BARBES,FERDJIOUA,MINAR ZARZA,ROUACHED,TASSADANE HADDADA,TIBERGUENT,YAHIA BENI GUECHA"
43-03,ALEM CHELGHOUM LAID,43,,,36.1679,6.16715,exact,anem,anem,ALEM,4303,Rue DIDOUCHE Mourad - Chelghoum Laid,(031) 412 - 212,(031) 412 - 599,alem.chelghoumlaid@anem.dz,MECHITOUA DJAMEL,"AIN MELLOUK,CHELGHOUM LAID,EL MCHIRA,OUED ATHMANIA,OUED SEGUEN,TELAGHMA"
43-04,ALEM TADJENANET,43,,,36.12235,5.98412,exact,anem,anem,ALEM,4304,Cité du 08 Mai 1945 - Tadjenanet,(031) 533 - 229,(031) 533 - 229,alem.tadjenat@anem.dz,REDJIMI Ali,"BENYAHIA ABDERRAHMANE,OULED KHELLOUF,TADJENANET"
44-01,ALEM AIN DEFLA,44,,,36.26231,1.95125,exact,anem,anem,ALEM,4401,Cité des 300logts Med Boudiaf – Ain Défla,(027) 505 - 250,(Non renseigné),alem.aindefla@anem.dz,HAMOUM MEHDI,"AIN-DEFLA,ARIB,BATHIA,BELAAS,BOURACHED,DJELIDA,DJEMAA OULED CHEIKH,EL AMRA,EL HASSANIA,MEKHATRIA"
44-02,ALEM EL ATTAF,44,,,36.22286,1.67429,exact,anem,anem,ALEM,4402,Cité ptt el attaf,(027) 621 - 537,(027) 621 - 537,alem.elattaf@anem.dz,KADI BESKRI,"AIN BOUYAHIA,EL ABBADIA,EL ATTAF,EL MAYENE,ROUINA,TACHTA ZEGARRA,TIBERKANINE,ZEDDINE"
44-03,ALEM KHEMIS MILIANA,44,,,36.26136,2.21934,exact,anem,anem,ALEM,4403,Chaihi Abdelkader-Ex Siege de la Daïra -Khemis Miliana,(027) 562 - 507,(027) 562 - 506,alem.khemismeliana@anem.dz,ABDELMOUTALEB AMINE,"AIN LECHIAKH,AIN SOLTANE,BARBOUCHE,BIR OULED KHELIFA,BORDJ EMIR KHALED,DJENDEL,KHEMIS MILIANA,OUED CHORFA,OUED DJEMAA,SIDI LAKHDAR,TARIK IBN ZIAD"
44-04,ALEM MILIANA,44,,,36.30645,2.22786,exact,anem,anem,ALEM,4404,Rue Bel Abbes NABI - Miliana,(027) 640 - 958,,alem.miliana@anem.dz,MAOUCHE FATMA,"AIN TORKI,BEN ALLAL,MILIANA"
44-05,ALEM HAMMAM RIGHA,44,,,36.38061,2.39998,exact,anem,anem,ALEM,4405,Boulevard du 1er Novembre – Hammam Righa,(027) 543 - 420,(027) 543 - 422,alem.hammamrigha@anem.dz,ZOUGGAR KHALED,"AIN BENIAN,BOUMEDFAA,EL HOCEINIA,HAMMAM RIGHA"
45-01,ALEM NAAMA,45,,,33.27126,-0.31704,exact,anem,anem,ALEM,4501,Cité Evolutive - Naama,(049) 598 - 241,(049) 598 - 240,alem.naama@anem.dz,MESSAOUDI ABDELKADER,"ASLA,NAAMA"
45-02,ALEM AIN SEFRA,45,,,32.75505,-0.58302,exact,anem,anem,ALEM,4502,Rue Chelali Mohamed – Cité 05 Juillet  - Ain Séfra,(049) 765 - 253,(049) 762 - 223/ 567 - 637,alem.ainsafra@anem.dz,CHABANE FATIMA IMANE,"AIN SEFRA,DJENIEN BOUREZG,MOGHRAR,SFISSIFA,TIOUT"
45-03,ALEM MECHERIA,45,,,33.54793,-0.28034,exact,anem,anem,ALEM,4503,Rue Ben Mostefa Tahar  - Mécheria,(049) 775 - 134,(049) 775 - 028/ 575 - 358,(Non renseigné),BACHIRIO  KHALED,"AIN BEN KHELIL,EL BIOD,MECHRIA"
45-04,ALEM MAKMEN BENAMMAR,45,,,32.26,-0.38,approximate,anem,anem,ALEM,4504,Centre ville - Makmen Ben Amar,(049) 783 - 216,(049) 583 - 211,(Non renseigné),CHAFAA BELAID Abdelghani,"KASDIR,MEKMEN BEN AMAR"
46-01,ALEM AIN TEMOUCHENT,46,,,35.29861,-1.14791,exact,anem,anem,ALEM,4601,RUE MAACHOU MOHAMED ex casap ain temouchent,(043) 775 - 464,(043) 775 - 465,,HORCH Bilal,"AGHLAL,AIN KIHEL,AIN TOLBA,AIN-TEMOUCHENT,OUGBELLIL,SIDI BEN ADDA"
46-02,ALEM BENI SAF,46,,,35.29775,-1.3828,exact,anem,anem,ALEM,4602,Cité  Sonatiba - Galerie Plan 2 – Béni Saf,(043) 695 - 165,(043) 695 - 769,alem.benisaf@anem.dz,KHARFANE MEHDI,"BENI SAF,EL EMIR ABDELKADER,OULHACA GHERRABA,SIDI OURIACHE,SIDI SAFI"
46-03,ALEM EL MALAH,46,,,35.3891,-1.09748,exact,anem,anem,ALEM,4603,Cité Administrative – El Maleh,(043) 658 - 233,(043) 750 - 633,alem.elmalah@anem.dz,BELHIA HAYATE,"CHAABET EL HAM,EL MALAH,OULED KIHAL,TERGA"
46-04,ALEM HAMMAM BOUHADJAR,46,,,35.376,-0.9684,exact,anem,anem,ALEM,4604,"286, Cité Mezouar Mohamed – H. Bouhadjar",(043) 739 - 083,(043) 739 - 289,alem.hammambouhdjar@anem.dz,MOULEBHAR MOKHTARIA,"AIN EL ARBAA,CHENTOUF,HAMMAM BOUHADJAR,HASSASNA,OUED BERKECHE,OUED SEBBAH,SIDI BOUMEDIENE,TAMZOUGHA"
46-05,ALEM EL AMRIA,46,,,35.52516,-1.01485,exact,anem,anem,ALEM,4605,Rue Hammou Boutrig Bouamour – El Amria,(043) 760 - 888,(043) 761 - 401,alem.elamria@anem.dz,MEKERNEF DJAMEL,"BOUZEDJAR,EL AMRIA,EL MSAID,HASSI EL GHELLA,OULED BOUDJEMAA"
47-01,ALEM GHARDAIA,47,,,32.51053,3.67947,exact,anem,anem,ALEM,4701,Cité Bouhraoua Haut – Ghardaïa,(029) 259 - 306,(029) 259 - 306,alem.ghardaia@anem.dz,ABDESSELAM FETHI,"BOUNOURA,DHAYET BENDAHOUA,EL ATTEUF,GHARDAIA"
47-02,ALEM METLILI,47,,,32.26752,3.63091,exact,anem,anem,ALEM,,RUE AMIR ABDELKADER - METLILI,(029) 292 - 614,(029) 292 - 663,alem.metlili@anem.dz,MEZZI HAMZA,"METLILI,SEBSEB,MANSOURA"
47-03,ALEM GUERRARA,47,,,32.78927,4.49028,exact,anem,anem,ALEM,4704,Place des Martyrs - Guérrara,(029) 261 - 947,(029) 261 - 170,alem.guerrara@anem.dz,HAMIDOUDJANA ABDALLAH,EL GUERRARA
47-04,ALEM ZELFANA,47,,,32.39175,4.22657,exact,anem,anem,ALEM,4705,Cité Nacer – N° 108 - Zelfana,(029)264 - 731,(029)264 - 732,alem.zelfana@anem.dz,TAIFOUR LARBI,ZELFANA
47-05,ALEM BERRIANE,47,,,32.82584,3.76442,exact,anem,anem,ALEM,4706,Route Nationale N° 01 (Deriere la DAIRA),(029) 245 - 990,(029) 246 - 567,alem.berriane@anem.dz,OUAMEUR ALI MOHAMMED MOUNSIF,BERRIANE
48-01,ALEM RELIZANE,48,,,35.72448,0.55965,exact,anem,anem,ALEM,4801,"Rue,  Sidi M’hamed Benaouda - Relizane",(046) 728 - 771,(046) 728 - 771,alem.relizane@anem.dz,BOUFADENE DJAMEL EDDINE,"AIN RAHMA,BELAASSEL BOUZEGZA,BENDAOUD,BENI DERGOUN,DAR BEN ABDELLAH,EL MATMAR,KALAA,MENDES,OUED EL DJEMAA,OUED ESSALEM,RELIZANE,SIDI KHETTAB,SIDI LAZREG,SIDI MHAMED BENAOUDA,SIDI SAADA,YELLEL,ZEMMOURA"
48-02,ALEM AMMI MOUSSA,48,,,35.87041,1.10858,exact,anem,anem,ALEM,4802,"Rue,  Commandant SI Ali – Ammi Moussa",(046) 841 - 057,(046) 841 - 342,alem.ammimoussa@anem.dz,LARBI FATMA,"AIN TAREK,AMMI MOUSSA,EL HASSI,EL OUELDJA,HAD CHEKKALA,LAHLEF,OULED YAICH,RAMKA,SOUK EL HAD"
48-03,ALEM MAZOUNA,48,,,36.12585,0.88027,exact,anem,anem,ALEM,4803,Cité Administrative local N°22 - Mazouna,(046) 947 - 826,(046) 947 - 840,alem.mazouna@anem.dz,NOURINE MAMMAR LARBI,"BENI ZENTIS,EL GUETTAR,MAZOUNA,MEDIOUNA,SIDI MHAMED BEN ALI"
48-04,ALEM OUED R'HIOU,48,,,35.95803,0.90238,exact,anem,anem,ALEM,4804,Rue Boudalia Hassani – Oued R’hiou,(046) 774 - 104,(046) 774 - 103,alem.ouedrhiou@anem.dz,SIALI LYES,"DJIDIOUIA,EL HAMRI,EL HMADNA,MERDJET SIDI ABED,OUARIZANE,OUED RHIOU,OULED SIDI MIHOUB"
49-01,ALEM TIMIMOUN,49,,,29.26715,0.2396,exact,anem,anem,ALEM,0103,Route de Massine - Timimoun,(049) 900 - 550,(049) 901 - 421,alem.timimoun@anem.dz,ZOUBIR MOHAMED,"CHAROUINE,KSAR KADDOUR,OULED AISSA,OULED SAID,TALMINE,TIMIMOUN,TINERKOUK"
49-02,ALEM AOUGROUT,49,,,28.70225,0.34094,exact,anem,anem,ALEM,0107,Aougrout centre,(049) 908 - 199,,alem.aougrout@anem.dz,BIHI MESSAOUD,"AOUGROUT,DELDOUL,METARFA"
50-01,ALEM BORDJ BADJI MOKHTAR,50,,,21.33043,0.95487,exact,anem,anem,ALEM,0105,Centre Administratif – Bordj Badji Mokhtar,(049) 329 - 703,(049) 329 - 708,alem.bordjbadjimokhtar@anem.dz,LAROUSSI SIDALAMINE,"BORDJ BADJI MOKHTAR,TIMIAOUINE"
51-01,ALEM OULED DJELLAL,51,,,34.42673,5.06277,exact,anem,anem,ALEM,0702,Rue Larbi BEN M'HIDI - Ouled Djellal,(033) 663 - 294,(033) 663 - 298,(Non renseigné),ND,"BESBES,DOUCEN,ECH CHAIBA,OULED DJELLAL,RAS EL MIAAD,SIDI KHALED"
52-01,ALEM BENI ABBES,52,,,30.13321,-2.16887,exact,anem,anem,ALEM,0805,Rue Hamel Dahmane – Béni Abbés,(049) 285 - 696,(049) 285 - 697,alem.benabbes@anem.dz,MANSOURI RACHID,"BENI ABBES,BENI IKHLEF,EL OUATA,KERZAZ,KSABI,OULED KHOUDIR,TAMERT,TIMMOUDI,IGLI"
53-01,ALEM IN SALAH,53,,,27.19962,2.47956,exact,anem,anem,ALEM,5302,Ex siège du tribunal – In Salah,(029) 361 - 897,(029) 364 - 840/ 365 - 863,alem.ainsalah@anem.dz,ZEGZEG AICHA,"FOUGGARAT EZ ZOUAIA,IN GHAR,IN SALAH"
54-01,ALEM IN GUEZZAM,54,,,19.56506,5.77252,exact,anem,anem,ALEM,1103,Centre ville In Guezzam,(029) 354 - 506,(029) 354 - 506,alem.inguezzam@anem.dz,AGARI MOHAMED,IN GUEZZAM
54-02,ALEM TIN ZOUATINE,54,,,19.95333,2.96266,exact,anem,anem,ALEM,1104,Centre ville Tin Zaouatine,(029) 357 - 505,(029) 357 - 505,alem.tinzaouatine@anem.dz,BALAOU BOUDJEMAA,TIN ZAOUATINE
55-01,ALEM EL HADJIRA,55,,,32.61702,5.51251,exact,anem,anem,ALEM,3006,Place de l’APC – El Hadjira,(029) 612 - 408,(029) 612 - 408,alem.elhadjira@anem.dz,KECHERA BELKACEM,"EL ALLIA,EL HADJIRA"
55-02,ALEM TOUGGOURT,55,,,33.10848,6.07601,exact,anem,anem,ALEM,3002,Boulevard Mohamed Khemisti -  Touggourt,(029) 674 - 009,(029) 682 - 761,alem.touggourt@anem.dz,ABID KHALED,"NEZLA,TEBESBEST,TOUGGOURT,ZAOUIA EL ABIDIA"
55-03,ALEM TAIBET,55,,,33.08523,6.39727,exact,anem,anem,ALEM,3007,Cité du marché  - Taibet,(029) 621 - 006,(029) 611 - 106,alem.taibet@anem.dz,TOUAL MOHAMED,"BENACEUR,MNAGUER,TAIBET"
55-04,ALEM TEMACINE,55,,,33.00866,6.00716,exact,anem,anem,ALEM,3008,Centre – ville - Timassine,(029) 633 - 737,(029) 635 - 566,alem.timacine@anem.dz,LEBSSISSE NEZHA,"BALIDAT AMEUR,TAMACINE"
55-05,ALEM MEGARINE,55,,,33.19201,6.08997,exact,anem,anem,ALEM,3010,Centre – ville en face de l’APC -  Megarine,(029) 688 - 105,(029) 688 - 832,alem.megarine@anem.dz,BENSAADI KARIM,"MEGARINE,SIDI SLIMANE"
56-01,ALEM DJANET,56,,,24.47759,9.51197,exact,anem,anem,ALEM,3304,Cité Ifri - Djanet,(029) 480 - 008,(029) 480 - 012,alem.djanet@anem.dz,ABDOUALI AHMED,"DJANET,BORDJ EL HAOUEES"
57-01,ALEM EL MEGHAIER,57,,,33.94949,5.92079,exact,anem,anem,ALEM,3902,Cite El- Moudjahidine- El Meghaier,(032) 194 - 151,(032) 194 - 152,alem.elmeghaier@anem.dz,TOUMI EL-AID,"EL MGHAIR,OUM TIOUR,SIDI KHELLIL,STILL"
57-02,ALEM DJAMAA,57,,,33.53258,5.98935,exact,anem,anem,ALEM,3905,Centre ville - Djamaa,(032) 156 - 260,(032) 156 - 261,alem.djamaa@anem.dz,BEN ATALLAH MOHAMMED SAID,"DJAMAA,MRARA,SIDI AMRANE,TENDLA"
58-01,ALEM EL MENEA,58,,,30.58845,2.88749,exact,anem,anem,ALEM,,Boulevard colonel Amirouche – El Ménéa,(029) 212 - 959,(029) 212 - 940,alem.elmenea@anem.dz,DJEBIRI OMAR,"GOLEA,HASSI EL GARAA,HASSI LEFHAL"
