id,name,operateur,role,nature,nature_label_fr,nature_label_ar,wilaya,wilaya_ar,wilaya_code,commune,commune_code,lat,lng,source,geo_precision,slug
02-dm-01,EURL CHELICOMP,EURL CHELICOMP,fabricant,dm,Fabricant de dispositifs médicaux,مصنّع أجهزة طبية,Chlef,الشلف,2,Chlef,201,36.1647,1.3317,mip+2023,commune_centroid,eurl-chelicomp
02-pp-01,EURL RIADH PHARM,EURL RIADH PHARM,fabricant,pp,Fabricant de produits pharmaceutiques,مصنّع منتجات صيدلانية,Chlef,الشلف,2,Chlef,201,36.1647,1.3317,mip+research,commune_centroid,eurl-riadh-pharm
02-pp-02,SARL GROUPE SANTE,SARL GROUPE SANTE,fabricant,pp,Fabricant de produits pharmaceutiques,مصنّع منتجات صيدلانية,Chlef,الشلف,2,Chlef,201,36.1647,1.3317,mip+2023,commune_centroid,sarl-groupe-sante
02-pp-03,SPA D-B-F,SPA D-B-F,fabricant,pp,Fabricant de produits pharmaceutiques,مصنّع منتجات صيدلانية,Chlef,الشلف,2,Oued Sly,221,36.1,1.2,mip+research,commune_centroid,spa-d-b-f
03-pp-01,EURL CALGAZ ALGERIE,EURL CALGAZ ALGERIE,fabricant,pp,Fabricant de produits pharmaceutiques,مصنّع منتجات صيدلانية,Laghouat,الأغواط,3,Laghouat,301,33.8,2.875,mip+2023,commune_centroid,eurl-calgaz-algerie
04-dm-01,SARL BIOMEST,SARL BIOMEST,fabricant,dm,Fabricant de dispositifs médicaux,مصنّع أجهزة طبية,Oum El Bouaghi,أم البواقي,4,Oum El Bouaghi,401,35.8706,7.117,mip+2023,commune_centroid,sarl-biomest
04-dm-02,SPA IMGSA GROUPE INDUSTRIE PHARMACEUTIQUE,SPA IMGSA GROUPE INDUSTRIE PHARMACEUTIQUE,fabricant,dm,Fabricant de dispositifs médicaux,مصنّع أجهزة طبية,Oum El Bouaghi,أم البواقي,4,Ain M'lila,403,36.03823,6.57318,mip+research,commune_centroid,spa-imgsa-groupe-industrie-pharmaceutique
04-pp-01,SARL DEMOCEDES PHARMA ALGERIE,SARL DEMOCEDES PHARMA ALGERIE,fabricant,pp,Fabricant de produits pharmaceutiques,مصنّع منتجات صيدلانية,Oum El Bouaghi,أم البواقي,4,Ain M'lila,403,36.03823,6.57318,mip+research,commune_centroid,sarl-democedes-pharma-algerie
04-pp-02,SPA IMGSA GROUPE INDUSTRIE PHARMACEUTIQUE,SPA IMGSA GROUPE INDUSTRIE PHARMACEUTIQUE,fabricant,pp,Fabricant de produits pharmaceutiques,مصنّع منتجات صيدلانية,Oum El Bouaghi,أم البواقي,4,Ain M'lila,403,36.03823,6.57318,mip+research,commune_centroid,spa-imgsa-groupe-industrie-pharmaceutique
05-dm-01,SARL CHARK PHARM PRODUCTION DE MEDICAMENTS,SARL CHARK PHARM PRODUCTION DE MEDICAMENTS,fabricant,dm,Fabricant de dispositifs médicaux,مصنّع أجهزة طبية,Batna,باتنة,5,Ain Yagout,522,35.7746,6.41644,mip+research,commune_centroid,sarl-chark-pharm-production-de-medicaments
05-pp-01,SARL LABORATOIRES BIOTECHNOLOGIE PHARMACEUTIQUE,SARL LABORATOIRES BIOTECHNOLOGIE PHARMACEUTIQUE,fabricant,pp,Fabricant de produits pharmaceutiques,مصنّع منتجات صيدلانية,Batna,باتنة,5,,,35.55597,6.1741447,mip+research,wilaya_centroid,sarl-laboratoires-biotechnologie-pharmaceutique
07-dm-01,EURL USINE OASIS DES ZIBANS DE PRODUCTION PHARMACEUTIQUE ET COUTURE ET TEXTILE,EURL USINE OASIS DES ZIBANS DE PRODUCTION PHARMACEUTIQUE ET COUTURE ET TEXTILE,fabricant,dm,Fabricant de dispositifs médicaux,مصنّع أجهزة طبية,Biskra,بسكرة,7,,,34.8,5.7510475,mip+research,wilaya_centroid,eurl-usine-oasis-des-zibans-de-production-pharmaceutique-et-couture-et-textile
09-dm-01,SARL COPERDIS INDUSTRIE,SARL COPERDIS INDUSTRIE,fabricant,dm,Fabricant de dispositifs médicaux,مصنّع أجهزة طبية,Blida,البليدة,9,Beni-Tamou,919,36.536389,2.8161,mip+research,commune_centroid,sarl-coperdis-industrie
09-dm-02,SARL EXPENSIMED,SARL EXPENSIMED,fabricant,dm,Fabricant de dispositifs médicaux,مصنّع أجهزة طبية,Blida,البليدة,9,Blida,901,36.47004,2.8319,mip+2023,commune_centroid,sarl-expensimed
09-pp-01,SARL LABIOCO,SARL LABIOCO,fabricant,pp,Fabricant de produits pharmaceutiques,مصنّع منتجات صيدلانية,Blida,البليدة,9,Blida,901,36.47004,2.8319,mip+2023,commune_centroid,sarl-labioco
09-pp-02,SARL PHARMA SPHERE,SARL PHARMA SPHERE,fabricant,pp,Fabricant de produits pharmaceutiques,مصنّع منتجات صيدلانية,Blida,البليدة,9,Blida,901,36.47004,2.8319,mip+2023,commune_centroid,sarl-pharma-sphere
09-pp-03,SPA ALDAPH BOUFARIK,SPA ALDAPH BOUFARIK,fabricant,pp,Fabricant de produits pharmaceutiques,مصنّع منتجات صيدلانية,Blida,البليدة,9,Boufarik,916,36.57413,2.9108333,mip,commune_centroid,spa-aldaph-boufarik
10-dm-01,SARL DIAGNOPHARM,SARL DIAGNOPHARM,fabricant,dm,Fabricant de dispositifs médicaux,مصنّع أجهزة طبية,Bouira,البويرة,10,Bouira,1001,36.37763,3.8962348,mip+2023,commune_centroid,sarl-diagnopharm
10-pp-01,SARL CHIMIE PHARMACIE COMMERCE MULTIPLES CPCM,SARL CHIMIE PHARMACIE COMMERCE MULTIPLES CPCM,fabricant,pp,Fabricant de produits pharmaceutiques,مصنّع منتجات صيدلانية,Bouira,البويرة,10,Bouira,1001,36.37763,3.8962348,mip+2023,commune_centroid,sarl-chimie-pharmacie-commerce-multiples-cpcm
10-pp-02,SARL MAGPHARM BOUIRA,SARL MAGPHARM BOUIRA,fabricant,pp,Fabricant de produits pharmaceutiques,مصنّع منتجات صيدلانية,Bouira,البويرة,10,Bouira,1001,36.37763,3.8962348,mip,commune_centroid,sarl-magpharm-bouira
10-pp-03,SARL ROSASPHARMA,SARL ROSASPHARMA,fabricant,pp,Fabricant de produits pharmaceutiques,مصنّع منتجات صيدلانية,Bouira,البويرة,10,Oued El Berdi,1045,36.2638925,3.9266502,mip+research,commune_centroid,sarl-rosaspharma
10-pp-04,SPA BIOPHARM BOUIRA,SPA BIOPHARM BOUIRA,fabricant,pp,Fabricant de produits pharmaceutiques,مصنّع منتجات صيدلانية,Bouira,البويرة,10,Bouira,1001,36.37763,3.8962348,mip,commune_centroid,spa-biopharm-bouira
12-pp-01,SARL ESCENCIA PHARM IMPORT EXPORT,SARL ESCENCIA PHARM IMPORT EXPORT,fabricant,pp,Fabricant de produits pharmaceutiques,مصنّع منتجات صيدلانية,Tébessa,تبسة,12,Tebessa,1201,35.405556,8.12417,mip+research,commune_centroid,sarl-escencia-pharm-import-export
13-dm-01,SARL PROMEDAL ZONE 1,SARL PROMEDAL ZONE 1,fabricant,dm,Fabricant de dispositifs médicaux,مصنّع أجهزة طبية,Tlemcen,تلمسان,13,Tlemcen,1301,34.882777,-1.316667,mip+2023,commune_centroid,sarl-promedal-zone-1
13-dm-02,SARL PROMEDAL ZONE 2 ET 3,SARL PROMEDAL ZONE 2 ET 3,fabricant,dm,Fabricant de dispositifs médicaux,مصنّع أجهزة طبية,Tlemcen,تلمسان,13,Tlemcen,1301,34.882777,-1.316667,mip+2023,commune_centroid,sarl-promedal-zone-2-et-3
13-pp-01,SARL BENJECT PHARMA,SARL BENJECT PHARMA,fabricant,pp,Fabricant de produits pharmaceutiques,مصنّع منتجات صيدلانية,Tlemcen,تلمسان,13,Tlemcen,1301,34.882777,-1.316667,mip+research,commune_centroid,sarl-benject-pharma
15-dm-01,EURL CHERIFI BIO PLUS,EURL CHERIFI BIO PLUS,fabricant,dm,Fabricant de dispositifs médicaux,مصنّع أجهزة طبية,Tizi Ouzou,تيزي وزو,15,Tizi-Ouzou,1501,36.733333,4.05,mip+research,commune_centroid,eurl-cherifi-bio-plus
15-dm-02,SARL ENTREPRISE DAHMANE HASSENE,SARL ENTREPRISE DAHMANE HASSENE,fabricant,dm,Fabricant de dispositifs médicaux,مصنّع أجهزة طبية,Tizi Ouzou,تيزي وزو,15,Tizi-Rached,1522,36.6799518,4.2087286,mip+research,commune_centroid,sarl-entreprise-dahmane-hassene
15-dm-03,SARL VICRALYS,SARL VICRALYS,fabricant,dm,Fabricant de dispositifs médicaux,مصنّع أجهزة طبية,Tizi Ouzou,تيزي وزو,15,Tizi-Ouzou,1501,36.733333,4.05,mip+research,commune_centroid,sarl-vicralys
15-dm-04,SPA CYTOLAB,SPA CYTOLAB,fabricant,dm,Fabricant de dispositifs médicaux,مصنّع أجهزة طبية,Tizi Ouzou,تيزي وزو,15,Tizi-Ouzou,1501,36.733333,4.05,mip+2023,commune_centroid,spa-cytolab
15-dm-05,SPA DIMED,SPA DIMED,fabricant,dm,Fabricant de dispositifs médicaux,مصنّع أجهزة طبية,Tizi Ouzou,تيزي وزو,15,Tizi-Ouzou,1501,36.733333,4.05,mip+2023,commune_centroid,spa-dimed
15-dm-06,SPA SUTURAL,SPA SUTURAL,fabricant,dm,Fabricant de dispositifs médicaux,مصنّع أجهزة طبية,Tizi Ouzou,تيزي وزو,15,Tizi-Ouzou,1501,36.733333,4.05,mip+2023,commune_centroid,spa-sutural
15-pp-01,SPA ALDAPH TIZI OUZOU,SPA ALDAPH TIZI OUZOU,fabricant,pp,Fabricant de produits pharmaceutiques,مصنّع منتجات صيدلانية,Tizi Ouzou,تيزي وزو,15,Tizi-Ouzou,1501,36.733333,4.05,mip,commune_centroid,spa-aldaph-tizi-ouzou
15-pp-02,SPA CYTOLAB,SPA CYTOLAB,fabricant,pp,Fabricant de produits pharmaceutiques,مصنّع منتجات صيدلانية,Tizi Ouzou,تيزي وزو,15,Tizi-Ouzou,1501,36.733333,4.05,mip+2023,commune_centroid,spa-cytolab
16-dm-01,EURL BIHOSPIC,EURL BIHOSPIC,fabricant,dm,Fabricant de dispositifs médicaux,مصنّع أجهزة طبية,Alger,الجزائر,16,,,36.73011172807016,3.0732760652982463,mip+2023,wilaya_centroid,eurl-bihospic
16-dm-02,EURL PPC MEDICAL,EURL PPC MEDICAL,fabricant,dm,Fabricant de dispositifs médicaux,مصنّع أجهزة طبية,Alger,الجزائر,16,,,36.73011172807016,3.0732760652982463,mip+2023,wilaya_centroid,eurl-ppc-medical
16-dm-03,EURL VACU TUBE,EURL VACU TUBE,fabricant,dm,Fabricant de dispositifs médicaux,مصنّع أجهزة طبية,Alger,الجزائر,16,,,36.73011172807016,3.0732760652982463,mip+2023,wilaya_centroid,eurl-vacu-tube
16-dm-04,SARL 3 S MEDICAL INDUSTRIES,SARL 3 S MEDICAL INDUSTRIES,fabricant,dm,Fabricant de dispositifs médicaux,مصنّع أجهزة طبية,Alger,الجزائر,16,,,36.73011172807016,3.0732760652982463,mip+2023,wilaya_centroid,sarl-3-s-medical-industries
16-dm-05,SARL ALPHA DIAGNOSTIC,SARL ALPHA DIAGNOSTIC,fabricant,dm,Fabricant de dispositifs médicaux,مصنّع أجهزة طبية,Alger,الجزائر,16,Ouled Fayet,1651,36.7365,2.949444,mip+2023,commune_centroid,sarl-alpha-diagnostic
16-dm-06,SARL ASCENSIA DIABETES CARE ALGERIA,SARL ASCENSIA DIABETES CARE ALGERIA,fabricant,dm,Fabricant de dispositifs médicaux,مصنّع أجهزة طبية,Alger,الجزائر,16,Ben Aknoun,1622,36.758895,3.0100658,mip+research,commune_centroid,sarl-ascensia-diabetes-care-algeria
16-dm-07,SARL BIO OSTEO,SARL BIO OSTEO,fabricant,dm,Fabricant de dispositifs médicaux,مصنّع أجهزة طبية,Alger,الجزائر,16,Bordj El Bahri,1642,36.779133,3.22248,mip+2023,commune_centroid,sarl-bio-osteo
16-dm-08,SARL COMMERCE INTERNATIONAL LES CRETES,SARL COMMERCE INTERNATIONAL LES CRETES,fabricant,dm,Fabricant de dispositifs médicaux,مصنّع أجهزة طبية,Alger,الجزائر,16,Oued Smar,1615,36.74472,3.172222222,mip+research,commune_centroid,sarl-commerce-international-les-cretes
16-dm-09,SARL CONDOMED,SARL CONDOMED,fabricant,dm,Fabricant de dispositifs médicaux,مصنّع أجهزة طبية,Alger,الجزائر,16,Ouled Fayet,1651,36.7365,2.949444,mip+2023,commune_centroid,sarl-condomed
16-dm-10,SARL DIAGUS,SARL DIAGUS,fabricant,dm,Fabricant de dispositifs médicaux,مصنّع أجهزة طبية,Alger,الجزائر,16,,,36.73011172807016,3.0732760652982463,mip+2023,wilaya_centroid,sarl-diagus
16-dm-11,SARL GIAP GENERAL INDUSTRIE D'ARTICLES PARAPHARMACEUTIQUES,SARL GIAP GENERAL INDUSTRIE D'ARTICLES PARAPHARMACEUTIQUES,fabricant,dm,Fabricant de dispositifs médicaux,مصنّع أجهزة طبية,Alger,الجزائر,16,,,36.73011172807016,3.0732760652982463,mip+research,wilaya_centroid,sarl-giap-general-industrie-d-articles-parapharmaceutiques
16-dm-12,SARL LYN FABRICATION DE PANSEMENT,SARL LYN FABRICATION DE PANSEMENT,fabricant,dm,Fabricant de dispositifs médicaux,مصنّع أجهزة طبية,Alger,الجزائر,16,Rahmania,1648,36.680833,2.906,mip+2023,commune_centroid,sarl-lyn-fabrication-de-pansement
16-dm-13,SARL MEDI PIC,SARL MEDI PIC,fabricant,dm,Fabricant de dispositifs médicaux,مصنّع أجهزة طبية,Alger,الجزائر,16,,,36.73011172807016,3.0732760652982463,mip+2023,wilaya_centroid,sarl-medi-pic
16-dm-14,SARL THE ABOU SAMRA BROTHER'S IMPORT EXPORT,SARL THE ABOU SAMRA BROTHER'S IMPORT EXPORT,fabricant,dm,Fabricant de dispositifs médicaux,مصنّع أجهزة طبية,Alger,الجزائر,16,Dar El Beida,1620,36.7133,3.2125,mip+research,commune_centroid,sarl-the-abou-samra-brother-s-import-export
16-dm-15,SPA DIAGNOSTICS CARE,SPA DIAGNOSTICS CARE,fabricant,dm,Fabricant de dispositifs médicaux,مصنّع أجهزة طبية,Alger,الجزائر,16,Oued Smar,1615,36.74472,3.172222222,mip+research,commune_centroid,spa-diagnostics-care
16-dm-16,SPA LABORATOIRES STERIMED,SPA LABORATOIRES STERIMED,fabricant,dm,Fabricant de dispositifs médicaux,مصنّع أجهزة طبية,Alger,الجزائر,16,,,36.73011172807016,3.0732760652982463,mip+2023,wilaya_centroid,spa-laboratoires-sterimed
16-dm-17,SPA VITAL CARE PRODUCTION DISTRIBUTION ET LOGISTIQUE,SPA VITAL CARE PRODUCTION DISTRIBUTION ET LOGISTIQUE,fabricant,dm,Fabricant de dispositifs médicaux,مصنّع أجهزة طبية,Alger,الجزائر,16,,,36.73011172807016,3.0732760652982463,mip+2023,wilaya_centroid,spa-vital-care-production-distribution-et-logistique
16-dm-18,SPA VITAL CARE PRODUCTION DISTRIBUTION ET LOGISTIQUE SITE DE PRODUCTION 2,SPA VITAL CARE PRODUCTION DISTRIBUTION ET LOGISTIQUE SITE DE PRODUCTION 2,fabricant,dm,Fabricant de dispositifs médicaux,مصنّع أجهزة طبية,Alger,الجزائر,16,,,36.73011172807016,3.0732760652982463,mip+2023,wilaya_centroid,spa-vital-care-production-distribution-et-logistique-site-de-production-2
16-mixte-01,SARL GENCOPHARM,SARL GENCOPHARM,fabricant,mixte,Fabricant mixte (produits pharmaceutiques et dispositifs médicaux),مصنّع مختلط (منتجات صيدلانية وأجهزة طبية),Alger,الجزائر,16,,,36.73011172807016,3.0732760652982463,mip+2023,wilaya_centroid,sarl-gencopharm
16-mixte-02,SARL GENERICLAB,SARL GENERICLAB,fabricant,mixte,Fabricant mixte (produits pharmaceutiques et dispositifs médicaux),مصنّع مختلط (منتجات صيدلانية وأجهزة طبية),Alger,الجزائر,16,Rouiba,1638,36.7259091,3.28079,mip+research,commune_centroid,sarl-genericlab
16-mixte-03,SARL IMC INDUSTRIE MEDICO CHIRURGICALES,SARL IMC INDUSTRIE MEDICO CHIRURGICALES,fabricant,mixte,Fabricant mixte (produits pharmaceutiques et dispositifs médicaux),مصنّع مختلط (منتجات صيدلانية وأجهزة طبية),Alger,الجزائر,16,Rouiba,1638,36.7259091,3.28079,mip+research,commune_centroid,sarl-imc-industrie-medico-chirurgicales
16-pp-01,EPE SPA GROUPE INDUSTRIEL SAIDAL DAR EL BEIDA,EPE SPA GROUPE INDUSTRIEL SAIDAL DAR EL BEIDA,fabricant,pp,Fabricant de produits pharmaceutiques,مصنّع منتجات صيدلانية,Alger,الجزائر,16,Dar El Beida,1620,36.7133,3.2125,mip,commune_centroid,epe-spa-groupe-industriel-saidal-dar-el-beida
16-pp-02,EPE SPA GROUPE INDUSTRIEL SAIDAL GUE DE CONSTATINE,EPE SPA GROUPE INDUSTRIEL SAIDAL GUE DE CONSTATINE,fabricant,pp,Fabricant de produits pharmaceutiques,مصنّع منتجات صيدلانية,Alger,الجزائر,16,Djasr Kasentina,1626,36.6969,3.058889,mip+research,commune_centroid,epe-spa-groupe-industriel-saidal-gue-de-constatine
16-pp-03,EPE SPA GROUPE INDUSTRIEL SAIDAL OUED SMAR,EPE SPA GROUPE INDUSTRIEL SAIDAL OUED SMAR,fabricant,pp,Fabricant de produits pharmaceutiques,مصنّع منتجات صيدلانية,Alger,الجزائر,16,Oued Smar,1615,36.74472,3.172222222,mip,commune_centroid,epe-spa-groupe-industriel-saidal-oued-smar
16-pp-04,EPE SPA GROUPE INDUSTRIEL SAIDAL UNITE DE PRODUCTION EL HARRACH,EPE SPA GROUPE INDUSTRIEL SAIDAL UNITE DE PRODUCTION EL HARRACH,fabricant,pp,Fabricant de produits pharmaceutiques,مصنّع منتجات صيدلانية,Alger,الجزائر,16,El Harrach,1613,36.7164,3.715,mip,commune_centroid,epe-spa-groupe-industriel-saidal-unite-de-production-el-harrach
16-pp-05,EURL PHARMALLIANCE,EURL PHARMALLIANCE,fabricant,pp,Fabricant de produits pharmaceutiques,مصنّع منتجات صيدلانية,Alger,الجزائر,16,,,36.73011172807016,3.0732760652982463,mip+2023,wilaya_centroid,eurl-pharmalliance
16-pp-06,EURL SPIMACO SAOUDIENNE ALGERIE,EURL SPIMACO SAOUDIENNE ALGERIE,fabricant,pp,Fabricant de produits pharmaceutiques,مصنّع منتجات صيدلانية,Alger,الجزائر,16,Ain Benian,1657,36.791944,2.9337917,mip+research,commune_centroid,eurl-spimaco-saoudienne-algerie
16-pp-07,EURL TABUK ALGERIE,EURL TABUK ALGERIE,fabricant,pp,Fabricant de produits pharmaceutiques,مصنّع منتجات صيدلانية,Alger,الجزائر,16,,,36.73011172807016,3.0732760652982463,mip+2023,wilaya_centroid,eurl-tabuk-algerie
16-pp-08,SARL ALFACARE,SARL ALFACARE,fabricant,pp,Fabricant de produits pharmaceutiques,مصنّع منتجات صيدلانية,Alger,الجزائر,16,Oued Smar,1615,36.74472,3.172222222,mip+research,commune_centroid,sarl-alfacare
16-pp-09,SARL ALPHACARE,SARL ALPHACARE,fabricant,pp,Fabricant de produits pharmaceutiques,مصنّع منتجات صيدلانية,Alger,الجزائر,16,Cheraga,1652,36.7677,2.95924,mip+2023,commune_centroid,sarl-alphacare
16-pp-10,SARL DAR AL DAWA ALGERIA,SARL DAR AL DAWA ALGERIA,fabricant,pp,Fabricant de produits pharmaceutiques,مصنّع منتجات صيدلانية,Alger,الجزائر,16,,,36.73011172807016,3.0732760652982463,mip+2023,wilaya_centroid,sarl-dar-al-dawa-algeria
16-pp-11,SARL EL KENDI CORPORATION LIL ADOUIYA,SARL EL KENDI CORPORATION LIL ADOUIYA,fabricant,pp,Fabricant de produits pharmaceutiques,مصنّع منتجات صيدلانية,Alger,الجزائر,16,,,36.73011172807016,3.0732760652982463,mip+research,wilaya_centroid,sarl-el-kendi-corporation-lil-adouiya
16-pp-12,SARL GENERICLAB,SARL GENERICLAB,fabricant,pp,Fabricant de produits pharmaceutiques,مصنّع منتجات صيدلانية,Alger,الجزائر,16,Rouiba,1638,36.7259091,3.28079,mip+research,commune_centroid,sarl-genericlab
16-pp-13,SARL HIKMA PHARMA ALGERIA BABA ALI,SARL HIKMA PHARMA ALGERIA BABA ALI,fabricant,pp,Fabricant de produits pharmaceutiques,مصنّع منتجات صيدلانية,Alger,الجزائر,16,,,36.73011172807016,3.0732760652982463,mip+research,wilaya_centroid,sarl-hikma-pharma-algeria-baba-ali
16-pp-14,SARL HIKMA PHARMA ALGERIA INJECTABLES,SARL HIKMA PHARMA ALGERIA INJECTABLES,fabricant,pp,Fabricant de produits pharmaceutiques,مصنّع منتجات صيدلانية,Alger,الجزائر,16,Staoueli,1645,36.753333,2.894444,mip+research,commune_centroid,sarl-hikma-pharma-algeria-injectables
16-pp-15,SARL HIKMA PHARMA ALGERIA STAOUELI A,SARL HIKMA PHARMA ALGERIA STAOUELI A,fabricant,pp,Fabricant de produits pharmaceutiques,مصنّع منتجات صيدلانية,Alger,الجزائر,16,Staoueli,1645,36.753333,2.894444,mip,commune_centroid,sarl-hikma-pharma-algeria-staoueli-a
16-pp-16,SARL HIKMA PHARMA ALGERIA STAOUELI B,SARL HIKMA PHARMA ALGERIA STAOUELI B,fabricant,pp,Fabricant de produits pharmaceutiques,مصنّع منتجات صيدلانية,Alger,الجزائر,16,Staoueli,1645,36.753333,2.894444,mip,commune_centroid,sarl-hikma-pharma-algeria-staoueli-b
16-pp-17,SARL IMC INDUSTRIE MEDICO CHIRURGICALES,SARL IMC INDUSTRIE MEDICO CHIRURGICALES,fabricant,pp,Fabricant de produits pharmaceutiques,مصنّع منتجات صيدلانية,Alger,الجزائر,16,Rouiba,1638,36.7259091,3.28079,mip+research,commune_centroid,sarl-imc-industrie-medico-chirurgicales
16-pp-18,SARL LABORATOIRE ALGERIEN DU MEDICAMENT,SARL LABORATOIRE ALGERIEN DU MEDICAMENT,fabricant,pp,Fabricant de produits pharmaceutiques,مصنّع منتجات صيدلانية,Alger,الجزائر,16,,,36.73011172807016,3.0732760652982463,mip+2023,wilaya_centroid,sarl-laboratoire-algerien-du-medicament
16-pp-19,SARL LABORATOIRES BEKER UNITE A,SARL LABORATOIRES BEKER UNITE A,fabricant,pp,Fabricant de produits pharmaceutiques,مصنّع منتجات صيدلانية,Alger,الجزائر,16,Dar El Beida,1620,36.7133,3.2125,mip+2023,commune_centroid,sarl-laboratoires-beker-unite-a
16-pp-20,SARL LABORATOIRES BEKER UNITE B,SARL LABORATOIRES BEKER UNITE B,fabricant,pp,Fabricant de produits pharmaceutiques,مصنّع منتجات صيدلانية,Alger,الجزائر,16,Dar El Beida,1620,36.7133,3.2125,mip+2023,commune_centroid,sarl-laboratoires-beker-unite-b
16-pp-21,SARL LABORATOIRES MERINAL OUED SMAR,SARL LABORATOIRES MERINAL OUED SMAR,fabricant,pp,Fabricant de produits pharmaceutiques,مصنّع منتجات صيدلانية,Alger,الجزائر,16,Oued Smar,1615,36.74472,3.172222222,mip,commune_centroid,sarl-laboratoires-merinal-oued-smar
16-pp-22,SARL LAD PHARMA,SARL LAD PHARMA,fabricant,pp,Fabricant de produits pharmaceutiques,مصنّع منتجات صيدلانية,Alger,الجزائر,16,,,36.73011172807016,3.0732760652982463,mip+research,wilaya_centroid,sarl-lad-pharma
16-pp-23,SARL MAGPHARM DAR EL BEIDA,SARL MAGPHARM DAR EL BEIDA,fabricant,pp,Fabricant de produits pharmaceutiques,مصنّع منتجات صيدلانية,Alger,الجزائر,16,Dar El Beida,1620,36.7133,3.2125,mip,commune_centroid,sarl-magpharm-dar-el-beida
16-pp-24,SARL MEDIPHARMA INTERNATIONAL,SARL MEDIPHARMA INTERNATIONAL,fabricant,pp,Fabricant de produits pharmaceutiques,مصنّع منتجات صيدلانية,Alger,الجزائر,16,Zeralda,1646,36.6946148,2.8277963,mip+research,commune_centroid,sarl-medipharma-international
16-pp-25,SARL VECOPHARM ALGER,SARL VECOPHARM ALGER,fabricant,pp,Fabricant de produits pharmaceutiques,مصنّع منتجات صيدلانية,Alger,الجزائر,16,,,36.73011172807016,3.0732760652982463,mip,wilaya_centroid,sarl-vecopharm-alger
16-pp-26,SPA ABDI IBRAHIM REMEDE PHARMA,SPA ABDI IBRAHIM REMEDE PHARMA,fabricant,pp,Fabricant de produits pharmaceutiques,مصنّع منتجات صيدلانية,Alger,الجزائر,16,,,36.73011172807016,3.0732760652982463,mip+2023,wilaya_centroid,spa-abdi-ibrahim-remede-pharma
16-pp-27,SPA ASTRAZENECA ALGERIA PHARMACEUTICAL INDUSTRIES,SPA ASTRAZENECA ALGERIA PHARMACEUTICAL INDUSTRIES,fabricant,pp,Fabricant de produits pharmaceutiques,مصنّع منتجات صيدلانية,Alger,الجزائر,16,Rouiba,1638,36.7259091,3.28079,mip+research,commune_centroid,spa-astrazeneca-algeria-pharmaceutical-industries
16-pp-28,SPA BIOGENAL PHARMA,SPA BIOGENAL PHARMA,fabricant,pp,Fabricant de produits pharmaceutiques,مصنّع منتجات صيدلانية,Alger,الجزائر,16,,,36.73011172807016,3.0732760652982463,mip+research,wilaya_centroid,spa-biogenal-pharma
16-pp-29,SPA BIOPHARM OUED SMAR,SPA BIOPHARM OUED SMAR,fabricant,pp,Fabricant de produits pharmaceutiques,مصنّع منتجات صيدلانية,Alger,الجزائر,16,Oued Smar,1615,36.74472,3.172222222,mip,commune_centroid,spa-biopharm-oued-smar
16-pp-30,SPA BIORMONE,SPA BIORMONE,fabricant,pp,Fabricant de produits pharmaceutiques,مصنّع منتجات صيدلانية,Alger,الجزائر,16,Zeralda,1646,36.6946148,2.8277963,mip+2023,commune_centroid,spa-biormone
16-pp-31,SPA EL KENDI INDUSTRIE DU MEDICAMENT,SPA EL KENDI INDUSTRIE DU MEDICAMENT,fabricant,pp,Fabricant de produits pharmaceutiques,مصنّع منتجات صيدلانية,Alger,الجزائر,16,,,36.73011172807016,3.0732760652982463,mip+research,wilaya_centroid,spa-el-kendi-industrie-du-medicament
16-pp-32,SPA EL KENDI INDUSTRIE DU MEDICAMENT UNITE D ONCOLOGIE,SPA EL KENDI INDUSTRIE DU MEDICAMENT UNITE D ONCOLOGIE,fabricant,pp,Fabricant de produits pharmaceutiques,مصنّع منتجات صيدلانية,Alger,الجزائر,16,,,36.73011172807016,3.0732760652982463,mip+research,wilaya_centroid,spa-el-kendi-industrie-du-medicament-unite-d-oncologie
16-pp-33,SPA JAMJOOM ALGERIA LIL DAWA,SPA JAMJOOM ALGERIA LIL DAWA,fabricant,pp,Fabricant de produits pharmaceutiques,مصنّع منتجات صيدلانية,Alger,الجزائر,16,Oued Smar,1615,36.74472,3.172222222,mip+research,commune_centroid,spa-jamjoom-algeria-lil-dawa
16-pp-34,SPA LES LABORATOIRES FRATER RAZES,SPA LES LABORATOIRES FRATER RAZES,fabricant,pp,Fabricant de produits pharmaceutiques,مصنّع منتجات صيدلانية,Alger,الجزائر,16,,,36.73011172807016,3.0732760652982463,mip+2023,wilaya_centroid,spa-les-laboratoires-frater-razes
16-pp-35,SPA LES LABORATOIRES FRATER RAZES FORME SECHE,SPA LES LABORATOIRES FRATER RAZES FORME SECHE,fabricant,pp,Fabricant de produits pharmaceutiques,مصنّع منتجات صيدلانية,Alger,الجزائر,16,,,36.73011172807016,3.0732760652982463,mip+2023,wilaya_centroid,spa-les-laboratoires-frater-razes-forme-seche
16-pp-36,SPA LINDE GAS ALGERIE REGHAIA,SPA LINDE GAS ALGERIE REGHAIA,fabricant,pp,Fabricant de produits pharmaceutiques,مصنّع منتجات صيدلانية,Alger,الجزائر,16,Reghaia,1640,36.7359,3.3402,mip,commune_centroid,spa-linde-gas-algerie-reghaia
16-pp-37,SPA MAYOLY SPINDLER ALGERIE,SPA MAYOLY SPINDLER ALGERIE,fabricant,pp,Fabricant de produits pharmaceutiques,مصنّع منتجات صيدلانية,Alger,الجزائر,16,Cheraga,1652,36.7677,2.95924,mip+research,commune_centroid,spa-mayoly-spindler-algerie
16-pp-38,SPA PHARMACEUTICAL LABORATORY INTERNATIONAL,SPA PHARMACEUTICAL LABORATORY INTERNATIONAL,fabricant,pp,Fabricant de produits pharmaceutiques,مصنّع منتجات صيدلانية,Alger,الجزائر,16,Cheraga,1652,36.7677,2.95924,mip+research,commune_centroid,spa-pharmaceutical-laboratory-international
16-pp-39,SPA PRODIPHAL PRODUCTION,SPA PRODIPHAL PRODUCTION,fabricant,pp,Fabricant de produits pharmaceutiques,مصنّع منتجات صيدلانية,Alger,الجزائر,16,,,36.73011172807016,3.0732760652982463,mip+2023,wilaya_centroid,spa-prodiphal-production
16-pp-40,SPA PROFAM OUED SMAR,SPA PROFAM OUED SMAR,fabricant,pp,Fabricant de produits pharmaceutiques,مصنّع منتجات صيدلانية,Alger,الجزائر,16,Oued Smar,1615,36.74472,3.172222222,mip,commune_centroid,spa-profam-oued-smar
16-pp-41,SPA PROFAM REGHAIA,SPA PROFAM REGHAIA,fabricant,pp,Fabricant de produits pharmaceutiques,مصنّع منتجات صيدلانية,Alger,الجزائر,16,Reghaia,1640,36.7359,3.3402,mip,commune_centroid,spa-profam-reghaia
16-pp-42,SPA PROPHARMAL,SPA PROPHARMAL,fabricant,pp,Fabricant de produits pharmaceutiques,مصنّع منتجات صيدلانية,Alger,الجزائر,16,Cheraga,1652,36.7677,2.95924,mip+2023,commune_centroid,spa-propharmal
16-pp-43,SPA SANOFI AVENTIS ALGERIE,SPA SANOFI AVENTIS ALGERIE,fabricant,pp,Fabricant de produits pharmaceutiques,مصنّع منتجات صيدلانية,Alger,الجزائر,16,Rahmania,1648,36.680833,2.906,mip+2023,commune_centroid,spa-sanofi-aventis-algerie
16-pp-44,SPA SIDAL,SPA SIDAL,fabricant,pp,Fabricant de produits pharmaceutiques,مصنّع منتجات صيدلانية,Alger,الجزائر,16,Rouiba,1638,36.7259091,3.28079,mip+2023,commune_centroid,spa-sidal
16-pp-45,SPA SOMEDIAL,SPA SOMEDIAL,fabricant,pp,Fabricant de produits pharmaceutiques,مصنّع منتجات صيدلانية,Alger,الجزائر,16,,,36.73011172807016,3.0732760652982463,mip+2023,wilaya_centroid,spa-somedial
16-pp-46,SPA UPJOHN SAIDAL PHARMA,SPA UPJOHN SAIDAL PHARMA,fabricant,pp,Fabricant de produits pharmaceutiques,مصنّع منتجات صيدلانية,Alger,الجزائر,16,,,36.73011172807016,3.0732760652982463,mip+research,wilaya_centroid,spa-upjohn-saidal-pharma
16-pp-47,SPA VITAL CARE PRODUCTION DISTRIBUTION ET LOGISTIQUE,SPA VITAL CARE PRODUCTION DISTRIBUTION ET LOGISTIQUE,fabricant,pp,Fabricant de produits pharmaceutiques,مصنّع منتجات صيدلانية,Alger,الجزائر,16,,,36.73011172807016,3.0732760652982463,mip+2023,wilaya_centroid,spa-vital-care-production-distribution-et-logistique
18-pp-01,SARL BIOREM,SARL BIOREM,fabricant,pp,Fabricant de produits pharmaceutiques,مصنّع منتجات صيدلانية,Jijel,جيجل,18,Jijel,1801,36.82055,5.7667,mip+2023,commune_centroid,sarl-biorem
19-dm-01,EURL BENKHELIFA MEDICAL SERVICE,EURL BENKHELIFA MEDICAL SERVICE,fabricant,dm,Fabricant de dispositifs médicaux,مصنّع أجهزة طبية,Sétif,سطيف,19,Setif,1901,36.19112,5.4150871,mip+research,commune_centroid,eurl-benkhelifa-medical-service
19-dm-02,SARL ALDISMED,SARL ALDISMED,fabricant,dm,Fabricant de dispositifs médicaux,مصنّع أجهزة طبية,Sétif,سطيف,19,Setif,1901,36.19112,5.4150871,mip+2023,commune_centroid,sarl-aldismed
19-dm-03,SARL LABORATOIRES SALEM SETIF,SARL LABORATOIRES SALEM SETIF,fabricant,dm,Fabricant de dispositifs médicaux,مصنّع أجهزة طبية,Sétif,سطيف,19,Setif,1901,36.19112,5.4150871,mip,commune_centroid,sarl-laboratoires-salem-setif
19-pp-01,EURL GENIS Produits Pharmaceutiques et Para-pharmaceutiques,EURL GENIS Produits Pharmaceutiques et Para-pharmaceutiques,fabricant,pp,Fabricant de produits pharmaceutiques,مصنّع منتجات صيدلانية,Sétif,سطيف,19,Setif,1901,36.19112,5.4150871,mip+research,commune_centroid,eurl-genis-produits-pharmaceutiques-et-para-pharmaceutiques
19-pp-02,SARL BIOSCAN INDUSTRIE,SARL BIOSCAN INDUSTRIE,fabricant,pp,Fabricant de produits pharmaceutiques,مصنّع منتجات صيدلانية,Sétif,سطيف,19,Setif,1901,36.19112,5.4150871,mip+2023,commune_centroid,sarl-bioscan-industrie
19-pp-03,SARL LABORATOIRES SALEM EL EULMA,SARL LABORATOIRES SALEM EL EULMA,fabricant,pp,Fabricant de produits pharmaceutiques,مصنّع منتجات صيدلانية,Sétif,سطيف,19,El Eulma,1920,36.156449,5.69016,mip,commune_centroid,sarl-laboratoires-salem-el-eulma
19-pp-04,SARL OPTIPHARM,SARL OPTIPHARM,fabricant,pp,Fabricant de produits pharmaceutiques,مصنّع منتجات صيدلانية,Sétif,سطيف,19,Setif,1901,36.19112,5.4150871,mip+2023,commune_centroid,sarl-optipharm
19-pp-05,SPA PHARMA INVEST PRODUCTION,SPA PHARMA INVEST PRODUCTION,fabricant,pp,Fabricant de produits pharmaceutiques,مصنّع منتجات صيدلانية,Sétif,سطيف,19,El Eulma,1920,36.156449,5.69016,mip+research,commune_centroid,spa-pharma-invest-production
22-dm-01,SPA LINDE GAS ALGERIE SIDI BEL ABBES,SPA LINDE GAS ALGERIE SIDI BEL ABBES,fabricant,dm,Fabricant de dispositifs médicaux,مصنّع أجهزة طبية,Sidi Bel Abbès,سيدي بلعباس,22,Sidi Bel-Abbes,2201,35.2022249,-0.6298922,mip,commune_centroid,spa-linde-gas-algerie-sidi-bel-abbes
22-pp-01,SARL TABET PHARM,SARL TABET PHARM,fabricant,pp,Fabricant de produits pharmaceutiques,مصنّع منتجات صيدلانية,Sidi Bel Abbès,سيدي بلعباس,22,Sidi Bel-Abbes,2201,35.2022249,-0.6298922,mip+research,commune_centroid,sarl-tabet-pharm
22-pp-02,SPA LINDE GAS ALGERIE SIDI BEL ABBES,SPA LINDE GAS ALGERIE SIDI BEL ABBES,fabricant,pp,Fabricant de produits pharmaceutiques,مصنّع منتجات صيدلانية,Sidi Bel Abbès,سيدي بلعباس,22,Sidi Bel-Abbes,2201,35.2022249,-0.6298922,mip,commune_centroid,spa-linde-gas-algerie-sidi-bel-abbes
23-pp-01,EPE SPA GROUPE INDUSTRIEL SAIDAL ANNABA,EPE SPA GROUPE INDUSTRIEL SAIDAL ANNABA,fabricant,pp,Fabricant de produits pharmaceutiques,مصنّع منتجات صيدلانية,Annaba,عنابة,23,Annaba,2301,36.9,7.7667,mip,commune_centroid,epe-spa-groupe-industriel-saidal-annaba
23-pp-02,SARL EVOLAB,SARL EVOLAB,fabricant,pp,Fabricant de produits pharmaceutiques,مصنّع منتجات صيدلانية,Annaba,عنابة,23,Annaba,2301,36.9,7.7667,mip+2023,commune_centroid,sarl-evolab
23-pp-03,SARL LABORATOIRE MM,SARL LABORATOIRE MM,fabricant,pp,Fabricant de produits pharmaceutiques,مصنّع منتجات صيدلانية,Annaba,عنابة,23,,,36.9,7.7667,mip+research,wilaya_centroid,sarl-laboratoire-mm
23-pp-04,SARL LABORATOIRES ROVAC,SARL LABORATOIRES ROVAC,fabricant,pp,Fabricant de produits pharmaceutiques,مصنّع منتجات صيدلانية,Annaba,عنابة,23,Annaba,2301,36.9,7.7667,mip+2023,commune_centroid,sarl-laboratoires-rovac
23-pp-05,SPA BIOCARE,SPA BIOCARE,fabricant,pp,Fabricant de produits pharmaceutiques,مصنّع منتجات صيدلانية,Annaba,عنابة,23,Annaba,2301,36.9,7.7667,mip+2023,commune_centroid,spa-biocare
23-pp-06,SPA BIOCARE BIOTECH,SPA BIOCARE BIOTECH,fabricant,pp,Fabricant de produits pharmaceutiques,مصنّع منتجات صيدلانية,Annaba,عنابة,23,Annaba,2301,36.9,7.7667,mip+2023,commune_centroid,spa-biocare-biotech
25-dm-01,SARL NEOMEDIC,SARL NEOMEDIC,fabricant,dm,Fabricant de dispositifs médicaux,مصنّع أجهزة طبية,Constantine,قسنطينة,25,Constantine,2501,36.365,6.642433,mip+2023,commune_centroid,sarl-neomedic
25-pp-01,EPE SPA GROUPE INDUSTRIEL SAIDAL UNITE DE PRODUCTION CONSTANTINE 1,EPE SPA GROUPE INDUSTRIEL SAIDAL UNITE DE PRODUCTION CONSTANTINE 1,fabricant,pp,Fabricant de produits pharmaceutiques,مصنّع منتجات صيدلانية,Constantine,قسنطينة,25,Constantine,2501,36.365,6.642433,mip,commune_centroid,epe-spa-groupe-industriel-saidal-unite-de-production-constantine-1
25-pp-02,EPE SPA GROUPE INDUSTRIEL SAIDAL UNITE DE PRODUCTION CONSTANTINE 2,EPE SPA GROUPE INDUSTRIEL SAIDAL UNITE DE PRODUCTION CONSTANTINE 2,fabricant,pp,Fabricant de produits pharmaceutiques,مصنّع منتجات صيدلانية,Constantine,قسنطينة,25,Constantine,2501,36.365,6.642433,mip,commune_centroid,epe-spa-groupe-industriel-saidal-unite-de-production-constantine-2
25-pp-03,SARL BIOGALENIC ZIGHOUD YOUCEF,SARL BIOGALENIC ZIGHOUD YOUCEF,fabricant,pp,Fabricant de produits pharmaceutiques,مصنّع منتجات صيدلانية,Constantine,قسنطينة,25,Zighoud Youcef,2504,36.53307,6.71238,mip,commune_centroid,sarl-biogalenic-zighoud-youcef
25-pp-04,SARL GEO PHARM,SARL GEO PHARM,fabricant,pp,Fabricant de produits pharmaceutiques,مصنّع منتجات صيدلانية,Constantine,قسنطينة,25,Constantine,2501,36.365,6.642433,mip+2023,commune_centroid,sarl-geo-pharm
25-pp-05,SARL ISOPHARM ALGERIE,SARL ISOPHARM ALGERIE,fabricant,pp,Fabricant de produits pharmaceutiques,مصنّع منتجات صيدلانية,Constantine,قسنطينة,25,Constantine,2501,36.365,6.642433,mip+2023,commune_centroid,sarl-isopharm-algerie
25-pp-06,SARL KPMA,SARL KPMA,fabricant,pp,Fabricant de produits pharmaceutiques,مصنّع منتجات صيدلانية,Constantine,قسنطينة,25,,,36.365,6.642433,mip+research,wilaya_centroid,sarl-kpma
25-pp-07,SARL KPMA BIOTIC,SARL KPMA BIOTIC,fabricant,pp,Fabricant de produits pharmaceutiques,مصنّع منتجات صيدلانية,Constantine,قسنطينة,25,,,36.365,6.642433,mip+research,wilaya_centroid,sarl-kpma-biotic
25-pp-08,SARL LABORATOIRES DE DIAGNOSTIC MAGHREBINS LDM,SARL LABORATOIRES DE DIAGNOSTIC MAGHREBINS LDM,fabricant,pp,Fabricant de produits pharmaceutiques,مصنّع منتجات صيدلانية,Constantine,قسنطينة,25,El Khroub,2506,36.26333,6.69361,mip+research,commune_centroid,sarl-laboratoires-de-diagnostic-maghrebins-ldm
25-pp-09,SARL LABORATOIRES PHYSIOPHARM,SARL LABORATOIRES PHYSIOPHARM,fabricant,pp,Fabricant de produits pharmaceutiques,مصنّع منتجات صيدلانية,Constantine,قسنطينة,25,Constantine,2501,36.365,6.642433,mip+2023,commune_centroid,sarl-laboratoires-physiopharm
25-pp-10,SARL NADPHARMADIC PRODUCTION,SARL NADPHARMADIC PRODUCTION,fabricant,pp,Fabricant de produits pharmaceutiques,مصنّع منتجات صيدلانية,Constantine,قسنطينة,25,Constantine,2501,36.365,6.642433,mip+2023,commune_centroid,sarl-nadpharmadic-production
25-pp-11,SARL NEOMEDIC,SARL NEOMEDIC,fabricant,pp,Fabricant de produits pharmaceutiques,مصنّع منتجات صيدلانية,Constantine,قسنطينة,25,Constantine,2501,36.365,6.642433,mip+2023,commune_centroid,sarl-neomedic
25-pp-12,SARL ODONTOMEDICA,SARL ODONTOMEDICA,fabricant,pp,Fabricant de produits pharmaceutiques,مصنّع منتجات صيدلانية,Constantine,قسنطينة,25,Constantine,2501,36.365,6.642433,mip+research,commune_centroid,sarl-odontomedica
25-pp-13,SARL PHARMIDAL NS,SARL PHARMIDAL NS,fabricant,pp,Fabricant de produits pharmaceutiques,مصنّع منتجات صيدلانية,Constantine,قسنطينة,25,Constantine,2501,36.365,6.642433,mip+2023,commune_centroid,sarl-pharmidal-ns
25-pp-14,SPA UNION PHARMACEUTIQUE CONSTANTINOISE PALMA,SPA UNION PHARMACEUTIQUE CONSTANTINOISE PALMA,fabricant,pp,Fabricant de produits pharmaceutiques,مصنّع منتجات صيدلانية,Constantine,قسنطينة,25,,,36.365,6.642433,mip,wilaya_centroid,spa-union-pharmaceutique-constantinoise-palma
27-pp-01,SARL LABORATOIRE GROUPEMENT PHARMACEUTIQUE ALGERIEN,SARL LABORATOIRE GROUPEMENT PHARMACEUTIQUE ALGERIEN,fabricant,pp,Fabricant de produits pharmaceutiques,مصنّع منتجات صيدلانية,Mostaganem,مستغانم,27,Stidia,2704,35.8307225,0,mip+research,commune_centroid,sarl-laboratoire-groupement-pharmaceutique-algerien
27-pp-02,SPA GROUPEMENT PHARMACEUTIQUE ALGERIEN SITE DE STIDIA,SPA GROUPEMENT PHARMACEUTIQUE ALGERIEN SITE DE STIDIA,fabricant,pp,Fabricant de produits pharmaceutiques,مصنّع منتجات صيدلانية,Mostaganem,مستغانم,27,Stidia,2704,35.8307225,0,mip+research,commune_centroid,spa-groupement-pharmaceutique-algerien-site-de-stidia
31-dm-01,SARL INOTIS,SARL INOTIS,fabricant,dm,Fabricant de dispositifs médicaux,مصنّع أجهزة طبية,Oran,وهران,31,,,35.70833333,-0.6331,mip+2023,wilaya_centroid,sarl-inotis
31-dm-02,SPA HYGIMED ORAN,SPA HYGIMED ORAN,fabricant,dm,Fabricant de dispositifs médicaux,مصنّع أجهزة طبية,Oran,وهران,31,,,35.70833333,-0.6331,mip,wilaya_centroid,spa-hygimed-oran
31-pp-01,EURL MAGHREB DENTAL INDUSTRY,EURL MAGHREB DENTAL INDUSTRY,fabricant,pp,Fabricant de produits pharmaceutiques,مصنّع منتجات صيدلانية,Oran,وهران,31,Es Senia,3105,35.6478,-0.6241804,mip+research,commune_centroid,eurl-maghreb-dental-industry
31-pp-02,SARL AURES GAZ INDUSTRIELS,SARL AURES GAZ INDUSTRIELS,fabricant,pp,Fabricant de produits pharmaceutiques,مصنّع منتجات صيدلانية,Oran,وهران,31,Hassi Bounif,3104,35.6792778,-0.5,mip+2023,commune_centroid,sarl-aures-gaz-industriels
31-pp-03,SARL BIOHDER GROUP,SARL BIOHDER GROUP,fabricant,pp,Fabricant de produits pharmaceutiques,مصنّع منتجات صيدلانية,Oran,وهران,31,,,35.70833333,-0.6331,mip+2023,wilaya_centroid,sarl-biohder-group
31-pp-04,SARL CONTINENTAL PHARM,SARL CONTINENTAL PHARM,fabricant,pp,Fabricant de produits pharmaceutiques,مصنّع منتجات صيدلانية,Oran,وهران,31,,,35.70833333,-0.6331,mip+2023,wilaya_centroid,sarl-continental-pharm
31-pp-05,SARL GEOMEDICA,SARL GEOMEDICA,fabricant,pp,Fabricant de produits pharmaceutiques,مصنّع منتجات صيدلانية,Oran,وهران,31,Oued Tlelat,3111,35.5519239,-0.4522604,mip+research,commune_centroid,sarl-geomedica
31-pp-06,SARL LABORATOIRE MOBEN,SARL LABORATOIRE MOBEN,fabricant,pp,Fabricant de produits pharmaceutiques,مصنّع منتجات صيدلانية,Oran,وهران,31,,,35.70833333,-0.6331,mip+2023,wilaya_centroid,sarl-laboratoire-moben
31-pp-07,SARL LABORATOIRES PHARMAGHREB,SARL LABORATOIRES PHARMAGHREB,fabricant,pp,Fabricant de produits pharmaceutiques,مصنّع منتجات صيدلانية,Oran,وهران,31,,,35.70833333,-0.6331,mip+2023,wilaya_centroid,sarl-laboratoires-pharmaghreb
31-pp-08,SARL ORION LAB,SARL ORION LAB,fabricant,pp,Fabricant de produits pharmaceutiques,مصنّع منتجات صيدلانية,Oran,وهران,31,,,35.70833333,-0.6331,mip+2023,wilaya_centroid,sarl-orion-lab
31-pp-09,SARL WORLD MEDECINE LIMITED,SARL WORLD MEDECINE LIMITED,fabricant,pp,Fabricant de produits pharmaceutiques,مصنّع منتجات صيدلانية,Oran,وهران,31,,,35.70833333,-0.6331,mip+2023,wilaya_centroid,sarl-world-medecine-limited
31-pp-10,SPA GROUPEMENT PHARMACEUTIQUE ALGERIEN ORAN,SPA GROUPEMENT PHARMACEUTIQUE ALGERIEN ORAN,fabricant,pp,Fabricant de produits pharmaceutiques,مصنّع منتجات صيدلانية,Oran,وهران,31,,,35.70833333,-0.6331,mip+research,wilaya_centroid,spa-groupement-pharmaceutique-algerien-oran
31-pp-11,SPA LINDE GAS ALGERIE ARZEW,SPA LINDE GAS ALGERIE ARZEW,fabricant,pp,Fabricant de produits pharmaceutiques,مصنّع منتجات صيدلانية,Oran,وهران,31,Arzew,3106,35.85048,-0.3167,mip,commune_centroid,spa-linde-gas-algerie-arzew
31-pp-12,SPA SOCIETE PHARMACEUTIQUE ALGERIENNE SOPHAL (SITE 02 UNITE 06 BIR EL DJIR),SPA SOCIETE PHARMACEUTIQUE ALGERIENNE SOPHAL (SITE 02 UNITE 06 BIR EL DJIR),fabricant,pp,Fabricant de produits pharmaceutiques,مصنّع منتجات صيدلانية,Oran,وهران,31,Bir El Djir,3103,35.7368,-0.545,mip,commune_centroid,spa-societe-pharmaceutique-algerienne-sophal-site-02-unite-06-bir-el-djir
31-pp-13,SPA SOCIETE PHARMACEUTIQUE ALGERIENNE SOPHAL (site 01),SPA SOCIETE PHARMACEUTIQUE ALGERIENNE SOPHAL (site 01),fabricant,pp,Fabricant de produits pharmaceutiques,مصنّع منتجات صيدلانية,Oran,وهران,31,Bir El Djir,3103,35.7368,-0.545,mip+2023,commune_centroid,spa-societe-pharmaceutique-algerienne-sophal-site-01
34-dm-01,EURL BORDJ EL MOKRANI MEDICAL,EURL BORDJ EL MOKRANI MEDICAL,fabricant,dm,Fabricant de dispositifs médicaux,مصنّع أجهزة طبية,Bordj Bou Arreridj,برج بوعريريج,34,Medjana,3413,36.1319,4.669,mip+research,commune_centroid,eurl-bordj-el-mokrani-medical
35-dm-01,EPE SPA SOCOTHYD,EPE SPA SOCOTHYD,fabricant,dm,Fabricant de dispositifs médicaux,مصنّع أجهزة طبية,Boumerdès,بومرداس,35,Boumerdes,3501,36.766,3.477,mip+2023,commune_centroid,epe-spa-socothyd
35-dm-02,SARL OASIS EL IKHOUA MOUAS,SARL OASIS EL IKHOUA MOUAS,fabricant,dm,Fabricant de dispositifs médicaux,مصنّع أجهزة طبية,Boumerdès,بومرداس,35,Boumerdes,3501,36.766,3.477,mip+2023,commune_centroid,sarl-oasis-el-ikhoua-mouas
35-pp-01,SARL LABORATOIRES MERINAL KHEMIS EL KHECHNA,SARL LABORATOIRES MERINAL KHEMIS EL KHECHNA,fabricant,pp,Fabricant de produits pharmaceutiques,مصنّع منتجات صيدلانية,Boumerdès,بومرداس,35,Khemis El Khechna,3531,36.65,3.3308,mip,commune_centroid,sarl-laboratoires-merinal-khemis-el-khechna
35-pp-02,SPA AT PHARMA KHEMIS EL KHECHNA,SPA AT PHARMA KHEMIS EL KHECHNA,fabricant,pp,Fabricant de produits pharmaceutiques,مصنّع منتجات صيدلانية,Boumerdès,بومرداس,35,Khemis El Khechna,3531,36.65,3.3308,mip,commune_centroid,spa-at-pharma-khemis-el-khechna
35-pp-03,SPA GLAXO SMITH KLINE ALGERIE,SPA GLAXO SMITH KLINE ALGERIE,fabricant,pp,Fabricant de produits pharmaceutiques,مصنّع منتجات صيدلانية,Boumerdès,بومرداس,35,Boudouaou,3502,36.72735,3.40995,mip+2023,commune_centroid,spa-glaxo-smith-kline-algerie
35-pp-04,SPA SOPRODIM,SPA SOPRODIM,fabricant,pp,Fabricant de produits pharmaceutiques,مصنّع منتجات صيدلانية,Boumerdès,بومرداس,35,Ouled Moussa,3517,36.6857409,3.3892894,mip+2023,commune_centroid,spa-soprodim
36-pp-01,SARL ONYX INDUSTRIE PHARMACEUTIQUE,SARL ONYX INDUSTRIE PHARMACEUTIQUE,fabricant,pp,Fabricant de produits pharmaceutiques,مصنّع منتجات صيدلانية,El Tarf,الطارف,36,Zerizer,3619,36.727222,7.894722,mip+research,commune_centroid,sarl-onyx-industrie-pharmaceutique
36-pp-02,SPA BIOTHERA,SPA BIOTHERA,fabricant,pp,Fabricant de produits pharmaceutiques,مصنّع منتجات صيدلانية,El Tarf,الطارف,36,El Tarf,3601,36.7667186,8.317,mip+research,commune_centroid,spa-biothera
36-pp-03,SPA LES LABORATOIRES INPHA-MEDIS,SPA LES LABORATOIRES INPHA-MEDIS,fabricant,pp,Fabricant de produits pharmaceutiques,مصنّع منتجات صيدلانية,El Tarf,الطارف,36,El Tarf,3601,36.7667186,8.317,mip+2023,commune_centroid,spa-les-laboratoires-inpha-medis
42-dm-01,EURL MODERNE SANTE,EURL MODERNE SANTE,fabricant,dm,Fabricant de dispositifs médicaux,مصنّع أجهزة طبية,Tipaza,تيبازة,42,Tipaza,4201,36.591944,2.443,mip+2023,commune_centroid,eurl-moderne-sante
42-dm-02,SARL SOINS ET SANTE,SARL SOINS ET SANTE,fabricant,dm,Fabricant de dispositifs médicaux,مصنّع أجهزة طبية,Tipaza,تيبازة,42,Tipaza,4201,36.591944,2.443,mip+2023,commune_centroid,sarl-soins-et-sante
42-pp-01,EPE SPA GROUPE INDUSTRIEL SAIDAL UNITE DE PRODUCTION CHERCHEL,EPE SPA GROUPE INDUSTRIEL SAIDAL UNITE DE PRODUCTION CHERCHEL,fabricant,pp,Fabricant de produits pharmaceutiques,مصنّع منتجات صيدلانية,Tipaza,تيبازة,42,Cherchell,4222,36.605,2.19083,mip+research,commune_centroid,epe-spa-groupe-industriel-saidal-unite-de-production-cherchel
42-pp-02,SARL BIOLOGIE ET VITAMINE D ALGERIE BIOVITAL,SARL BIOLOGIE ET VITAMINE D ALGERIE BIOVITAL,fabricant,pp,Fabricant de produits pharmaceutiques,مصنّع منتجات صيدلانية,Tipaza,تيبازة,42,Tipaza,4201,36.591944,2.443,mip+2023,commune_centroid,sarl-biologie-et-vitamine-d-algerie-biovital
42-pp-03,SARL LABORATOIRES NOVAPHARM TRADING,SARL LABORATOIRES NOVAPHARM TRADING,fabricant,pp,Fabricant de produits pharmaceutiques,مصنّع منتجات صيدلانية,Tipaza,تيبازة,42,Tipaza,4201,36.591944,2.443,mip+2023,commune_centroid,sarl-laboratoires-novapharm-trading
42-pp-04,SARL NOVAPHARM PRODUCTION,SARL NOVAPHARM PRODUCTION,fabricant,pp,Fabricant de produits pharmaceutiques,مصنّع منتجات صيدلانية,Tipaza,تيبازة,42,Tipaza,4201,36.591944,2.443,mip+2023,commune_centroid,sarl-novapharm-production
43-dm-01,SARL TECHNIPHARM,SARL TECHNIPHARM,fabricant,dm,Fabricant de dispositifs médicaux,مصنّع أجهزة طبية,Mila,ميلة,43,,,36.4503,6.2644,mip+2023,wilaya_centroid,sarl-technipharm
44-pp-01,SPA AT PHARMA KHEMIS MILIANA,SPA AT PHARMA KHEMIS MILIANA,fabricant,pp,Fabricant de produits pharmaceutiques,مصنّع منتجات صيدلانية,Aïn Defla,عين الدفلى,44,Khemis-Miliana,4404,36.261,2.220167,mip,commune_centroid,spa-at-pharma-khemis-miliana
46-dm-01,SARL TOP GLOVES LATEX INDUSTRIES,SARL TOP GLOVES LATEX INDUSTRIES,fabricant,dm,Fabricant de dispositifs médicaux,مصنّع أجهزة طبية,Aïn Témouchent,عين تموشنت,46,Ain Temouchent,4601,35.297,-1.133333,mip+research,commune_centroid,sarl-top-gloves-latex-industries
