id,name,name_fr,name_ar,wilaya_code,commune_code,commune,lat,lng,geo_precision,geo_method,source,type,type_label_fr,type_label_ar,sector,abbreviation,address,phone,fax,slug
01-centre_formation-01,المعهد التكنولوجي الفلاحي المتخصص أدرار,,المعهد التكنولوجي الفلاحي المتخصص أدرار,01,,,27.87429,-0.297222,approximate,wilaya_centroid,madr,centre_formation,Institut et centre de formation,معهد ومركز التكوين,public,ITMAS Adrar,,049904950,,itmas-adrar
01-chambre_agriculture-01,Chambre d'Agriculture de Adrar,Chambre d'Agriculture de Adrar,الغرفة الفلاحية لولاية أدرار,01,0101,Adrar,27.87429,-0.297222,approximate,commune_centroid,madr,chambre_agriculture,Chambre d'Agriculture,الغرفة الفلاحية,public,,حي محمد بوضياف وسط مدينة الهامل 01000 أدرار,049351724,049351724,chambre-d-agriculture-de-adrar
01-conservation_forets-01,Conservation des Forêts de Adrar,Conservation des Forêts de Adrar,محافظة الغابات أدرار,01,,,27.87429,-0.297222,approximate,wilaya_centroid,madr,conservation_forets,Conservation des Forêts,محافظة الغابات,public,,حي أولاد أونقالا (مقر الولاية سابقا) 389,049361232,049361234,conservation-des-forets-de-adrar
01-dsa-01,Direction des Services Agricoles de Adrar,Direction des Services Agricoles de Adrar,مديرية المصالح الفلاحية لولاية أدرار,01,,,27.87429,-0.297222,approximate,wilaya_centroid,madr,dsa,Direction des Services Agricoles,مديرية المصالح الفلاحية,public,,طريق طالب محمد,049364828,049364811,direction-des-services-agricoles-de-adrar
02-chambre_agriculture-01,Chambre d'Agriculture de Chlef,Chambre d'Agriculture de Chlef,الغرفة الفلاحية لولاية الشلف,02,,,36.1647,1.3317,approximate,wilaya_centroid,madr,chambre_agriculture,Chambre d'Agriculture,الغرفة الفلاحية,public,,حي بوسونة مقابل الضمان الاجتماعي 02000,027774663,027790857,chambre-d-agriculture-de-chlef
02-conservation_forets-01,Conservation des Forêts de Chlef,Conservation des Forêts de Chlef,محافظة الغابات الشلف,02,,,36.1647,1.3317,approximate,wilaya_centroid,madr,conservation_forets,Conservation des Forêts,محافظة الغابات,public,,"نهج الأمير عبد القادر ص,ب 232",027771808,027771616,conservation-des-forets-de-chlef
02-dsa-01,Direction des Services Agricoles de Chlef,Direction des Services Agricoles de Chlef,مديرية المصالح الفلاحية لولاية الشلف,02,0201,Chlef,36.1647,1.3317,approximate,commune_centroid,madr,dsa,Direction des Services Agricoles,مديرية المصالح الفلاحية,public,,شارع بلحمري جيلالي، الشلف,027775900,027790575,direction-des-services-agricoles-de-chlef
03-chambre_agriculture-01,Chambre d'Agriculture de Laghouat,Chambre d'Agriculture de Laghouat,الغرفة الفلاحية لولاية الأغواط,03,0301,Laghouat,33.8,2.875,approximate,commune_centroid,madr,chambre_agriculture,Chambre d'Agriculture,الغرفة الفلاحية,public,,مدينة 5جويلية حديقة المعمورة 03000 الأغواط,029134301,029134300,chambre-d-agriculture-de-laghouat
03-conservation_forets-01,Conservation des Forêts de Laghouat,Conservation des Forêts de Laghouat,محافظة الغابات الأغواط,03,0301,Laghouat,33.8,2.875,approximate,commune_centroid,madr,conservation_forets,Conservation des Forêts,محافظة الغابات,public,,الحي الإداري المحاريف، الأغواط,029145400,029145401,conservation-des-forets-de-laghouat
03-dsa-01,Direction des Services Agricoles de Laghouat,Direction des Services Agricoles de Laghouat,مديرية المصالح الفلاحية لولاية الأغواط,03,,,33.8,2.875,approximate,wilaya_centroid,madr,dsa,Direction des Services Agricoles,مديرية المصالح الفلاحية,public,,محافير,029145412,029146484,direction-des-services-agricoles-de-laghouat
04-chambre_agriculture-01,Chambre d'Agriculture de Oum El Bouaghi,Chambre d'Agriculture de Oum El Bouaghi,الغرفة الفلاحية لولاية أم البواقي,04,,,35.8706,7.117,approximate,wilaya_centroid,madr,chambre_agriculture,Chambre d'Agriculture,الغرفة الفلاحية,public,,شارع مدفون,032560726,032560651,chambre-d-agriculture-de-oum-el-bouaghi
04-conservation_forets-01,Conservation des Forêts de Oum El Bouaghi,Conservation des Forêts de Oum El Bouaghi,محافظة الغابات أم البواقي,04,0401,Oum El Bouaghi,35.8706,7.117,approximate,commune_centroid,madr,conservation_forets,Conservation des Forêts,محافظة الغابات,public,,"حي 18 فيفري ص,ب رقم 41، أم البواقي",032563614,032545717,conservation-des-forets-de-oum-el-bouaghi
04-dsa-01,Direction des Services Agricoles de Oum El Bouaghi,Direction des Services Agricoles de Oum El Bouaghi,مديرية المصالح الفلاحية لولاية أم البواقي,04,0401,Oum El Bouaghi,35.8706,7.117,approximate,commune_centroid,madr,dsa,Direction des Services Agricoles,مديرية المصالح الفلاحية,public,,حي العربي بن مهيدي، أم البواقي,032563110,032563262,direction-des-services-agricoles-de-oum-el-bouaghi
05-chambre_agriculture-01,Chambre d'Agriculture de Batna,Chambre d'Agriculture de Batna,الغرفة الفلاحية لولاية باتنة,05,0501,Batna,35.55597,6.1741447,approximate,commune_centroid,madr,chambre_agriculture,Chambre d'Agriculture,الغرفة الفلاحية,public,,حي ادم الاخضرار05000 باتنة,033814656,033803879,chambre-d-agriculture-de-batna
05-conservation_forets-01,Conservation des Forêts de Batna,Conservation des Forêts de Batna,محافظة الغابات باتنة,05,0501,Batna,35.55597,6.1741447,approximate,commune_centroid,madr,conservation_forets,Conservation des Forêts,محافظة الغابات,public,,الحي الإداري الجديد، باتنة 03,033807031,033853902,conservation-des-forets-de-batna
05-dsa-01,Direction des Services Agricoles de Batna,Direction des Services Agricoles de Batna,مديرية المصالح الفلاحية لولاية باتنة,05,,,35.55597,6.1741447,approximate,wilaya_centroid,madr,dsa,Direction des Services Agricoles,مديرية المصالح الفلاحية,public,,حي كشيدة,033852568,033807044,direction-des-services-agricoles-de-batna
05-institut_recherche-01,المدرسة الوطنية للغابات,,المدرسة الوطنية للغابات,05,,,35.55597,6.1741447,approximate,wilaya_centroid,madr,institut_recherche,Institut technique et de recherche scientifique,معهد تقني ومركز بحث علمي,public,ENAF,,033857454,,enaf
06-chambre_agriculture-01,Chambre d'Agriculture de Béjaïa,Chambre d'Agriculture de Béjaïa,الغرفة الفلاحية لولاية بجاية,06,0601,Bejaia,36.7508896,5.0567333,approximate,commune_centroid,madr,chambre_agriculture,Chambre d'Agriculture,الغرفة الفلاحية,public,,50مسكن حي رابية ناصيرية 0600 بجاية,034164185,034164186,chambre-d-agriculture-de-bejaia
06-conservation_forets-01,Conservation des Forêts de Béjaïa,Conservation des Forêts de Béjaïa,محافظة الغابات بجاية,06,0601,Bejaia,36.7508896,5.0567333,approximate,commune_centroid,madr,conservation_forets,Conservation des Forêts,محافظة الغابات,public,,طريق فاتح محفوظي المنطقة الصناعية، بجاية,034187090,034187128,conservation-des-forets-de-bejaia
06-dsa-01,Direction des Services Agricoles de Béjaïa,Direction des Services Agricoles de Béjaïa,مديرية المصالح الفلاحية لولاية بجاية,06,0601,Bejaia,36.7508896,5.0567333,approximate,commune_centroid,madr,dsa,Direction des Services Agricoles,مديرية المصالح الفلاحية,public,,الحي الإداري الجديد، طريق الإخوة ثابت، بجاية,034102606,034102612,direction-des-services-agricoles-de-bejaia
07-chambre_agriculture-01,Chambre d'Agriculture de Biskra,Chambre d'Agriculture de Biskra,الغرفة الفلاحية لولاية بسكرة,07,0701,Biskra,34.8,5.7510475,approximate,commune_centroid,madr,chambre_agriculture,Chambre d'Agriculture,الغرفة الفلاحية,public,,356شارع الاخواة جزار وسط المدينة 07000 بسكرة,033537470,033537469,chambre-d-agriculture-de-biskra
07-conservation_forets-01,Conservation des Forêts de Biskra,Conservation des Forêts de Biskra,محافظة الغابات بسكرة,07,0701,Biskra,34.8,5.7510475,approximate,commune_centroid,madr,conservation_forets,Conservation des Forêts,محافظة الغابات,public,,حارة الواد بسكرة,033530454,033530453,conservation-des-forets-de-biskra
07-dsa-01,Direction des Services Agricoles de Biskra,Direction des Services Agricoles de Biskra,مديرية المصالح الفلاحية لولاية بسكرة,07,,,34.8,5.7510475,approximate,wilaya_centroid,madr,dsa,Direction des Services Agricoles,مديرية المصالح الفلاحية,public,,شارع الامير عبد القادر المحطة,033558372,033558371,direction-des-services-agricoles-de-biskra
07-groupe_public-01,مجمع تثمين الانتاج الفلاحي,,مجمع تثمين الانتاج الفلاحي,07,,,34.8,5.7510475,approximate,wilaya_centroid,madr,groupe_public,Complexe / Groupe public,مجمع عمومي,public,Filiale SUDACO,شارع المحطة ص ب 64,033627019,033627020,filiale-sudaco
07-institut_recherche-01,لمعهد التقني لتنمية الزراعة الصحراوية,,لمعهد التقني لتنمية الزراعة الصحراوية,07,,,34.8,5.7510475,approximate,wilaya_centroid,madr,institut_recherche,Institut technique et de recherche scientifique,معهد تقني ومركز بحث علمي,public,ITDAS,,033624291,033624278,itdas
08-chambre_agriculture-01,Chambre d'Agriculture de Béchar,Chambre d'Agriculture de Béchar,الغرفة الفلاحية لولاية بشار,08,0801,Bechar,31.61667,-2.21667,approximate,commune_centroid,madr,chambre_agriculture,Chambre d'Agriculture,الغرفة الفلاحية,public,,حي غراسا 0800 بشار,049215715,049215715,chambre-d-agriculture-de-bechar
08-conservation_forets-01,Conservation des Forêts de Béchar,Conservation des Forêts de Béchar,محافظة الغابات بشار,08,0801,Bechar,31.61667,-2.21667,approximate,commune_centroid,madr,conservation_forets,Conservation des Forêts,محافظة الغابات,public,,"ص,ب 193 طريق المطار، بشار",049262183,049262182,conservation-des-forets-de-bechar
08-dsa-01,Direction des Services Agricoles de Béchar,Direction des Services Agricoles de Béchar,مديرية المصالح الفلاحية لولاية بشار,08,,,31.61667,-2.21667,approximate,wilaya_centroid,madr,dsa,Direction des Services Agricoles,مديرية المصالح الفلاحية,public,,05، العقيد شابو برقة,049210362,049210364,direction-des-services-agricoles-de-bechar
09-chambre_agriculture-01,Chambre d'Agriculture de Blida,Chambre d'Agriculture de Blida,الغرفة الفلاحية لولاية البليدة,09,0901,Blida,36.47004,2.8319,approximate,commune_centroid,madr,chambre_agriculture,Chambre d'Agriculture,الغرفة الفلاحية,public,,10نهج بن بولعيد البليدة 09000,025234417,026234416,chambre-d-agriculture-de-blida
09-conservation_forets-01,Conservation des Forêts de Blida,Conservation des Forêts de Blida,محافظة الغابات البليدة,09,,,36.47004,2.8319,approximate,wilaya_centroid,madr,conservation_forets,Conservation des Forêts,محافظة الغابات,public,,طرق واد العلايق – 13 زبانة (90000 بليدة),025235815,025235817,conservation-des-forets-de-blida
09-dsa-01,Direction des Services Agricoles de Blida,Direction des Services Agricoles de Blida,مديرية المصالح الفلاحية لولاية البليدة,09,,,36.47004,2.8319,approximate,wilaya_centroid,madr,dsa,Direction des Services Agricoles,مديرية المصالح الفلاحية,public,,حي عزي علي سيدي عبد القادر,025391347,025246531,direction-des-services-agricoles-de-blida
09-groupe_public-01,مجمع تثمين الانتاج الفلاحي,,مجمع تثمين الانتاج الفلاحي,09,0901,Blida,36.47004,2.8319,approximate,commune_centroid,madr,groupe_public,Complexe / Groupe public,مجمع عمومي,public,Filiale AGRAL/AM,طريق بن صاري شبلي البليدة,025486844,025486842,filiale-agral-am
09-groupe_public-02,مــــجــمــع الــهــنــدســـة الــريـــفــيــة,,مــــجــمــع الــهــنــدســـة الــريـــفــيــة,09,0901,Blida,36.47004,2.8319,approximate,commune_centroid,madr,groupe_public,Complexe / Groupe public,مجمع عمومي,public,GGR,طريق بن صاري شبلي ولاية البليدة,025486847,025486852,ggr
10-chambre_agriculture-01,Chambre d'Agriculture de Bouira,Chambre d'Agriculture de Bouira,الغرفة الفلاحية لولاية البويرة,10,1001,Bouira,36.37763,3.8962348,approximate,commune_centroid,madr,chambre_agriculture,Chambre d'Agriculture,الغرفة الفلاحية,public,,شارع بوكارو مخلوف 1000 البويرة,026730172,026730101,chambre-d-agriculture-de-bouira
10-conservation_forets-01,Conservation des Forêts de Bouira,Conservation des Forêts de Bouira,محافظة الغابات البويرة,10,,,36.37763,3.8962348,approximate,wilaya_centroid,madr,conservation_forets,Conservation des Forêts,محافظة الغابات,public,,منطقة الحظائرن ولاية بويرة,026732839,026930131,conservation-des-forets-de-bouira
10-dsa-01,Direction des Services Agricoles de Bouira,Direction des Services Agricoles de Bouira,مديرية المصالح الفلاحية لولاية البويرة,10,,,36.37763,3.8962348,approximate,wilaya_centroid,madr,dsa,Direction des Services Agricoles,مديرية المصالح الفلاحية,public,,طريق بوكارو مخلوف,026730210,026730177,direction-des-services-agricoles-de-bouira
11-chambre_agriculture-01,Chambre d'Agriculture de Tamanrasset,Chambre d'Agriculture de Tamanrasset,الغرفة الفلاحية لولاية تمنراست,11,,,22.7888209,5.52278,approximate,wilaya_centroid,madr,chambre_agriculture,Chambre d'Agriculture,الغرفة الفلاحية,public,,شارع سعيد مقراني وسط المدينة,029314001,029314001,chambre-d-agriculture-de-tamanrasset
11-conservation_forets-01,Conservation des Forêts de Tamanrasset,Conservation des Forêts de Tamanrasset,محافظة الغابات تمنراست,11,1101,Tamanrasset,22.7888209,5.52278,approximate,commune_centroid,madr,conservation_forets,Conservation des Forêts,محافظة الغابات,public,,"حي الشموعة، ص,ب 126، تمنراست",029320147,029320147,conservation-des-forets-de-tamanrasset
11-dsa-01,Direction des Services Agricoles de Tamanrasset,Direction des Services Agricoles de Tamanrasset,مديرية المصالح الفلاحية لولاية تمنراست,11,,,22.7888209,5.52278,approximate,wilaya_centroid,madr,dsa,Direction des Services Agricoles,مديرية المصالح الفلاحية,public,,3048حي السلام,029310210,029310211,direction-des-services-agricoles-de-tamanrasset
12-chambre_agriculture-01,Chambre d'Agriculture de Tébessa,Chambre d'Agriculture de Tébessa,الغرفة الفلاحية لولاية تبسة,12,1201,Tebessa,35.405556,8.12417,approximate,commune_centroid,madr,chambre_agriculture,Chambre d'Agriculture,الغرفة الفلاحية,public,,حي شهلة عمارة رقم 02 تبسة 12000,037562041,037483042,chambre-d-agriculture-de-tebessa
12-conservation_forets-01,Conservation des Forêts de Tébessa,Conservation des Forêts de Tébessa,محافظة الغابات تبسة,12,1201,Tebessa,35.405556,8.12417,approximate,commune_centroid,madr,conservation_forets,Conservation des Forêts,محافظة الغابات,public,,حيالهواء الجميل وسط ، تبسة,037555948,037555654,conservation-des-forets-de-tebessa
12-dsa-01,Direction des Services Agricoles de Tébessa,Direction des Services Agricoles de Tébessa,مديرية المصالح الفلاحية لولاية تبسة,12,,,35.405556,8.12417,approximate,wilaya_centroid,madr,dsa,Direction des Services Agricoles,مديرية المصالح الفلاحية,public,,طريق قسنطينة,037592700,037592837,direction-des-services-agricoles-de-tebessa
13-chambre_agriculture-01,Chambre d'Agriculture de Tlemcen,Chambre d'Agriculture de Tlemcen,الغرفة الفلاحية لولاية تلمسان,13,,,34.882777,-1.316667,approximate,wilaya_centroid,madr,chambre_agriculture,Chambre d'Agriculture,الغرفة الفلاحية,public,,,043422031,043592837,chambre-d-agriculture-de-tlemcen
13-conservation_forets-01,Conservation des Forêts de Tlemcen,Conservation des Forêts de Tlemcen,محافظة الغابات تلمسان,13,1301,Tlemcen,34.882777,-1.316667,approximate,commune_centroid,madr,conservation_forets,Conservation des Forêts,محافظة الغابات,public,,"ص,ب رقم 369، تلمسان",043278562,043271479,conservation-des-forets-de-tlemcen
13-dsa-01,Direction des Services Agricoles de Tlemcen,Direction des Services Agricoles de Tlemcen,مديرية المصالح الفلاحية لولاية تلمسان,13,1301,Tlemcen,34.882777,-1.316667,approximate,commune_centroid,madr,dsa,Direction des Services Agricoles,مديرية المصالح الفلاحية,public,,شارع 24 متر، تلمسان,043422347,043422031,direction-des-services-agricoles-de-tlemcen
14-chambre_agriculture-01,Chambre d'Agriculture de Tiaret,Chambre d'Agriculture de Tiaret,الغرفة الفلاحية لولاية تيارت,14,1401,Tiaret,35.3667,1.3167,approximate,commune_centroid,madr,chambre_agriculture,Chambre d'Agriculture,الغرفة الفلاحية,public,,حي 1575 مسكن محمد جحلان تيارت 14000,046221829,046426430,chambre-d-agriculture-de-tiaret
14-conservation_forets-01,Conservation des Forêts de Tiaret,Conservation des Forêts de Tiaret,محافظة الغابات تيارت,14,1401,Tiaret,35.3667,1.3167,approximate,commune_centroid,madr,conservation_forets,Conservation des Forêts,محافظة الغابات,public,,"حي عرباوي عبد القادر، مقابل حي دبي، ص,ب 118، تيارت",046254212,046207816,conservation-des-forets-de-tiaret
14-dsa-01,Direction des Services Agricoles de Tiaret,Direction des Services Agricoles de Tiaret,مديرية المصالح الفلاحية لولاية تيارت,14,1401,Tiaret,35.3667,1.3167,approximate,commune_centroid,madr,dsa,Direction des Services Agricoles,مديرية المصالح الفلاحية,public,,شارع بوليس عمار، طريق بوشقيف، تيارت,046244408,046244407,direction-des-services-agricoles-de-tiaret
15-centre_formation-01,المعهد التكنولوجي الفلاحي المتخصص تيزي وزو,,المعهد التكنولوجي الفلاحي المتخصص تيزي وزو,15,,,36.733333,4.05,approximate,wilaya_centroid,madr,centre_formation,Institut et centre de formation,معهد ومركز التكوين,public,ITMAS Tizi Ouzou,,026207051,,itmas-tizi-ouzou
15-chambre_agriculture-01,Chambre d'Agriculture de Tizi Ouzou,Chambre d'Agriculture de Tizi Ouzou,الغرفة الفلاحية لولاية تيزي وزو,15,,,36.733333,4.05,approximate,wilaya_centroid,madr,chambre_agriculture,Chambre d'Agriculture,الغرفة الفلاحية,public,,حي 500 مسكن,026200508,026205469,chambre-d-agriculture-de-tizi-ouzou
15-conservation_forets-01,Conservation des Forêts de Tizi Ouzou,Conservation des Forêts de Tizi Ouzou,محافظة الغابات تيزي وزو,15,,,36.733333,4.05,approximate,wilaya_centroid,madr,conservation_forets,Conservation des Forêts,محافظة الغابات,public,,رقم 12، طريق لامالي أحمد، تيزيوزو,026122927,026122557,conservation-des-forets-de-tizi-ouzou
15-dsa-01,Direction des Services Agricoles de Tizi Ouzou,Direction des Services Agricoles de Tizi Ouzou,مديرية المصالح الفلاحية لولاية تيزي وزو,15,,,36.733333,4.05,approximate,wilaya_centroid,madr,dsa,Direction des Services Agricoles,مديرية المصالح الفلاحية,public,,الثانوية الجديدة، محطة القطار، سوق الفلاح بلوعة,026209036,026200508,direction-des-services-agricoles-de-tizi-ouzou
16-centre_formation-01,المعهد التكنولوجي الفلاحي المتخصص الجزائر,,المعهد التكنولوجي الفلاحي المتخصص الجزائر,16,,,36.76846,3.0909,approximate,wilaya_centroid,madr,centre_formation,Institut et centre de formation,معهد ومركز التكوين,public,ITMAS Alger,,021868236,,itmas-alger
16-chambre_agriculture-01,Chambre d'Agriculture de Alger,Chambre d'Agriculture de Alger,الغرفة الفلاحية لولاية الجزائر,16,,,36.76846,3.0909,approximate,wilaya_centroid,madr,chambre_agriculture,Chambre d'Agriculture,الغرفة الفلاحية,public,,محمد علي محمد علي العجمي 16058,021219396,021210039,chambre-d-agriculture-de-alger
16-chambre_agriculture-02,Chambre d'Agriculture de Alger,Chambre d'Agriculture de Alger,الغرفة الفلاحية لولاية الجزائر,16,1629,Mohammadia,36.7349528,3.1528692,approximate,commune_centroid,madr,chambre_agriculture,Chambre d'Agriculture,الغرفة الفلاحية,public,,المحمدية الصنوبر البحري,021210483,021210483,chambre-d-agriculture-de-alger-2
16-conservation_forets-01,Conservation des Forêts de Alger,Conservation des Forêts de Alger,محافظة الغابات الجزائر,16,,,36.76846,3.0909,approximate,wilaya_centroid,madr,conservation_forets,Conservation des Forêts,محافظة الغابات,public,,المزرعة النموذجية (الجزائرية) المحمدية، الجزائر,021514498,021514497,conservation-des-forets-de-alger
16-dsa-01,Direction des Services Agricoles de Alger,Direction des Services Agricoles de Alger,مديرية المصالح الفلاحية لولاية الجزائر,16,,,36.76846,3.0909,approximate,wilaya_centroid,madr,dsa,Direction des Services Agricoles,مديرية المصالح الفلاحية,public,,الطريق الوطني رقم 05 خمسة مقابل مقبرة العالية,021522745,021523606,direction-des-services-agricoles-de-alger
16-groupe_public-01,مجمع الحليب,,مجمع الحليب,16,1617,Hussein Dey,36.744147,3.092008,approximate,commune_centroid,madr,groupe_public,Complexe / Groupe public,مجمع عمومي,public,GIPLAIT,01ساحة سليمان حمادوش حسين داي,023771241,023771243,giplait
16-groupe_public-02,مجمع الصناعات الغدائية و اللوجسيتيك,,مجمع الصناعات الغدائية و اللوجسيتيك,16,,,36.76846,3.0909,approximate,wilaya_centroid,madr,groupe_public,Complexe / Groupe public,مجمع عمومي,public,AGROLOG,22شارع المعدومين 17 ماي 1957 العناصر,021678809,021674014,agrolog
16-groupe_public-03,مجمع تثمين الانتاج الفلاحي (GVAPRO),,مجمع تثمين الانتاج الفلاحي,16,,,36.76846,3.0909,approximate,wilaya_centroid,madr,groupe_public,Complexe / Groupe public,مجمع عمومي,public,GVAPRO,22 شارع المعدومين 17 ماي 1957 العناصر,021676444,021674453,gvapro
16-groupe_public-04,مجمع تثمين الانتاج الفلاحي (Filiale SARBO),,مجمع تثمين الانتاج الفلاحي,16,,,36.76846,3.0909,approximate,wilaya_centroid,madr,groupe_public,Complexe / Groupe public,مجمع عمومي,public,Filiale SARBO,08نهج عبد الحمان ميرة باب الواد,021966799,021967667,filiale-sarbo
16-groupe_public-05,مجمع تثمين الانتاج الفلاحي (Filiale SOTRAVIT),,مجمع تثمين الانتاج الفلاحي,16,,,36.76846,3.0909,approximate,wilaya_centroid,madr,groupe_public,Complexe / Groupe public,مجمع عمومي,public,Filiale SOTRAVIT,,021737275,021737297,filiale-sotravit
16-institut_recherche-01,المركز الوطني للتلقيح الاصطناعي و التحسين الوراثي,,المركز الوطني للتلقيح الاصطناعي و التحسين الوراثي,16,,,36.76846,3.0909,approximate,wilaya_centroid,madr,institut_recherche,Institut technique et de recherche scientifique,معهد تقني ومركز بحث علمي,public,CNIAAG,,023400012,023400012,cniaag
16-institut_recherche-02,المركز الوطني لمراقبة البذور و الشتائل و تصديقها,,المركز الوطني لمراقبة البذور و الشتائل و تصديقها,16,,,36.76846,3.0909,approximate,wilaya_centroid,madr,institut_recherche,Institut technique et de recherche scientifique,معهد تقني ومركز بحث علمي,public,CNCC,,021521213,021529900,cncc
16-institut_recherche-03,المعهد التقني لتربية الحيوانات,,المعهد التقني لتربية الحيوانات,16,,,36.76846,3.0909,approximate,wilaya_centroid,madr,institut_recherche,Institut technique et de recherche scientifique,معهد تقني ومركز بحث علمي,public,ITELV,,023570178,023570181,itelv
16-institut_recherche-04,المعهد التقني لزراعة أشجار الفاكهة والكروم,,المعهد التقني لزراعة أشجار الفاكهة والكروم,16,,,36.76846,3.0909,approximate,wilaya_centroid,madr,institut_recherche,Institut technique et de recherche scientifique,معهد تقني ومركز بحث علمي,public,ITAFV,,023583860,023583864,itafv
16-institut_recherche-05,المعهد التقني للزراعات الواسعة,,المعهد التقني للزراعات الواسعة,16,,,36.76846,3.0909,approximate,wilaya_centroid,madr,institut_recherche,Institut technique et de recherche scientifique,معهد تقني ومركز بحث علمي,public,ITGC,,023828553,023828553,itgc
16-institut_recherche-06,المعهد الوطني الجزائري للبحث الزراعي,,المعهد الوطني الجزائري للبحث الزراعي,16,,,36.76846,3.0909,approximate,wilaya_centroid,madr,institut_recherche,Institut technique et de recherche scientifique,معهد تقني ومركز بحث علمي,public,INRAA,,023828564,023828563,inraa
16-institut_recherche-07,المعهد الوطني لحماية النباتات,,المعهد الوطني لحماية النباتات,16,,,36.76846,3.0909,approximate,wilaya_centroid,madr,institut_recherche,Institut technique et de recherche scientifique,معهد تقني ومركز بحث علمي,public,INPV,,023828885,023828896,inpv
16-institut_recherche-08,المعهد الوطني للأبحاث الغابية,,المعهد الوطني للأبحاث الغابية,16,,,36.76846,3.0909,approximate,wilaya_centroid,madr,institut_recherche,Institut technique et de recherche scientifique,معهد تقني ومركز بحث علمي,public,INRF,,021901223,021901026,inrf
16-institut_recherche-09,المعهد الوطني للأراضي والسقي وصرف المياه,,المعهد الوطني للأراضي والسقي وصرف المياه,16,,,36.76846,3.0909,approximate,wilaya_centroid,madr,institut_recherche,Institut technique et de recherche scientifique,معهد تقني ومركز بحث علمي,public,INSID,,021825457,021825739,insid
16-institut_recherche-10,المعهد الوطني للإرشاد الزراعي,,المعهد الوطني للإرشاد الزراعي,16,,,36.76846,3.0909,approximate,wilaya_centroid,madr,institut_recherche,Institut technique et de recherche scientifique,معهد تقني ومركز بحث علمي,public,INVA,,021543417,,inva
16-institut_recherche-11,المعهد الوطني للطب البيطري,,المعهد الوطني للطب البيطري,16,,,36.76846,3.0909,approximate,wilaya_centroid,madr,institut_recherche,Institut technique et de recherche scientifique,معهد تقني ومركز بحث علمي,public,INMV,,021536760,021536720,inmv
16-institut_recherche-12,لمعهد التقني لزراعة البقول و الزراعات الصناعية,,لمعهد التقني لزراعة البقول و الزراعات الصناعية,16,,,36.76846,3.0909,approximate,wilaya_centroid,madr,institut_recherche,Institut technique et de recherche scientifique,معهد تقني ومركز بحث علمي,public,ITCMI,,021393690,021393692,itcmi
16-office_public-01,الديوان الجزائري المهني للحبوب,,الديوان الجزائري المهني للحبوب,16,,,36.76846,3.0909,approximate,wilaya_centroid,madr,office_public,Office économique public,ديوان اقتصادي عمومي,public,OAIC,05 شارع فرحات بوسعد / الجزائر,021237304,021237313,oaic
16-office_public-02,الديوان الوطني المهني المشترك للخضر والفواكه واللحوم,,الديوان الوطني المهني المشترك للخضر والفواكه واللحوم,16,1657,Ain Benian,36.791944,2.9337917,approximate,commune_centroid,madr,office_public,Office économique public,ديوان اقتصادي عمومي,public,ONILEV,توري حميدة ، طريق الشراقة ، عين بنيان ، الجزائر العاصمة,023210296,023210294,onilev
16-office_public-03,الديوان الوطني المهني للحليب ومشتقاته,,الديوان الوطني المهني للحليب ومشتقاته,16,,,36.76846,3.0909,approximate,wilaya_centroid,madr,office_public,Office économique public,ديوان اقتصادي عمومي,public,ONIL,المنطقة الصناعية ، الطريق الوطني رقم 01 بوفاريك ، البليدة,025283787,021283632,onil
16-office_public-04,الديوان الوطني للأراضي الفلاحية,,الديوان الوطني للأراضي الفلاحية,16,,,36.76846,3.0909,approximate,wilaya_centroid,madr,office_public,Office économique public,ديوان اقتصادي عمومي,public,ONTA,شارع علي بوحجة ، بيرتوتة 16045,023401682,023401682,onta
17-centre_formation-01,المعهد التكنولوجي الفلاحي المتخصص الجلفة,,المعهد التكنولوجي الفلاحي المتخصص الجلفة,17,,,34.67279,3.25,approximate,wilaya_centroid,madr,centre_formation,Institut et centre de formation,معهد ومركز التكوين,public,ITMAS Djelfa,,027921842,,itmas-djelfa
17-chambre_agriculture-01,Chambre d'Agriculture de Djelfa,Chambre d'Agriculture de Djelfa,الغرفة الفلاحية لولاية الجلفة,17,1701,Djelfa,34.67279,3.25,approximate,commune_centroid,madr,chambre_agriculture,Chambre d'Agriculture,الغرفة الفلاحية,public,,ساحة محمد بوضياف وسط المدينة 17000 الجلفة,027923419,027923155,chambre-d-agriculture-de-djelfa
17-conservation_forets-01,Conservation des Forêts de Djelfa,Conservation des Forêts de Djelfa,محافظة الغابات الجلفة,17,,,34.67279,3.25,approximate,wilaya_centroid,madr,conservation_forets,Conservation des Forêts,محافظة الغابات,public,,شارع 05 جويلية (بنات بلكحل)الجلفة,027923419,027873898,conservation-des-forets-de-djelfa
17-dsa-01,Direction des Services Agricoles de Djelfa,Direction des Services Agricoles de Djelfa,مديرية المصالح الفلاحية لولاية الجلفة,17,1701,Djelfa,34.67279,3.25,approximate,commune_centroid,madr,dsa,Direction des Services Agricoles,مديرية المصالح الفلاحية,public,,حي راس العيون، طريق الأغواط الجلفة,027921857,027921859,direction-des-services-agricoles-de-djelfa
17-institut_recherche-01,المحافظة السامية لتطوير السهوب,,المحافظة السامية لتطوير السهوب,17,,,34.67279,3.25,approximate,wilaya_centroid,madr,institut_recherche,Institut technique et de recherche scientifique,معهد تقني ومركز بحث علمي,public,HCDS,,027875304,,hcds
18-centre_formation-01,مركز التكوين الأعوان التقنيين المتخصصين في الغابات جيجل,,مركز التكوين الأعوان التقنيين المتخصصين في الغابات جيجل,18,,,36.82055,5.7667,approximate,wilaya_centroid,madr,centre_formation,Institut et centre de formation,معهد ومركز التكوين,public,CFATSF Jijel,,034584317,,cfatsf-jijel
18-chambre_agriculture-01,Chambre d'Agriculture de Jijel,Chambre d'Agriculture de Jijel,الغرفة الفلاحية لولاية جيجل,18,1801,Jijel,36.82055,5.7667,approximate,commune_centroid,madr,chambre_agriculture,Chambre d'Agriculture,الغرفة الفلاحية,public,,شارع 1 نوفمبر وسط المدينة 18000 جيجل,034471235,034497576,chambre-d-agriculture-de-jijel
18-conservation_forets-01,Conservation des Forêts de Jijel,Conservation des Forêts de Jijel,محافظة الغابات جيجل,18,1801,Jijel,36.82055,5.7667,approximate,commune_centroid,madr,conservation_forets,Conservation des Forêts,محافظة الغابات,public,,طرق قسنطينةن جيجل 18000,034471736,034474627,conservation-des-forets-de-jijel
18-dsa-01,Direction des Services Agricoles de Jijel,Direction des Services Agricoles de Jijel,مديرية المصالح الفلاحية لولاية جيجل,18,,,36.82055,5.7667,approximate,wilaya_centroid,madr,dsa,Direction des Services Agricoles,مديرية المصالح الفلاحية,public,,الحي الإداري أولاد عيسى,034471580,034495980,direction-des-services-agricoles-de-jijel
19-centre_formation-01,المعهد التكنولوجي الفلاحي المتخصص سطيف,,المعهد التكنولوجي الفلاحي المتخصص سطيف,19,,,36.19112,5.4150871,approximate,wilaya_centroid,madr,centre_formation,Institut et centre de formation,معهد ومركز التكوين,public,ITMAS Setif,,036619251,,itmas-setif
19-chambre_agriculture-01,Chambre d'Agriculture de Sétif,Chambre d'Agriculture de Sétif,الغرفة الفلاحية لولاية سطيف,19,1901,Setif,36.19112,5.4150871,approximate,commune_centroid,madr,chambre_agriculture,Chambre d'Agriculture,الغرفة الفلاحية,public,,حي القلاع عين توبنات 19000 سطيف,036621610,036621629,chambre-d-agriculture-de-setif
19-conservation_forets-01,Conservation des Forêts de Sétif,Conservation des Forêts de Sétif,محافظة الغابات سطيف,19,1901,Setif,36.19112,5.4150871,approximate,commune_centroid,madr,conservation_forets,Conservation des Forêts,محافظة الغابات,public,,حي عين تبينات سطيف,036621003,036621006,conservation-des-forets-de-setif
19-dsa-01,Direction des Services Agricoles de Sétif,Direction des Services Agricoles de Sétif,مديرية المصالح الفلاحية لولاية سطيف,19,,,36.19112,5.4150871,approximate,wilaya_centroid,madr,dsa,Direction des Services Agricoles,مديرية المصالح الفلاحية,public,,حي عين تيبينات، 19000,036621019,036621017,direction-des-services-agricoles-de-setif
19-groupe_public-01,مجمع تثمين الانتاج الفلاحي,,مجمع تثمين الانتاج الفلاحي,19,1948,Guellal,36.0353,5.328,approximate,commune_centroid,madr,groupe_public,Complexe / Groupe public,مجمع عمومي,public,Filiale SAGRODEV,ص ب 13 قلال ديار عين اولمان,036589248,036589248,filiale-sagrodev
20-chambre_agriculture-01,Chambre d'Agriculture de Saïda,Chambre d'Agriculture de Saïda,الغرفة الفلاحية لولاية سعيدة,20,2001,Saida,34.833333,0.15,approximate,commune_centroid,madr,chambre_agriculture,Chambre d'Agriculture,الغرفة الفلاحية,public,,طريق تيارت سرسور سعيدة,048410424,048410417,chambre-d-agriculture-de-saida
20-conservation_forets-01,Conservation des Forêts de Saïda,Conservation des Forêts de Saïda,محافظة الغابات سعيدة,20,2001,Saida,34.833333,0.15,approximate,commune_centroid,madr,conservation_forets,Conservation des Forêts,محافظة الغابات,public,,طريق تيارت 20000 ولاية سعيدة,048516584,048410313,conservation-des-forets-de-saida
20-dsa-01,Direction des Services Agricoles de Saïda,Direction des Services Agricoles de Saïda,مديرية المصالح الفلاحية لولاية سعيدة,20,2001,Saida,34.833333,0.15,approximate,commune_centroid,madr,dsa,Direction des Services Agricoles,مديرية المصالح الفلاحية,public,,حي الرياض، سعيدة,048374123,048374121,direction-des-services-agricoles-de-saida
21-chambre_agriculture-01,Chambre d'Agriculture de Skikda,Chambre d'Agriculture de Skikda,الغرفة الفلاحية لولاية سكيكدة,21,2101,Skikda,36.87617,6.9,approximate,commune_centroid,madr,chambre_agriculture,Chambre d'Agriculture,الغرفة الفلاحية,public,,03شالرع مداغي ديدوش مراد 21000 سكيكدة,038752310,038573916,chambre-d-agriculture-de-skikda
21-conservation_forets-01,Conservation des Forêts de Skikda,Conservation des Forêts de Skikda,محافظة الغابات سكيكدة,21,2101,Skikda,36.87617,6.9,approximate,commune_centroid,madr,conservation_forets,Conservation des Forêts,محافظة الغابات,public,,حي بوعباز، سكيكدة,038754378,038754378,conservation-des-forets-de-skikda
21-dsa-01,Direction des Services Agricoles de Skikda,Direction des Services Agricoles de Skikda,مديرية المصالح الفلاحية لولاية سكيكدة,21,,,36.87617,6.9,approximate,wilaya_centroid,madr,dsa,Direction des Services Agricoles,مديرية المصالح الفلاحية,public,,حي الإخوة شبل، سكي أوتو ديدوش مراد سابقا، 21000,038751510,038753916,direction-des-services-agricoles-de-skikda
22-chambre_agriculture-01,Chambre d'Agriculture de Sidi Bel Abbès,Chambre d'Agriculture de Sidi Bel Abbès,الغرفة الفلاحية لولاية سيدي بلعباس,22,,,35.2022249,-0.6298922,approximate,wilaya_centroid,madr,chambre_agriculture,Chambre d'Agriculture,الغرفة الفلاحية,public,,نهج الامير عبد القادر وسط المدينة,048688567,048688568,chambre-d-agriculture-de-sidi-bel-abbes
22-conservation_forets-01,Conservation des Forêts de Sidi Bel Abbès,Conservation des Forêts de Sidi Bel Abbès,محافظة الغابات سيدي بلعباس,22,2201,Sidi Bel-Abbes,35.2022249,-0.6298922,approximate,commune_centroid,madr,conservation_forets,Conservation des Forêts,محافظة الغابات,public,,رقم 55، طريق قيصر بوزيان، الحي الإداري فتيحة، سيدي بلعباس,048684738,048652358,conservation-des-forets-de-sidi-bel-abbes
22-dsa-01,Direction des Services Agricoles de Sidi Bel Abbès,Direction des Services Agricoles de Sidi Bel Abbès,مديرية المصالح الفلاحية لولاية سيدي بلعباس,22,,,35.2022249,-0.6298922,approximate,wilaya_centroid,madr,dsa,Direction des Services Agricoles,مديرية المصالح الفلاحية,public,,طريق بوخنافيس، المستشفى22000,048769507,048769512,direction-des-services-agricoles-de-sidi-bel-abbes
23-chambre_agriculture-01,Chambre d'Agriculture de Annaba,Chambre d'Agriculture de Annaba,الغرفة الفلاحية لولاية عنابة,23,,,36.9,7.7667,approximate,wilaya_centroid,madr,chambre_agriculture,Chambre d'Agriculture,الغرفة الفلاحية,public,,ساحة بلوزداد المدينة القديمة,038450000,038450101,chambre-d-agriculture-de-annaba
23-conservation_forets-01,Conservation des Forêts de Annaba,Conservation des Forêts de Annaba,محافظة الغابات عنابة,23,2301,Annaba,36.9,7.7667,approximate,commune_centroid,madr,conservation_forets,Conservation des Forêts,محافظة الغابات,public,,حي 05 جويلية 1962، عنابة,038423003,038422632,conservation-des-forets-de-annaba
23-dsa-01,Direction des Services Agricoles de Annaba,Direction des Services Agricoles de Annaba,مديرية المصالح الفلاحية لولاية عنابة,23,,,36.9,7.7667,approximate,wilaya_centroid,madr,dsa,Direction des Services Agricoles,مديرية المصالح الفلاحية,public,,ساحة الثورة 23000,038450084,038450079,direction-des-services-agricoles-de-annaba
24-centre_formation-01,المعهد التكنولوجي الفلاحي المتخصص قالمة,,المعهد التكنولوجي الفلاحي المتخصص قالمة,24,,,36.466,7.4206,approximate,wilaya_centroid,madr,centre_formation,Institut et centre de formation,معهد ومركز التكوين,public,ITMAS Guelma,,037111697,,itmas-guelma
24-chambre_agriculture-01,Chambre d'Agriculture de Guelma,Chambre d'Agriculture de Guelma,الغرفة الفلاحية لولاية قالمة,24,,,36.466,7.4206,approximate,wilaya_centroid,madr,chambre_agriculture,Chambre d'Agriculture,الغرفة الفلاحية,public,,حي بارا لخضر عقابي,037161421,037161422,chambre-d-agriculture-de-guelma
24-conservation_forets-01,Conservation des Forêts de Guelma,Conservation des Forêts de Guelma,محافظة الغابات قالمة,24,2401,Guelma,36.466,7.4206,approximate,commune_centroid,madr,conservation_forets,Conservation des Forêts,محافظة الغابات,public,,حي مخنشة عبد اللطيف قالمة,037169931,037145557,conservation-des-forets-de-guelma
24-dsa-01,Direction des Services Agricoles de Guelma,Direction des Services Agricoles de Guelma,مديرية المصالح الفلاحية لولاية قالمة,24,2401,Guelma,36.466,7.4206,approximate,commune_centroid,madr,dsa,Direction des Services Agricoles,مديرية المصالح الفلاحية,public,,حي بارة لخضر عقابي، قالمة,037111291,037111293,direction-des-services-agricoles-de-guelma
25-chambre_agriculture-01,Chambre d'Agriculture de Constantine,Chambre d'Agriculture de Constantine,الغرفة الفلاحية لولاية قسنطينة,25,,,36.365,6.642433,approximate,wilaya_centroid,madr,chambre_agriculture,Chambre d'Agriculture,الغرفة الفلاحية,public,,ساحة الشهداء وسط المدينة,031872467,031874259,chambre-d-agriculture-de-constantine
25-conservation_forets-01,Conservation des Forêts de Constantine,Conservation des Forêts de Constantine,محافظة الغابات قسنطينة,25,2501,Constantine,36.365,6.642433,approximate,commune_centroid,madr,conservation_forets,Conservation des Forêts,محافظة الغابات,public,,حي بوصوف، المرحلة الاولى/ قسنطينة,031600863,031604864,conservation-des-forets-de-constantine
25-dsa-01,Direction des Services Agricoles de Constantine,Direction des Services Agricoles de Constantine,مديرية المصالح الفلاحية لولاية قسنطينة,25,,,36.365,6.642433,approximate,wilaya_centroid,madr,dsa,Direction des Services Agricoles,مديرية المصالح الفلاحية,public,,ساحة الشهداء، وسط المدينة 25800,031872804,031873219,direction-des-services-agricoles-de-constantine
26-centre_formation-01,مركز التكوين الأعوان التقنيين المتخصصين في الغابات المدية,,مركز التكوين الأعوان التقنيين المتخصصين في الغابات المدية,26,,,36.2675,2.75,approximate,wilaya_centroid,madr,centre_formation,Institut et centre de formation,معهد ومركز التكوين,public,CFATSF Medea,,025715819,,cfatsf-medea
26-centre_formation-02,مركز التكوين و الإرشاد الفلاحي المدية,,مركز التكوين و الإرشاد الفلاحي المدية,26,,,36.2675,2.75,approximate,wilaya_centroid,madr,centre_formation,Institut et centre de formation,معهد ومركز التكوين,public,CFVA Medea,,025588926,,cfva-medea
26-chambre_agriculture-01,Chambre d'Agriculture de Médéa,Chambre d'Agriculture de Médéa,الغرفة الفلاحية لولاية المدية,26,,,36.2675,2.75,approximate,wilaya_centroid,madr,chambre_agriculture,Chambre d'Agriculture,الغرفة الفلاحية,public,,شارع مجشكير,025734615,025734613,chambre-d-agriculture-de-medea
26-conservation_forets-01,Conservation des Forêts de Médéa,Conservation des Forêts de Médéa,محافظة الغابات المدية,26,,,36.2675,2.75,approximate,wilaya_centroid,madr,conservation_forets,Conservation des Forêts,محافظة الغابات,public,,طريق سافادور ألاند، حي المصلى، مدية,025793676,025581463,conservation-des-forets-de-medea
26-dsa-01,Direction des Services Agricoles de Médéa,Direction des Services Agricoles de Médéa,مديرية المصالح الفلاحية لولاية المدية,26,,,36.2675,2.75,approximate,wilaya_centroid,madr,dsa,Direction des Services Agricoles,مديرية المصالح الفلاحية,public,,شارع سلفادور حي المصلى المدية،35000,025793685,025793686,direction-des-services-agricoles-de-medea
27-chambre_agriculture-01,Chambre d'Agriculture de Mostaganem,Chambre d'Agriculture de Mostaganem,الغرفة الفلاحية لولاية مستغانم,27,,,35.9246589,0.09,approximate,wilaya_centroid,madr,chambre_agriculture,Chambre d'Agriculture,الغرفة الفلاحية,public,,طريق غليزان ، وادي الحدائق ، BP 93,045415105,045415106,chambre-d-agriculture-de-mostaganem
27-conservation_forets-01,Conservation des Forêts de Mostaganem,Conservation des Forêts de Mostaganem,محافظة الغابات مستغانم,27,2701,Mostaganem,35.9246589,0.09,approximate,commune_centroid,madr,conservation_forets,Conservation des Forêts,محافظة الغابات,public,,01 طريق مزيان مختار 27000، مستغانم,045417468,045417465,conservation-des-forets-de-mostaganem
27-dsa-01,Direction des Services Agricoles de Mostaganem,Direction des Services Agricoles de Mostaganem,مديرية المصالح الفلاحية لولاية مستغانم,27,2701,Mostaganem,35.9246589,0.09,approximate,commune_centroid,madr,dsa,Direction des Services Agricoles,مديرية المصالح الفلاحية,public,,حي وادي الحدائق، 27000، مستغانم,045415111,045415113,direction-des-services-agricoles-de-mostaganem
28-chambre_agriculture-01,Chambre d'Agriculture de M'sila,Chambre d'Agriculture de M'sila,الغرفة الفلاحية لولاية المسيلة,28,,,35.71,4.5472,approximate,wilaya_centroid,madr,chambre_agriculture,Chambre d'Agriculture,الغرفة الفلاحية,public,,حي الإدارية,035338390,035551575,chambre-d-agriculture-de-m-sila
28-conservation_forets-01,Conservation des Forêts de M'sila,Conservation des Forêts de M'sila,محافظة الغابات المسيلة,28,,,35.71,4.5472,approximate,wilaya_centroid,madr,conservation_forets,Conservation des Forêts,محافظة الغابات,public,,طريق مسيلة 28000,035336192,,conservation-des-forets-de-m-sila
28-dsa-01,Direction des Services Agricoles de M'sila,Direction des Services Agricoles de M'sila,مديرية المصالح الفلاحية لولاية المسيلة,28,,,35.71,4.5472,approximate,wilaya_centroid,madr,dsa,Direction des Services Agricoles,مديرية المصالح الفلاحية,public,,الحي الإداري 28000,035350669,035550014,direction-des-services-agricoles-de-m-sila
29-chambre_agriculture-01,Chambre d'Agriculture de Mascara,Chambre d'Agriculture de Mascara,الغرفة الفلاحية لولاية معسكر,29,,,35.4,0.133333,approximate,wilaya_centroid,madr,chambre_agriculture,Chambre d'Agriculture,الغرفة الفلاحية,public,,شارع مرزوق عمر ساحة فلسطين,045715991,045715933,chambre-d-agriculture-de-mascara
29-conservation_forets-01,Conservation des Forêts de Mascara,Conservation des Forêts de Mascara,محافظة الغابات معسكر,29,2901,Mascara,35.4,0.133333,approximate,commune_centroid,madr,conservation_forets,Conservation des Forêts,محافظة الغابات,public,,طريق المجاهد المتوفي أحمد خثير بلمختار 29000، معسكر,045718834,045719238,conservation-des-forets-de-mascara
29-dsa-01,Direction des Services Agricoles de Mascara,Direction des Services Agricoles de Mascara,مديرية المصالح الفلاحية لولاية معسكر,29,2901,Mascara,35.4,0.133333,approximate,commune_centroid,madr,dsa,Direction des Services Agricoles,مديرية المصالح الفلاحية,public,,طريق سيدي سحنون الراسدية طريق تيارت، 29000 معسكر,045711850,045711853,direction-des-services-agricoles-de-mascara
30-centre_formation-01,مركز التكوين و الإرشاد الفلاحي تقرت,,مركز التكوين و الإرشاد الفلاحي تقرت,30,,,31.95,5.3167,approximate,wilaya_centroid,madr,centre_formation,Institut et centre de formation,معهد ومركز التكوين,public,CFVA Touggourt,,029693174,,cfva-touggourt
30-chambre_agriculture-01,Chambre d'Agriculture de Ouargla,Chambre d'Agriculture de Ouargla,الغرفة الفلاحية لولاية ورقلة,30,,,31.95,5.3167,approximate,wilaya_centroid,madr,chambre_agriculture,Chambre d'Agriculture,الغرفة الفلاحية,public,,,029712906,029712906,chambre-d-agriculture-de-ouargla
30-conservation_forets-01,Conservation des Forêts de Ouargla,Conservation des Forêts de Ouargla,محافظة الغابات ورقلة,30,3001,Ouargla,31.95,5.3167,approximate,commune_centroid,madr,conservation_forets,Conservation des Forêts,محافظة الغابات,public,,منطقة النشاطاتن 30000، ورقلة,029713942,029713005,conservation-des-forets-de-ouargla
30-dsa-01,Direction des Services Agricoles de Ouargla,Direction des Services Agricoles de Ouargla,مديرية المصالح الفلاحية لولاية ورقلة,30,,,31.95,5.3167,approximate,wilaya_centroid,madr,dsa,Direction des Services Agricoles,مديرية المصالح الفلاحية,public,,نهج القدس،30000،ورقلة,029712274,029713730,direction-des-services-agricoles-de-ouargla
30-institut_recherche-01,محافظة تنمية الزراعة بالمناطق الصحراوية,,محافظة تنمية الزراعة بالمناطق الصحراوية,30,,,31.95,5.3167,approximate,wilaya_centroid,madr,institut_recherche,Institut technique et de recherche scientifique,معهد تقني ومركز بحث علمي,public,CDARS,,029713039,029713689,cdars
31-chambre_agriculture-01,Chambre d'Agriculture de Oran,Chambre d'Agriculture de Oran,الغرفة الفلاحية لولاية وهران,31,3123,Messerghin,35.6455611,-0.7722974,approximate,commune_centroid,madr,chambre_agriculture,Chambre d'Agriculture,الغرفة الفلاحية,public,,شارع محطة مسرغين,040238283,040914541,chambre-d-agriculture-de-oran
31-conservation_forets-01,Conservation des Forêts de Oran,Conservation des Forêts de Oran,محافظة الغابات وهران,31,3101,Oran,35.70833333,-0.6331,approximate,commune_centroid,madr,conservation_forets,Conservation des Forêts,محافظة الغابات,public,,طريق فرانج مارتان، كنستال، وهران,041622062,041622063,conservation-des-forets-de-oran
31-dsa-01,Direction des Services Agricoles de Oran,Direction des Services Agricoles de Oran,مديرية المصالح الفلاحية لولاية وهران,31,3101,Oran,35.70833333,-0.6331,approximate,commune_centroid,madr,dsa,Direction des Services Agricoles,مديرية المصالح الفلاحية,public,,02، الاستاذ عابد محمد، بلاطو، وهران,041301011,041301031,direction-des-services-agricoles-de-oran
31-groupe_public-01,مجمع تثمين الانتاج الفلاحي,,مجمع تثمين الانتاج الفلاحي,31,3105,Es Senia,35.6478,-0.6241804,approximate,commune_centroid,madr,groupe_public,Complexe / Groupe public,مجمع عمومي,public,Filiale SAO,شارع شهداء الثورة المنطقة الصناعية السانية,041513783,041513783,filiale-sao
32-chambre_agriculture-01,Chambre d'Agriculture de El Bayadh,Chambre d'Agriculture de El Bayadh,الغرفة الفلاحية لولاية البيض,32,,,33.7216667,1.020278,approximate,wilaya_centroid,madr,chambre_agriculture,Chambre d'Agriculture,الغرفة الفلاحية,public,,المدباحة المقر السابق,049609824,049609823,chambre-d-agriculture-de-el-bayadh
32-conservation_forets-01,Conservation des Forêts de El Bayadh,Conservation des Forêts de El Bayadh,محافظة الغابات البيض,32,3201,El Bayadh,33.7216667,1.020278,approximate,commune_centroid,madr,conservation_forets,Conservation des Forêts,محافظة الغابات,public,,"الحي الإداري ص,ب رقم 127 البيض",049613981,049613982,conservation-des-forets-de-el-bayadh
32-dsa-01,Direction des Services Agricoles de El Bayadh,Direction des Services Agricoles de El Bayadh,مديرية المصالح الفلاحية لولاية البيض,32,3201,El Bayadh,33.7216667,1.020278,approximate,commune_centroid,madr,dsa,Direction des Services Agricoles,مديرية المصالح الفلاحية,public,,وسط المدينة 32000، البيض,049611395,049611419,direction-des-services-agricoles-de-el-bayadh
33-chambre_agriculture-01,Chambre d'Agriculture de Illizi,Chambre d'Agriculture de Illizi,الغرفة الفلاحية لولاية إليزي,33,,,26.483333,8.483333333,approximate,wilaya_centroid,madr,chambre_agriculture,Chambre d'Agriculture,الغرفة الفلاحية,public,,62شارع مصطفى بن بولعيد وسط المدينة,029411537,029411537,chambre-d-agriculture-de-illizi
33-conservation_forets-01,Conservation des Forêts de Illizi,Conservation des Forêts de Illizi,محافظة الغابات إليزي,33,,,26.483333,8.483333333,approximate,wilaya_centroid,madr,conservation_forets,Conservation des Forêts,محافظة الغابات,public,,الحي الإداري، إليزي,029422087,029404024,conservation-des-forets-de-illizi
33-dsa-01,Direction des Services Agricoles de Illizi,Direction des Services Agricoles de Illizi,مديرية المصالح الفلاحية لولاية إليزي,33,,,26.483333,8.483333333,approximate,wilaya_centroid,madr,dsa,Direction des Services Agricoles,مديرية المصالح الفلاحية,public,,طريق مصطفي بن بولعيد، وسط المدينة، 33000 إليزي,029402861,029402860,direction-des-services-agricoles-de-illizi
34-chambre_agriculture-01,Chambre d'Agriculture de Bordj Bou Arreridj,Chambre d'Agriculture de Bordj Bou Arreridj,الغرفة الفلاحية لولاية برج بوعريريج,34,,,36.0704188,4.766667,approximate,wilaya_centroid,madr,chambre_agriculture,Chambre d'Agriculture,الغرفة الفلاحية,public,,شارع مباركية سعيد,035748120,035748345,chambre-d-agriculture-de-bordj-bou-arreridj
34-conservation_forets-01,Conservation des Forêts de Bordj Bou Arreridj,Conservation des Forêts de Bordj Bou Arreridj,محافظة الغابات برج بوعريريج,34,,,36.0704188,4.766667,approximate,wilaya_centroid,madr,conservation_forets,Conservation des Forêts,محافظة الغابات,public,,17 طريق رماش عيسى الحدائق برج بوعريريج,035733098,035733100,conservation-des-forets-de-bordj-bou-arreridj
34-dsa-01,Direction des Services Agricoles de Bordj Bou Arreridj,Direction des Services Agricoles de Bordj Bou Arreridj,مديرية المصالح الفلاحية لولاية برج بوعريريج,34,,,36.0704188,4.766667,approximate,wilaya_centroid,madr,dsa,Direction des Services Agricoles,مديرية المصالح الفلاحية,public,,شارع هواري بومدينن برج بوعريريج,035733134,035733130,direction-des-services-agricoles-de-bordj-bou-arreridj
35-chambre_agriculture-01,Chambre d'Agriculture de Boumerdès,Chambre d'Agriculture de Boumerdès,الغرفة الفلاحية لولاية بومرداس,35,,,36.766,3.477,approximate,wilaya_centroid,madr,chambre_agriculture,Chambre d'Agriculture,الغرفة الفلاحية,public,,عمارة11ديسمبر عمارة AGF بناية ANDI الطابق الاول BMR,024914758,024799826,chambre-d-agriculture-de-boumerdes
35-conservation_forets-01,Conservation des Forêts de Boumerdès,Conservation des Forêts de Boumerdès,محافظة الغابات بومرداس,35,3501,Boumerdes,36.766,3.477,approximate,commune_centroid,madr,conservation_forets,Conservation des Forêts,محافظة الغابات,public,,حي إبن خلدون 1200 مسكن بومرداس,024791342,024811570,conservation-des-forets-de-boumerdes
35-dsa-01,Direction des Services Agricoles de Boumerdès,Direction des Services Agricoles de Boumerdès,مديرية المصالح الفلاحية لولاية بومرداس,35,3501,Boumerdes,36.766,3.477,approximate,commune_centroid,madr,dsa,Direction des Services Agricoles,مديرية المصالح الفلاحية,public,,المقر الجديدالكائن بحي البرتقال 35000 بومرداس,024795014,024795014,direction-des-services-agricoles-de-boumerdes
36-chambre_agriculture-01,Chambre d'Agriculture de El Tarf,Chambre d'Agriculture de El Tarf,الغرفة الفلاحية لولاية الطارف,36,,,36.7667186,8.317,approximate,wilaya_centroid,madr,chambre_agriculture,Chambre d'Agriculture,الغرفة الفلاحية,public,,ساحة 20اوت 56,038300182,038300182,chambre-d-agriculture-de-el-tarf
36-conservation_forets-01,Conservation des Forêts de El Tarf,Conservation des Forêts de El Tarf,محافظة الغابات الطارف,36,3601,El Tarf,36.7667186,8.317,approximate,commune_centroid,madr,conservation_forets,Conservation des Forêts,محافظة الغابات,public,,الحي الإداري الجديد، طريق الزيتونة، الطارف,046551119,046551119,conservation-des-forets-de-el-tarf
36-dsa-01,Direction des Services Agricoles de El Tarf,Direction des Services Agricoles de El Tarf,مديرية المصالح الفلاحية لولاية الطارف,36,3601,El Tarf,36.7667186,8.317,approximate,commune_centroid,madr,dsa,Direction des Services Agricoles,مديرية المصالح الفلاحية,public,,حي بوحجر، الطارف,038601614,038601613,direction-des-services-agricoles-de-el-tarf
37-chambre_agriculture-01,Chambre d'Agriculture de Tindouf,Chambre d'Agriculture de Tindouf,الغرفة الفلاحية لولاية تندوف,37,3701,Tindouf,27.670556,-8.12724,approximate,commune_centroid,madr,chambre_agriculture,Chambre d'Agriculture,الغرفة الفلاحية,public,,حي حاسيل عبد الله لطفي تندوف,049387198,,chambre-d-agriculture-de-tindouf
37-conservation_forets-01,Conservation des Forêts de Tindouf,Conservation des Forêts de Tindouf,محافظة الغابات تندوف,37,3701,Tindouf,27.670556,-8.12724,approximate,commune_centroid,madr,conservation_forets,Conservation des Forêts,محافظة الغابات,public,,"ص,ب رقم 501 تندوف",049379292,049379251,conservation-des-forets-de-tindouf
37-dsa-01,Direction des Services Agricoles de Tindouf,Direction des Services Agricoles de Tindouf,مديرية المصالح الفلاحية لولاية تندوف,37,,,27.670556,-8.12724,approximate,wilaya_centroid,madr,dsa,Direction des Services Agricoles,مديرية المصالح الفلاحية,public,,طريق الثورة، حي قصابي، تندوف، 37000,049922029,049376756,direction-des-services-agricoles-de-tindouf
38-chambre_agriculture-01,Chambre d'Agriculture de Tissemsilt,Chambre d'Agriculture de Tissemsilt,الغرفة الفلاحية لولاية تيسمسيلت,38,3801,Tissemsilt,35.60722,1.8108,approximate,commune_centroid,madr,chambre_agriculture,Chambre d'Agriculture,الغرفة الفلاحية,public,,شارع اول نوفمبر تيسمسيلت,046476918,046574558,chambre-d-agriculture-de-tissemsilt
38-conservation_forets-01,Conservation des Forêts de Tissemsilt,Conservation des Forêts de Tissemsilt,محافظة الغابات تيسمسيلت,38,3801,Tissemsilt,35.60722,1.8108,approximate,commune_centroid,madr,conservation_forets,Conservation des Forêts,محافظة الغابات,public,,طريق سيدي خليفة، تيسمسيلت,038601023,038601873,conservation-des-forets-de-tissemsilt
38-dsa-01,Direction des Services Agricoles de Tissemsilt,Direction des Services Agricoles de Tissemsilt,مديرية المصالح الفلاحية لولاية تيسمسيلت,38,3801,Tissemsilt,35.60722,1.8108,approximate,commune_centroid,madr,dsa,Direction des Services Agricoles,مديرية المصالح الفلاحية,public,,حي عين البرج، تيسمسيلت,046477970,046567209,direction-des-services-agricoles-de-tissemsilt
39-chambre_agriculture-01,Chambre d'Agriculture de El Oued,Chambre d'Agriculture de El Oued,الغرفة الفلاحية لولاية الوادي,39,,,33.36111111,6.8605556,approximate,wilaya_centroid,madr,chambre_agriculture,Chambre d'Agriculture,الغرفة الفلاحية,public,,حي طوبة الاصنام قرب قصر العدالة,032115620,032115636,chambre-d-agriculture-de-el-oued
39-conservation_forets-01,Conservation des Forêts de El Oued,Conservation des Forêts de El Oued,محافظة الغابات الوادي,39,3901,El-Oued,33.36111111,6.8605556,approximate,commune_centroid,madr,conservation_forets,Conservation des Forêts,محافظة الغابات,public,,"ص,ب رقم 127، الوادي",032139431,032139430,conservation-des-forets-de-el-oued
39-dsa-01,Direction des Services Agricoles de El Oued,Direction des Services Agricoles de El Oued,مديرية المصالح الفلاحية لولاية الوادي,39,3901,El-Oued,33.36111111,6.8605556,approximate,commune_centroid,madr,dsa,Direction des Services Agricoles,مديرية المصالح الفلاحية,public,,طريق محمد خميستي الوادي,032140083,032140080,direction-des-services-agricoles-de-el-oued
40-chambre_agriculture-01,Chambre d'Agriculture de Khenchela,Chambre d'Agriculture de Khenchela,الغرفة الفلاحية لولاية خنشلة,40,4013,Babar,35.1691777,7.104722,approximate,commune_centroid,madr,chambre_agriculture,Chambre d'Agriculture,الغرفة الفلاحية,public,,طريق بابار 40000 خنشلة,032324430,032324430,chambre-d-agriculture-de-khenchela
40-conservation_forets-01,Conservation des Forêts de Khenchela,Conservation des Forêts de Khenchela,محافظة الغابات خنشلة,40,4001,Khenchela,35.4358,7.1433,approximate,commune_centroid,madr,conservation_forets,Conservation des Forêts,محافظة الغابات,public,,وادي عبد الله بن أحمد خلاف، خنشلة,032746858,032746745,conservation-des-forets-de-khenchela
40-dsa-01,Direction des Services Agricoles de Khenchela,Direction des Services Agricoles de Khenchela,مديرية المصالح الفلاحية لولاية خنشلة,40,4001,Khenchela,35.4358,7.1433,approximate,commune_centroid,madr,dsa,Direction des Services Agricoles,مديرية المصالح الفلاحية,public,,خنشلة 40000,032746713,032746853,direction-des-services-agricoles-de-khenchela
41-chambre_agriculture-01,Chambre d'Agriculture de Souk Ahras,Chambre d'Agriculture de Souk Ahras,الغرفة الفلاحية لولاية سوق أهراس,41,,,36.286389,7.950833333,approximate,wilaya_centroid,madr,chambre_agriculture,Chambre d'Agriculture,الغرفة الفلاحية,public,,حي 100 مكتب وسط المدينة,037310901,037710015,chambre-d-agriculture-de-souk-ahras
41-conservation_forets-01,Conservation des Forêts de Souk Ahras,Conservation des Forêts de Souk Ahras,محافظة الغابات سوق أهراس,41,4101,Souk Ahras,36.286389,7.950833333,approximate,commune_centroid,madr,conservation_forets,Conservation des Forêts,محافظة الغابات,public,,حي قطار الزايدي باولو 01، سوق أهراس,037751189,037751185,conservation-des-forets-de-souk-ahras
41-dsa-01,Direction des Services Agricoles de Souk Ahras,Direction des Services Agricoles de Souk Ahras,مديرية المصالح الفلاحية لولاية سوق أهراس,41,,,36.286389,7.950833333,approximate,wilaya_centroid,madr,dsa,Direction des Services Agricoles,مديرية المصالح الفلاحية,public,,حي، 08 مكاتب، وسط المدينة، 41000,037754090,037754092,direction-des-services-agricoles-de-souk-ahras
42-chambre_agriculture-01,Chambre d'Agriculture de Tipaza,Chambre d'Agriculture de Tipaza,الغرفة الفلاحية لولاية تيبازة,42,4201,Tipaza,36.591944,2.443,approximate,commune_centroid,madr,chambre_agriculture,Chambre d'Agriculture,الغرفة الفلاحية,public,,الطريق الوطني رقم 11 تقرت دائرة بوسماعيل تيبازة,024409292,024479358,chambre-d-agriculture-de-tipaza
42-conservation_forets-01,Conservation des Forêts de Tipaza,Conservation des Forêts de Tipaza,محافظة الغابات تيبازة,42,4201,Tipaza,36.591944,2.443,approximate,commune_centroid,madr,conservation_forets,Conservation des Forêts,محافظة الغابات,public,,الحي الإداري الجديد، تيبازة,024376286,024376285,conservation-des-forets-de-tipaza
42-dsa-01,Direction des Services Agricoles de Tipaza,Direction des Services Agricoles de Tipaza,مديرية المصالح الفلاحية لولاية تيبازة,42,4215,Nador,36.569722,2.3123031,approximate,commune_centroid,madr,dsa,Direction des Services Agricoles,مديرية المصالح الفلاحية,public,,حي 50 مسكن، 42038، الناظور,024476933,024376981,direction-des-services-agricoles-de-tipaza
43-chambre_agriculture-01,Chambre d'Agriculture de Mila,Chambre d'Agriculture de Mila,الغرفة الفلاحية لولاية ميلة,43,,,36.4503,6.2644,approximate,wilaya_centroid,madr,chambre_agriculture,Chambre d'Agriculture,الغرفة الفلاحية,public,,طريق زغيا منطقة نشاط,031473221,031473222,chambre-d-agriculture-de-mila
43-conservation_forets-01,Conservation des Forêts de Mila,Conservation des Forêts de Mila,محافظة الغابات ميلة,43,4301,Mila,36.4503,6.2644,approximate,commune_centroid,madr,conservation_forets,Conservation des Forêts,محافظة الغابات,public,,طريق المحطة، حي 500 مسكن 43000، ميلة,031473944,031473945,conservation-des-forets-de-mila
43-dsa-01,Direction des Services Agricoles de Mila,Direction des Services Agricoles de Mila,مديرية المصالح الفلاحية لولاية ميلة,43,4301,Mila,36.4503,6.2644,approximate,commune_centroid,madr,dsa,Direction des Services Agricoles,مديرية المصالح الفلاحية,public,,طريق بن كربة لخضر، 43000، ميلة,031480233,031480235,direction-des-services-agricoles-de-mila
44-chambre_agriculture-01,Chambre d'Agriculture de Aïn Defla,Chambre d'Agriculture de Aïn Defla,الغرفة الفلاحية لولاية عين الدفلى,44,,,36.2652,1.9703,approximate,wilaya_centroid,madr,chambre_agriculture,Chambre d'Agriculture,الغرفة الفلاحية,public,,حي 160 مسكن مناد حاج قدور رقم 65,027503067,027503076,chambre-d-agriculture-de-ain-defla
44-conservation_forets-01,Conservation des Forêts de Aïn Defla,Conservation des Forêts de Aïn Defla,محافظة الغابات عين الدفلى,44,,,36.2652,1.9703,approximate,wilaya_centroid,madr,conservation_forets,Conservation des Forêts,محافظة الغابات,public,,شارع 18 فيفري عين الدفلة,027505338,028505339,conservation-des-forets-de-ain-defla
44-dsa-01,Direction des Services Agricoles de Aïn Defla,Direction des Services Agricoles de Aïn Defla,مديرية المصالح الفلاحية لولاية عين الدفلى,44,4401,Ain-Defla,36.2652,1.9703,approximate,commune_centroid,madr,dsa,Direction des Services Agricoles,مديرية المصالح الفلاحية,public,,شارع 19 مارس عين الدفلى,027504532,027504534,direction-des-services-agricoles-de-ain-defla
45-chambre_agriculture-01,Chambre d'Agriculture de Naâma,Chambre d'Agriculture de Naâma,الغرفة الفلاحية لولاية النعامة,45,,,33.2667,-0.3167,approximate,wilaya_centroid,madr,chambre_agriculture,Chambre d'Agriculture,الغرفة الفلاحية,public,,المنطقة الصناعية مشرية صندوق البريد 270 45100مشرية,049787533,049587408,chambre-d-agriculture-de-naama
45-conservation_forets-01,Conservation des Forêts de Naâma,Conservation des Forêts de Naâma,محافظة الغابات النعامة,45,4501,Naama,33.2667,-0.3167,approximate,commune_centroid,madr,conservation_forets,Conservation des Forêts,محافظة الغابات,public,,"المقر الجديد، بجانب المستشفى ص,ب 65، النعامة",049593369,049593310,conservation-des-forets-de-naama
45-dsa-01,Direction des Services Agricoles de Naâma,Direction des Services Agricoles de Naâma,مديرية المصالح الفلاحية لولاية النعامة,45,4501,Naama,33.2667,-0.3167,approximate,commune_centroid,madr,dsa,Direction des Services Agricoles,مديرية المصالح الفلاحية,public,,حي 164 مسكن، 45000، النعامة,049595294,049595327,direction-des-services-agricoles-de-naama
46-centre_formation-01,المعهد التكنولوجي الفلاحي المتخصص عين تيموشنت,,المعهد التكنولوجي الفلاحي المتخصص عين تيموشنت,46,,,35.297,-1.133333,approximate,wilaya_centroid,madr,centre_formation,Institut et centre de formation,معهد ومركز التكوين,public,ITMAS Ain Temouchent,,043798366,,itmas-ain-temouchent
46-chambre_agriculture-01,Chambre d'Agriculture de Aïn Témouchent,Chambre d'Agriculture de Aïn Témouchent,الغرفة الفلاحية لولاية عين تموشنت,46,4601,Ain Temouchent,35.297,-1.133333,approximate,commune_centroid,madr,chambre_agriculture,Chambre d'Agriculture,الغرفة الفلاحية,public,,حي العقيد عثمان كاستورز عين تموشنت,043796800,043791852,chambre-d-agriculture-de-ain-temouchent
46-conservation_forets-01,Conservation des Forêts de Aïn Témouchent,Conservation des Forêts de Aïn Témouchent,محافظة الغابات عين تموشنت,46,,,35.297,-1.133333,approximate,wilaya_centroid,madr,conservation_forets,Conservation des Forêts,محافظة الغابات,public,,طريق شعبة اللحم، عين تيموشنت,043783243,043783242,conservation-des-forets-de-ain-temouchent
46-dsa-01,Direction des Services Agricoles de Aïn Témouchent,Direction des Services Agricoles de Aïn Témouchent,مديرية المصالح الفلاحية لولاية عين تموشنت,46,,,35.297,-1.133333,approximate,wilaya_centroid,madr,dsa,Direction des Services Agricoles,مديرية المصالح الفلاحية,public,,حي زيتون 46000 عين تيموشنت,043779801,043779799,direction-des-services-agricoles-de-ain-temouchent
47-chambre_agriculture-01,Chambre d'Agriculture de Ghardaïa,Chambre d'Agriculture de Ghardaïa,الغرفة الفلاحية لولاية غرداية,47,4701,Ghardaia,32.4833,3.6667,approximate,commune_centroid,madr,chambre_agriculture,Chambre d'Agriculture,الغرفة الفلاحية,public,,الرقم البريدي 117 سيدي عباز غرداية,029255059,029255599,chambre-d-agriculture-de-ghardaia
47-conservation_forets-01,Conservation des Forêts de Ghardaïa,Conservation des Forêts de Ghardaïa,محافظة الغابات غرداية,47,4701,Ghardaia,32.4833,3.6667,approximate,commune_centroid,madr,conservation_forets,Conservation des Forêts,محافظة الغابات,public,,غرداية، غرداية,029258122,029258123,conservation-des-forets-de-ghardaia
47-dsa-01,Direction des Services Agricoles de Ghardaïa,Direction des Services Agricoles de Ghardaïa,مديرية المصالح الفلاحية لولاية غرداية,47,,,32.4833,3.6667,approximate,wilaya_centroid,madr,dsa,Direction des Services Agricoles,مديرية المصالح الفلاحية,public,,40 حي الأمير عبد القادر,029285099,029295411,direction-des-services-agricoles-de-ghardaia
48-chambre_agriculture-01,Chambre d'Agriculture de Relizane,Chambre d'Agriculture de Relizane,الغرفة الفلاحية لولاية غليزان,48,,,35.7333,0.5588787,approximate,wilaya_centroid,madr,chambre_agriculture,Chambre d'Agriculture,الغرفة الفلاحية,public,,07حي فيغول علام,046766003,046766004,chambre-d-agriculture-de-relizane
48-conservation_forets-01,Conservation des Forêts de Relizane,Conservation des Forêts de Relizane,محافظة الغابات غليزان,48,,,35.7333,0.5588787,approximate,wilaya_centroid,madr,conservation_forets,Conservation des Forêts,محافظة الغابات,public,,حي الوافي،,046725015,046725016,conservation-des-forets-de-relizane
48-dsa-01,Direction des Services Agricoles de Relizane,Direction des Services Agricoles de Relizane,مديرية المصالح الفلاحية لولاية غليزان,48,4801,Relizane,35.7333,0.5588787,approximate,commune_centroid,madr,dsa,Direction des Services Agricoles,مديرية المصالح الفلاحية,public,,حي 24 مسكن دلاس، غليزان,046716388,046716379,direction-des-services-agricoles-de-relizane
49-dsa-01,Direction des Services Agricoles de Timimoun,Direction des Services Agricoles de Timimoun,مديرية المصالح الفلاحية لولاية تيميمون,49,0109,Timimoun,29.25,0.2285923,approximate,commune_centroid,madr,dsa,Direction des Services Agricoles,مديرية المصالح الفلاحية,public,,شارع عبد القادر الزيادي تيميمون,049305106,049305106,direction-des-services-agricoles-de-timimoun
50-dsa-01,Direction des Services Agricoles de Bordj Badji Mokhtar,Direction des Services Agricoles de Bordj Badji Mokhtar,مديرية المصالح الفلاحية لولاية برج باجي مختار,50,,,21.3292442,0.954167,approximate,wilaya_centroid,madr,dsa,Direction des Services Agricoles,مديرية المصالح الفلاحية,public,,الحي الوظيفي,049322629,049322629,direction-des-services-agricoles-de-bordj-badji-mokhtar
51-dsa-01,Direction des Services Agricoles de Ouled Djellal,Direction des Services Agricoles de Ouled Djellal,مديرية المصالح الفلاحية لولاية أولاد جلال,51,,,34.4254103,5.0644342,approximate,wilaya_centroid,madr,dsa,Direction des Services Agricoles,مديرية المصالح الفلاحية,public,,الحي الاداري الجديد,033660143,033660145,direction-des-services-agricoles-de-ouled-djellal
52-dsa-01,Direction des Services Agricoles de Béni Abbès,Direction des Services Agricoles de Béni Abbès,مديرية المصالح الفلاحية لولاية بني عباس,52,0807,Beni-Abbes,30.08,-2.17,approximate,commune_centroid,madr,dsa,Direction des Services Agricoles,مديرية المصالح الفلاحية,public,,المجمع الاداري لولاية بني عباس,049286205,049286206,direction-des-services-agricoles-de-beni-abbes
53-dsa-01,Direction des Services Agricoles de In Salah,Direction des Services Agricoles de In Salah,مديرية المصالح الفلاحية لولاية عين صالح,53,,,27.2,2.511111,approximate,wilaya_centroid,madr,dsa,Direction des Services Agricoles,مديرية المصالح الفلاحية,public,,وسط مدينة إن صالح,029366501,029366501,direction-des-services-agricoles-de-in-salah
54-dsa-01,Direction des Services Agricoles de In Guezzam,Direction des Services Agricoles de In Guezzam,مديرية المصالح الفلاحية لولاية عين قزام,54,,,19.5696707,5.76806,approximate,wilaya_centroid,madr,dsa,Direction des Services Agricoles,مديرية المصالح الفلاحية,public,,وسط مدينة إن قزام,029354460,029354460,direction-des-services-agricoles-de-in-guezzam
55-dsa-01,Direction des Services Agricoles de Touggourt,Direction des Services Agricoles de Touggourt,مديرية المصالح الفلاحية لولاية توقرت,55,,,33.1,6.05796,approximate,wilaya_centroid,madr,dsa,Direction des Services Agricoles,مديرية المصالح الفلاحية,public,,الحي الاداري المستقبل توقرت,044698681,044698680,direction-des-services-agricoles-de-touggourt
56-dsa-01,Direction des Services Agricoles de Djanet,Direction des Services Agricoles de Djanet,مديرية المصالح الفلاحية لولاية جانت,56,3302,Djanet,24.55270656,9.4841939,approximate,commune_centroid,madr,dsa,Direction des Services Agricoles,مديرية المصالح الفلاحية,public,,حي الزلوز جانت,029487154,029487154,direction-des-services-agricoles-de-djanet
57-dsa-01,Direction des Services Agricoles de El M'Ghair,Direction des Services Agricoles de El M'Ghair,مديرية المصالح الفلاحية لولاية المغير,57,,,34.19111111,5.9293,approximate,wilaya_centroid,madr,dsa,Direction des Services Agricoles,مديرية المصالح الفلاحية,public,,الحي الإداري أول نوفمبر,047420560,047420562,direction-des-services-agricoles-de-el-m-ghair
58-dsa-01,Direction des Services Agricoles de El Meniaa,Direction des Services Agricoles de El Meniaa,مديرية المصالح الفلاحية لولاية المنيعة,58,5801,El Meniaa,30.57556,2.885833333,approximate,commune_centroid,madr,dsa,Direction des Services Agricoles,مديرية المصالح الفلاحية,public,,الحي الاداري بلباشير المنيعة,044441477,044441293,direction-des-services-agricoles-de-el-meniaa
